{
  "dice": 0.7342063461269256,
  "hd95_mean": 15.890294075012207,
  "hd95_median": 6.909363269805908,
  "hd95_count": 693,
  "fpr": 0.3694874851013111,
  "fnr": 0.02531645569620253
}