{
  "dice": 0.7342063461269256,
  "hd95_mean": 16.290542602539062,
  "hd95_median": 7.071067810058594,
  "hd95_count": 695,
  "fpr": 0.3957091775923719,
  "fnr": 0.02250351617440225,
  "selected_threshold": 0.5
}