{
  "thresholds": [
    0.5,
    0.55,
    0.6,
    0.65,
    0.7
  ],
  "val_dice_by_threshold": {
    "0.50": 0.776492455297143,
    "0.55": 0.7758510212284805,
    "0.60": 0.7751315875318798,
    "0.65": 0.7742477033586398,
    "0.70": 0.7734791288954498
  },
  "best_threshold": 0.5,
  "best_val_dice": 0.776492455297143
}