{
  "selected_threshold": 0.5,
  "dice": 0.7342063461269256,
  "hd95_median": 7.071067810058594,
  "fnr": 0.02250351617440225,
  "fpr": 0.3957091775923719
}