{
  "train_loss": [
    0.41299749352975657,
    0.29152376962880877,
    0.2668782999082975,
    0.256272932074072,
    0.2496394362594462,
    0.24127294639377664,
    0.23592746259831135,
    0.23072350622738022,
    0.2292199242348138,
    0.22328348771472564,
    0.22089009027342543,
    0.21542689116380284,
    0.21269043569864454,
    0.20943143743460393,
    0.20736721044994297,
    0.20352933111522606,
    0.20209427214860248,
    0.19890159749449043,
    0.19600864494927595,
    0.19599321103805362,
    0.1936839648049916,
    0.1934562471281767,
    0.18998187946969425,
    0.18760593765511283,
    0.1879846302571191,
    0.18672828800120495,
    0.1850159166725646,
    0.18399879890270898,
    0.17899403260955138,
    0.17973863005894442
  ],
  "train_dice": [
    0.6991467390127991,
    0.7493551154505247,
    0.7691877268339155,
    0.7774690807819942,
    0.7830540872451266,
    0.789577715687665,
    0.7944815215692355,
    0.7981919492855432,
    0.799665149892419,
    0.8046322901639532,
    0.806573818901593,
    0.8114074517474545,
    0.8136168555630072,
    0.8163231051549191,
    0.8179305993554009,
    0.8215962157829757,
    0.8224596849703648,
    0.8252408295397827,
    0.8277264900763249,
    0.8277655239596424,
    0.8298401538530615,
    0.8300165712625711,
    0.832617644098336,
    0.8352416974261233,
    0.8343570877193749,
    0.8355039204028856,
    0.8366339045048661,
    0.8378421020915142,
    0.8420511479936672,
    0.8413427052333459
  ],
  "train_fpr": [
    0.42461276111979535,
    0.3235753872388802,
    0.31860167685093077,
    0.30051150895140666,
    0.2952962910331107,
    0.2887183859050867,
    0.29245417081142533,
    0.29099175902244956,
    0.2796646298138411,
    0.30126474349865,
    0.30197527355407133,
    0.2930225948557624,
    0.29671735114395337,
    0.2825067500355265,
    0.2984226232769646,
    0.28634361233480177,
    0.27781725166974564,
    0.2816541139690209,
    0.3051016057979253,
    0.2934489128890152,
    0.288048884467813,
    0.27497513144806024,
    0.3014068495097343,
    0.284354128179622,
    0.3099332101747904,
    0.297569987210459,
    0.29089100468949836,
    0.2788119937473355,
    0.3085121500639477,
    0.3045331817535882
  ],
  "train_fnr": [
    0.03207160171545777,
    0.03561439492821182,
    0.02759649449934738,
    0.030958597538232,
    0.029834048107402575,
    0.022939201790376725,
    0.02573186649263472,
    0.023685192092502798,
    0.024426626887935857,
    0.021256759276524335,
    0.020697370874510537,
    0.018459817266455344,
    0.018273354465784077,
    0.0208838336751818,
    0.01752750326309901,
    0.01715457766175648,
    0.01771396606377028,
    0.016595189259742682,
    0.014917024053701287,
    0.016035800857728884,
    0.016408726459071415,
    0.01715457766175648,
    0.014171172851016222,
    0.016781652060413946,
    0.013611784449002424,
    0.016222263658400148,
    0.015476412455715086,
    0.016595189259742682,
    0.015103486854372553,
    0.013238858847659891
  ],
  "val_loss": [
    0.4405497683171373,
    0.3716178268602077,
    0.32507445544928965,
    0.3537558210782544,
    0.3494060778188227,
    0.35926725935925097,
    0.3188272673799826,
    0.29639441394892924,
    0.44459437502235394,
    0.34123367126079374,
    0.39547769475973,
    0.39516457701577756,
    0.3475681423107638,
    0.3315182961523533,
    0.2846355129278054,
    0.3381431967699832,
    0.34861546589782205,
    0.28940010213830175,
    0.31709409117916204,
    0.3069649346689456,
    0.271840938681016,
    0.30295677323737286,
    0.30987440261745103,
    0.30292402070260394,
    0.28526433807437435,
    0.2739018702294922,
    0.2810079775233991,
    0.3132237079152226,
    0.3098332838746753,
    0.3066864959623692
  ],
  "val_dice": [
    0.6463259094850208,
    0.7054423104604557,
    0.7382696848281108,
    0.7119340104757924,
    0.7153728737720173,
    0.7151243468841715,
    0.7435909663619351,
    0.7602438321948921,
    0.6559009282421456,
    0.7280542494443646,
    0.6831263307672347,
    0.6905779885712766,
    0.7188263563153735,
    0.7331196226913781,
    0.7692885520901993,
    0.7317065133862741,
    0.7251486790760754,
    0.7598734075706588,
    0.7516186050037398,
    0.756061376489862,
    0.7734172452757828,
    0.7654466557132936,
    0.7491969718876547,
    0.7603453924403574,
    0.7633473319511344,
    0.7763397308379194,
    0.776492455297143,
    0.7413909695118013,
    0.7592831960994831,
    0.753208538433061
  ],
  "val_fpr": [
    0.18265895953757225,
    0.1791907514450867,
    0.2589595375722543,
    0.2254335260115607,
    0.13988439306358383,
    0.24277456647398843,
    0.2069364161849711,
    0.24393063583815028,
    0.10751445086705202,
    0.19884393063583816,
    0.15260115606936417,
    0.11329479768786127,
    0.20578034682080926,
    0.15953757225433526,
    0.3086705202312139,
    0.1676300578034682,
    0.1861271676300578,
    0.14219653179190753,
    0.223121387283237,
    0.2751445086705202,
    0.25780346820809247,
    0.2774566473988439,
    0.17109826589595376,
    0.27398843930635836,
    0.15838150289017341,
    0.23930635838150288,
    0.33410404624277457,
    0.2774566473988439,
    0.2809248554913295,
    0.15838150289017341
  ],
  "val_fnr": [
    0.07153284671532846,
    0.07007299270072993,
    0.03941605839416058,
    0.042335766423357665,
    0.07591240875912408,
    0.0364963503649635,
    0.04525547445255475,
    0.033576642335766425,
    0.09343065693430656,
    0.040875912408759124,
    0.052554744525547446,
    0.06715328467153285,
    0.04817518248175182,
    0.040875912408759124,
    0.024817518248175182,
    0.051094890510948905,
    0.03795620437956204,
    0.051094890510948905,
    0.033576642335766425,
    0.030656934306569343,
    0.033576642335766425,
    0.032116788321167884,
    0.05547445255474453,
    0.0364963503649635,
    0.04525547445255475,
    0.0364963503649635,
    0.024817518248175182,
    0.052554744525547446,
    0.02335766423357664,
    0.06423357664233577
  ],
  "train_bce_loss": [
    0.05876367891497952,
    0.03539367790903565,
    0.031688415888006534,
    0.029630023747210375,
    0.028805271312252745,
    0.027312471570160618,
    0.026662364582777726,
    0.025522127803181447,
    0.025509897299009973,
    0.02452343097841244,
    0.02420729824607138,
    0.023627503465212647,
    0.02315097209921685,
    0.022655074068897857,
    0.02251971076157718,
    0.022215325285781868,
    0.021732857126956242,
    0.021456254649995052,
    0.020970513464601603,
    0.021012584856688096,
    0.020834570711769584,
    0.02091861389515936,
    0.020193246176019114,
    0.0201641502930978,
    0.01978839228083984,
    0.019929825732034882,
    0.019244517496894167,
    0.01935128252266586,
    0.0186501891979811,
    0.0187165175133527
  ],
  "val_bce_loss": [
    0.08135438925861958,
    0.07438285267753798,
    0.05966106046613197,
    0.06437688715370155,
    0.06365103593527809,
    0.07162162464946495,
    0.06179122119890458,
    0.05435186193977231,
    0.10103926795061481,
    0.0672272452359754,
    0.07986253736435306,
    0.0845944418831912,
    0.0667264590302421,
    0.06482164967851034,
    0.05200707056427062,
    0.06874874861440179,
    0.07285414467766256,
    0.04816605325866436,
    0.06743852179616446,
    0.06218396658409237,
    0.04428618486731035,
    0.06717075878060864,
    0.0585354850066649,
    0.060875355600325025,
    0.04871918641657052,
    0.04862169605929636,
    0.05581837402984677,
    0.05331262912457625,
    0.06888351710504736,
    0.05954458173347406
  ],