{
  "dice": 0.6957541337487839,
  "hd95_mean": 15.170165061950684,
  "hd95_median": 8.756200790405273,
  "hd95_count": 301,
  "fpr": 0.04824561403508772,
  "fnr": 0.05642633228840126
}