{
  "train_loss": [
    1.1146695853907473,
    0.9695745192763515,
    0.8845344499405787,
    0.8383252084405791,
    0.7693082180433045,
    0.7313624090451316,
    0.703430453624076,
    0.6592733946033421,
    0.6320305040820865,
    0.6099417907855861,
    0.5952379118429557,
    0.5571521973140535,
    0.5572218141984369,
    0.5233011718034165,
    0.5175796840312015,
    0.5021571448029604,
    0.4933247204282075,
    0.48132704914151353,
    0.476770752668938,
    0.4593052142783832,
    0.44918794752427177,
    0.4477038814971139,
    0.43943751209938625,
    0.42892112356952616,
    0.42060206273868206,
    0.4133446935728672,
    0.41230176429355186,
    0.4069241427590327,
    0.411244209299719,
    0.3992500579339308
  ],
  "train_dice": [
    0.6534436011785436,
    0.701278091462297,
    0.7155496960730704,
    0.7248150294973909,
    0.7377550616260065,
    0.7431780708284078,
    0.7493777931014144,
    0.7571039352885852,
    0.7642745304561556,
    0.7686658280616256,
    0.777092959025573,
    0.7756921087990606,
    0.7794632702261722,
    0.7883787283760259,
    0.7879741821870013,
    0.7901576155885113,
    0.792479474701422,
    0.7975789783870905,
    0.7979353457513748,
    0.798988778973047,
    0.8023780447670795,
    0.805569001514062,
    0.8091609210316468,
    0.8101237657742552,
    0.8144105567007677,
    0.8137711345356741,
    0.8169627971968099,
    0.8181006201998297,
    0.8172821357109007,
    0.8212332279549258
  ],
  "train_fpr": [
    0.4981294964028777,
    0.3658606793321819,
    0.3087769784172662,
    0.35184119677790565,
    0.3194244604316547,
    0.3289208633093525,
    0.3277697841726619,
    0.3096402877697842,
    0.307426597582038,
    0.3125179856115108,
    0.298705035971223,
    0.28575539568345326,
    0.28345323741007195,
    0.2711571675302245,
    0.2827963176064442,
    0.2763385146804836,
    0.2674150834772596,
    0.27913669064748203,
    0.2622337363270006,
    0.2671272308578008,
    0.2460431654676259,
    0.2665515256188831,
    0.2748992515831894,
    0.27288428324697755,
    0.24345323741007194,
    0.25273459988485897,
    0.25237410071942445,
    0.24805755395683454,
    0.2693525179856115,
    0.26014388489208634
  ],
  "train_fnr": [
    0.03890759446315002,
    0.04113687359760658,
    0.04040404040404041,
    0.03405688622754491,
    0.03666292555181444,
    0.031051253273475497,
    0.03367003367003367,
    0.036288814066591846,
    0.03702318623784592,
    0.03890759446315002,
    0.03254769921436588,
    0.03292181069958848,
    0.02955480733258511,
    0.029917726252804786,
    0.03592814371257485,
    0.0344053851907255,
    0.029917726252804786,
    0.02656191545080434,
    0.02468212415856395,
    0.028795811518324606,
    0.026187803965581742,
    0.025430067314884067,
    0.02356020942408377,
    0.02393418100224383,
    0.02843247287691732,
    0.02692595362752431,
    0.028058361391694726,
    0.023943135054246164,
    0.023943135054246164,
    0.022072577628133184
  ],
  "val_loss": [
    0.9957472491474095,
    0.6342941216709327,
    1.0703441363450719,
    0.5682641666306079,
    1.3435140205793017,
    0.5931670232252642,
    0.6689586060837217,
    0.656352145406158,
    0.569012052152863,
    1.0781696631062416,
    0.6583370723682415,
    0.7410570492317949,
    0.8501002098108666,
    0.591029555741643,
    0.713237297412587,
    0.5138104964386333,
    0.6106103487378342,
    0.4735187154011992,
    0.8102792826565829,
    0.6657613322706866,
    0.6960356309791464,
    0.6955848710278262,
    0.6192432888442121,
    0.4685462357536439,
    0.6160776595915517,
    0.8449701403767482,
    0.9175351021751281,
    0.6337386674720171,
    0.6609918108084335,
    0.6406398160366719
  ],
  "val_dice": [
    0.6801762424868223,
    0.6583859561218762,
    0.6841973720058319,
    0.7242825100597137,
    0.6229242815941988,
    0.7589242570102215,
    0.7613336310839374,
    0.7417965313731051,
    0.7573598232229521,
    0.6926198489854762,
    0.7491227416130455,
    0.7387935570454842,
    0.6945155674586199,
    0.7467798412370542,
    0.7565986888204589,
    0.7572642394458968,
    0.7587689547703937,
    0.7709102710146358,
    0.760863365578162,
    0.7742129628084972,
    0.7579713186735282,
    0.7764130272490144,
    0.7665078860442659,
    0.7591770725472232,
    0.7824994958445561,
    0.7354052938695702,
    0.7369591785141449,
    0.7608956438202488,
    0.7529350410808217,
    0.7590473508844671
  ],
  "val_fpr": [
    0.2926267281105991,
    0.4700460829493088,
    0.195852534562212,
    0.29723502304147464,
    0.2764976958525346,
    0.3387096774193548,
    0.1728110599078341,
    0.2695852534562212,
    0.27880184331797236,
    0.0944700460829493,
    0.25806451612903225,
    0.195852534562212,
    0.16129032258064516,
    0.2695852534562212,
    0.20276497695852536,
    0.3456221198156682,
    0.2857142857142857,
    0.2304147465437788,
    0.07834101382488479,
    0.17511520737327188,
    0.1336405529953917,
    0.2350230414746544,
    0.35023041474654376,
    0.3387096774193548,
    0.10368663594470046,
    0.1728110599078341,
    0.07834101382488479,
    0.17050691244239632,
    0.12903225806451613,
    0.31336405529953915
  ],
  "val_fnr": [
    0.020527859237536656,
    0.002932551319648094,
    0.05571847507331378,
    0.020527859237536656,
    0.14076246334310852,
    0.005865102639296188,
    0.02932551319648094,
    0.04985337243401759,
    0.01466275659824047,
    0.12609970674486803,
    0.05278592375366569,
    0.07624633431085044,
    0.093841642228739,
    0.026392961876832845,
    0.02346041055718475,
    0.008797653958944282,
    0.008797653958944282,
    0.008797653958944282,
    0.05278592375366569,
    0.04105571847507331,
    0.07624633431085044,
    0.05865102639296188,
    0.01466275659824047,
    0.002932551319648094,
    0.0469208211143695,
    0.08211143695014662,
    0.07624633431085044,
    0.07038123167155426,
    0.05865102639296188,
    0.026392961876832845
  ]
}