{
  "dice": 0.8029864079185894,
  "hd95_mean": 8.282190322875977,
  "hd95_median": 4.340176582336426,
  "hd95_count": 302,
  "fpr": 0.22269807280513917,
  "fnr": 0.01948051948051948
}