{
  "train_loss": [
    0.6519278527830582,
    0.4718436226136237,
    0.43765080747177015,
    0.4224577597787174,
    0.40379432134409055,
    0.3986679460979857,
    0.3930101549400474,
    0.3771156179987628,
    0.3642502892466988,
    0.3526469353431801,
    0.41235907596403737,
    0.4332125669520344,
    0.40025678338611653,
    0.40580511410682324,
    0.3811472958105748,
    0.37343147031265084,
    0.3757547185134213,
    0.3569762888760016,
    0.35247259639344125,
    0.3497633762241377,
    0.3466387008544722,
    0.34074830718088167,
    0.343404425426193,
    0.31850860393693986,
    0.31453043421981425,
    0.31869120454310246,
    0.3233949704192053,
    0.3088338853414325,
    0.31598582023683697,
    0.30223128333547206
  ],
  "train_dice": [
    0.6133216747794973,
    0.6803614244403978,
    0.7017230154233018,
    0.7119634404809947,
    0.7238231697234957,
    0.7258937598650678,
    0.7315167047515652,
    0.7409469256690493,
    0.7520457722409839,
    0.7611055685701903,
    0.732098057705366,
    0.7278710591774498,
    0.7460441957855447,
    0.7459422342518606,
    0.7550490083991693,
    0.7600395795523422,
    0.7580942445633195,
    0.7684370283422047,
    0.7700548027975942,
    0.7726360911769928,
    0.7740247649414285,
    0.7773547073711581,
    0.7765670123450318,
    0.7889789849400239,
    0.7921095434935759,
    0.7908372166132519,
    0.7887571526314429,
    0.7943310294078039,
    0.7931336841629323,
    0.7992143695154842
  ],
  "train_fpr": [
    0.32918903645097486,
    0.2526137326928511,
    0.22611644997173544,
    0.2000565131393049,
    0.21581920903954802,
    0.19700395703787452,
    0.1924816280384398,
    0.18479796552698502,
    0.18418079096045198,
    0.1851328434143584,
    0.13898305084745763,
    0.07657530375812377,
    0.07092398982763493,
    0.06272958462842611,
    0.06807909604519774,
    0.05677966101694915,
    0.05313736574335783,
    0.05566544221531506,
    0.05115884680610514,
    0.05566544221531506,
    0.04406779661016949,
    0.03871150042384854,
    0.04522328999434709,
    0.05285472018089316,
    0.05114439107092399,
    0.04409270774448841,
    0.03984176320994631,
    0.04887005649717514,
    0.03927663181689743,
    0.05285472018089316
  ],
  "train_fnr": [
    0.06002265005662514,
    0.03775009437523594,
    0.04188679245283019,
    0.03284258210645526,
    0.030589123867069485,
    0.03018867924528302,
    0.030943396226415093,
    0.035107587768969425,
    0.028700906344410877,
    0.023018867924528303,
    0.05173716012084592,
    0.07776519441298603,
    0.06530766326915817,
    0.07134767836919592,
    0.06533232628398791,
    0.06382175226586102,
    0.06716981132075471,
    0.05473763684409211,
    0.061886792452830186,
    0.06342015855039637,
    0.06608761329305136,
    0.06946017365043412,
    0.06452830188679246,
    0.05320754716981132,
    0.053227633069082674,
    0.05886792452830188,
    0.0660626651566629,
    0.05324773413897281,
    0.05738014345035863,
    0.04943396226415094
  ],
  "val_loss": [
    0.3722042069827214,
    0.6619413979647962,
    0.5635323040681429,
    0.4965769292821302,
    0.33757808717555643,
    0.32744573416381045,
    0.34238846564482633,
    0.32093329707886875,
    0.3465314060844856,
    0.33098837504020107,
    0.37001456553486994,
    0.46081689158232203,
    0.35681322584575936,
    0.35614255212978596,
    0.5220113074905992,
    0.35721478921507016,
    0.3910558469573762,
    0.3647218094422267,
    0.36448635101634563,
    0.3986561483350293,
    0.37583836988207514,
    0.6207497602116208,
    0.4870694010896455,
    0.38644448879226767,
    0.47717826392511475,
    0.3642084481545405,
    0.3529625588766144,
    0.42969269659221965,
    0.378333321893563,
    0.41655730695243853
  ],
  "val_dice": [
    0.7544500866524421,
    0.5531624427117131,
    0.6056312009178358,
    0.6626920470824609,
    0.7795232963360431,
    0.7906177112788199,
    0.774399362741636,
    0.7888879578076402,
    0.768598138673394,
    0.7878503705367486,
    0.7742518705145434,
    0.7163912234654951,
    0.773174898249322,
    0.7748248996929481,
    0.6825073720684735,
    0.7780605074541954,
    0.7628795152396675,
    0.7741726278290351,
    0.7748965875638416,
    0.7564291565898875,
    0.7687877735187267,
    0.6818229013001571,
    0.7290865602638741,
    0.7559514977729606,
    0.7130898239402303,
    0.7778565302263916,
    0.780331717759608,
    0.7435174853162994,
    0.7676172469475798,
    0.7393782962736147
  ],
  "val_fpr": [
    0.20603015075376885,
    0.20854271356783918,
    0.035175879396984924,
    0.07035175879396985,
    0.10050251256281408,
    0.11809045226130653,
    0.13819095477386933,
    0.12814070351758794,
    0.11809045226130653,
    0.032663316582914576,
    0.03015075376884422,
    0.02512562814070352,
    0.03015075376884422,
    0.03768844221105527,
    0.0,
    0.032663316582914576,
    0.04020100502512563,
    0.04020100502512563,
    0.035175879396984924,
    0.022613065326633167,
    0.02512562814070352,
    0.0,
    0.035175879396984924,
    0.03768844221105527,
    0.022613065326633167,
    0.02763819095477387,
    0.03015075376884422,
    0.020100502512562814,
    0.01256281407035176,
    0.017587939698492462
  ],
  "val_fnr": [
    0.0636604774535809,
    0.15649867374005305,
    0.13527851458885942,
    0.08753315649867374,
    0.058355437665782495,
    0.04509283819628647,
    0.04774535809018567,
    0.0610079575596817,
    0.0636604774535809,
    0.0636604774535809,
    0.08222811671087533,
    0.10610079575596817,
    0.08222811671087533,
    0.07161803713527852,
    0.15119363395225463,
    0.0636604774535809,
    0.08753315649867374,
    0.06896551724137931,
    0.08222811671087533,
    0.09549071618037135,
    0.09283819628647215,
    0.16710875331564987,
    0.08753315649867374,
    0.0610079575596817,
    0.09814323607427056,
    0.08753315649867374,
    0.07692307692307693,
    0.09549071618037135,
    0.09549071618037135,
    0.08222811671087533
  ]
}