{
  "train_loss": [
    0.4742059269536013,
    0.3631029316507604,
    0.3231727094473275,
    0.30736723377730985,
    0.2923694502403806,
    0.28422310644505205,
    0.27610808016056754,
    0.268327062953378,
    0.26040764369497793,
    0.2549883168259834,
    0.2502934339597983,
    0.24138977123889374,
    0.24034028532468005,
    0.23233466142316586,
    0.2701046734401116,
    0.279223157376724,
    0.26630858057758017,
    0.26267940651121335,
    0.2648560602571871,
    0.25665377838274595,
    0.25125658422404124,
    0.24751373183965192,
    0.2461321399186918,
    0.23817014854193302,
    0.2403936806940513,
    0.23606905839238398,
    0.23239422342467725,
    0.23157675351634777,
    0.22781889821015958,
    0.22597921844271626
  ],
  "train_dice": [
    0.6464211832968633,
    0.6934777024380774,
    0.7253387773086943,
    0.7385251105414296,
    0.7498800333541231,
    0.7562772144435735,
    0.7633599908146117,
    0.7684884729854151,
    0.7748303395542219,
    0.7790247287051096,
    0.782605748539396,
    0.7900238930337784,
    0.790833131534451,
    0.7975259418252855,
    0.773463943579431,
    0.7645216953586905,
    0.7748777560014948,
    0.7782276491343073,
    0.7739591414574534,
    0.7800133269431343,
    0.7841190293241387,
    0.7871509402802017,
    0.7882310540737016,
    0.7941366563494578,
    0.7921872273455841,
    0.7953258717039564,
    0.7978938123171296,
    0.7989709301861464,
    0.8014477864633882,
    0.8031467986472909
  ],
  "train_fpr": [
    0.43941109852774635,
    0.38420158550396377,
    0.34456398640996605,
    0.3346545866364666,
    0.31299546998867495,
    0.29614949037372595,
    0.2951167728237792,
    0.29572480181200456,
    0.27010192525481314,
    0.26174971687429216,
    0.27633069082672707,
    0.24249716874292185,
    0.2402321630804077,
    0.25212344280860705,
    0.12768969422423557,
    0.045866364665911666,
    0.04784824462061155,
    0.05280294450736127,
    0.041336353340883356,
    0.04345979614949037,
    0.04827293318233296,
    0.04827293318233296,
    0.045016987542468856,
    0.04728199320498301,
    0.04925690021231423,
    0.04303510758776897,
    0.052378255945639864,
    0.05011325028312571,
    0.045866364665911666,
    0.04388448471121178
  ],
  "train_fnr": [
    0.03654422788605697,
    0.029610194902548726,
    0.03223388305847077,
    0.029047976011994003,
    0.0297976011994003,
    0.03260869565217391,
    0.027366447985004688,
    0.028298350824587707,
    0.028298350824587707,
    0.030547226386806597,
    0.027736131934032984,
    0.02567466266866567,
    0.0297976011994003,
    0.027736131934032984,
    0.06577961019490255,
    0.08845577211394302,
    0.07833583208395802,
    0.07627436281859071,
    0.0901424287856072,
    0.08414542728635682,
    0.07908545727136432,
    0.07758620689655173,
    0.07627436281859071,
    0.07383808095952024,
    0.07291471415182756,
    0.07177661169415292,
    0.06915292353823088,
    0.06746626686656672,
    0.0704647676161919,
    0.07065217391304347
  ],
  "val_loss": [
    0.5470380943108012,
    0.4696616357909225,
    0.4056600855627439,
    0.38866986665891323,
    0.3747508880415209,
    0.40001957900656104,
    0.36486693241399604,
    0.36767014399181946,
    0.3428153978220642,
    0.3368536163769098,
    0.3469571271332819,
    0.3341595740770204,
    0.33153844954387834,
    0.3306531735777545,
    0.48635411635318004,
    0.5269857267745359,
    0.5019773899274498,
    0.4694982640373273,
    0.41639719378717943,
    0.3749474019066806,
    0.43767131475889487,
    0.42445935112428346,
    0.4316492129648644,
    0.3692456130713313,
    0.4117751975404029,
    0.4180862486035872,
    0.4032487349548719,
    0.3787843557697393,
    0.4394052178553274,
    0.46783860379838305
  ],
  "val_dice": [
    0.5791235782398412,
    0.6107669863912151,
    0.6578119773774741,
    0.6796089267471659,
    0.6821658226030354,
    0.659824995133046,
    0.6925662541249975,
    0.6906162152872221,
    0.7126721131101937,
    0.7160765058533973,
    0.7089093203862568,
    0.7119925652878334,
    0.7160017390307841,
    0.7201948323540313,
    0.6482907282894291,
    0.6141242902687187,
    0.6362372023893457,
    0.6613932382647518,
    0.6795639271389854,
    0.7161626484781991,
    0.6827728576448927,
    0.6811503766528033,
    0.6782400854773277,
    0.7153185856422025,
    0.6830657376267049,
    0.6830139564790307,
    0.6900890121156181,
    0.7073511818055767,
    0.6701200426698706,
    0.652097934812728
  ],
  "val_fpr": [
    0.37970353477765106,
    0.15279361459521096,
    0.22805017103762829,
    0.346636259977195,
    0.2234891676168757,
    0.0661345496009122,
    0.2919042189281642,
    0.15051311288483465,
    0.13568985176738882,
    0.27708095781071834,
    0.2519954389965792,
    0.14481185860889395,
    0.1847206385404789,
    0.1790193842645382,
    0.019384264538198404,
    0.0,
    0.004561003420752566,
    0.0034207525655644243,
    0.01710376282782212,
    0.01710376282782212,
    0.004561003420752566,
    0.002280501710376283,
    0.014823261117445839,
    0.01710376282782212,
    0.010262257696693273,
    0.018244013683010263,
    0.013683010262257697,
    0.037628278221208664,
    0.037628278221208664,
    0.0011402508551881414
  ],
  "val_fnr": [
    0.04903417533432392,
    0.1025260029717682,
    0.05349182763744428,
    0.029717682020802376,
    0.05349182763744428,
    0.11144130757800892,
    0.04457652303120357,
    0.08469539375928678,
    0.04457652303120357,
    0.04011887072808321,
    0.04903417533432392,
    0.06092124814264487,
    0.08320950965824665,
    0.0638930163447251,
    0.2065378900445765,
    0.2600297176820208,
    0.2303120356612184,
    0.19910846953937592,
    0.1738484398216939,
    0.12332838038632987,
    0.17682020802377416,
    0.1723625557206538,
    0.1901931649331352,
    0.13075780089153047,
    0.1649331352154532,
    0.16939078751857356,
    0.16196136701337296,
    0.13967310549777118,
    0.19465081723625557,
    0.212481426448737
  ],
  "train_bce_loss": [
    0.059550683889086,
    0.040682921981519675,
    0.0354321486516312,
    0.03372627173980461,
    0.03125831380817146,
    0.030107947146739977,
    0.029302967679799768,
    0.027810104543090894,
    0.02670843129192457,
    0.02597649395408036,
    0.02537951153253321,
    0.024165524474558386,
    0.023865349487322305,
    0.022841024559071676,
    0.038153464467942086,
    0.038885351007308284,
    0.0363373159258687,
    0.03572806828661891,
    0.033812960053155636,
    0.03173679074512413,
    0.03047334416736283,
    0.029844837816531997,
    0.029592193592929642,
    0.027521241085447276,
    0.02773603507313893,
    0.026768314624685534,
    0.025630897464641426,
    0.02600894934830526,
    0.0246928029461007,
    0.024622773969867937
  ],
  "val_bce_loss": [
    0.08325619429794803,
    0.0715148853458253,
    0.05439558530854353,
    0.05530305197875861,
    0.04786751602123696,
    0.05502672339141544,
    0.04599888577639024,
    0.04917106390910819,
    0.04839798877045376,
    0.04504257482531886,
    0.05091411657750753,
    0.041958583556875005,
    0.04217178081734837,
    0.04698662232044727,
    0.13082329031335327,
    0.1389404420824711,
    0.13499997564183927,
    0.12660840738326537,
    0.09238926232373826,
    0.08694528907712257,
    0.11788775267763262,
    0.10304656168772011,
    0.10607805282620811,
    0.08032205259572904,
    0.09148650983254042,
    0.09540822892735212,
    0.08981349211881376,
    0.082274195394664,
    0.10603521614103945,
    0.11713205536584928
  ],