{
  "dice": 0.8213820561049456,
  "hd95_mean": 13.268172264099121,
  "hd95_median": 5.0,
  "hd95_count": 733,
  "fpr": 0.15211970074812967,
  "fnr": 0.020053475935828877
}