{
  "thresholds": [
    0.5,
    0.55,
    0.6,
    0.65,
    0.7
  ],
  "val_dice_by_threshold": {
    "0.50": 0.7201948323540313,
    "0.55": 0.7189842268318093,
    "0.60": 0.7172964357592464,
    "0.65": 0.7154959891694439,
    "0.70": 0.7137102936899613
  },
  "best_threshold": 0.5,
  "best_val_dice": 0.7201948323540313
}