{
  "selected_threshold": 0.5,
  "dice": 0.8213820561049456,
  "hd95_median": 5.830951690673828,
  "fnr": 0.017379679144385027,
  "fpr": 0.18329177057356608
}