{
  "dice": 0.8213820561049456,
  "hd95_mean": 14.998833656311035,
  "hd95_median": 5.830951690673828,
  "hd95_count": 735,
  "fpr": 0.18329177057356608,
  "fnr": 0.017379679144385027,
  "selected_threshold": 0.5
}