{
  "train_loss": [
    0.5146006651251981,
    0.328129199145613,
    0.2986516600925733,
    0.28081859169251344,
    0.2696729764408178,
    0.2601506316415922,
    0.2529360484888078,
    0.24717978100327528,
    0.2386139250772114,
    0.2335258798282191,
    0.23096216929953475,
    0.22721549816766282,
    0.2216682724256373,
    0.22007387025329359,
    0.21266508880104265,
    0.21034082137809104,
    0.20487716774179918,
    0.20272689954119721,
    0.19782333419743575,
    0.19556456409131262,
    0.19170404200191465,
    0.19230673037858903,
    0.1841269519718938,
    0.18195787745807868,
    0.18158266796581946,
    0.18165051607845598,
    0.17999262370848884,
    0.17598328424520232,
    0.17104903722954054,
    0.16778062469964644
  ],
  "train_dice": [
    0.6581904972391455,
    0.7238199875314291,
    0.7474344078035522,
    0.7611954668580221,
    0.7703466447692342,
    0.7779453200315563,
    0.783887439162227,
    0.788023293299495,
    0.7964703140191163,
    0.7988966668368644,
    0.8021784800561672,
    0.8041367747775171,
    0.8090644983183768,
    0.8098869713092834,
    0.8162434646290583,
    0.8187648343739523,
    0.8230650003333457,
    0.8247346779862181,
    0.8282183268075611,
    0.83054956431722,
    0.8340074964028679,
    0.833247035179132,
    0.8402559154640602,
    0.8425593497198668,
    0.8420046314082086,
    0.8416141123384964,
    0.8430308386920781,
    0.8467781992297366,
    0.8521731194335609,
    0.854361106452107
  ],
  "train_fpr": [
    0.38927479855515423,
    0.33796167731185783,
    0.3111111111111111,
    0.3262923846581434,
    0.31425395943317586,
    0.30758544040011115,
    0.3053626007224229,
    0.29,
    0.3000833564879133,
    0.297582661850514,
    0.2972222222222222,
    0.2784106696304529,
    0.30027777777777775,
    0.2909141428174493,
    0.311561978877154,
    0.2754307948860478,
    0.2775771047513198,
    0.2900805779383162,
    0.3107470147181339,
    0.29480411225340375,
    0.3070297304806891,
    0.2863888888888889,
    0.28055555555555556,
    0.29619338705195886,
    0.31378543635352973,
    0.31333333333333335,
    0.3254651485698417,
    0.27770063871146905,
    0.31731036398999724,
    0.3235130628126737
  ],
  "train_fnr": [
    0.04165029469548134,
    0.03224537947306331,
    0.031446540880503145,
    0.02474469756480754,
    0.027897838899803535,
    0.033005893909626716,
    0.03654223968565815,
    0.03341194968553459,
    0.028683693516699412,
    0.03379174852652259,
    0.025550314465408806,
    0.029076620825147347,
    0.026336477987421385,
    0.033005893909626716,
    0.022388059701492536,
    0.02474469756480754,
    0.0275049115913556,
    0.022789783889980354,
    0.018088871411718443,
    0.020039292730844795,
    0.02318271119842829,
    0.0220125786163522,
    0.02437106918238994,
    0.014145383104125737,
    0.019638648860958365,
    0.018867924528301886,
    0.01730239874164373,
    0.01533621706645694,
    0.014538310412573674,
    0.012175962293794187
  ],
  "val_loss": [
    0.3487493530648654,
    0.31182863238405006,
    0.2807528312089013,
    0.3320159120637862,
    0.4061163996575309,
    0.267371399578501,
    0.24983986877515668,
    0.24133654837725593,
    0.23779021403828604,
    0.24607267418845755,
    0.2484784593836206,
    0.22785425723576155,
    0.22962073214718554,
    0.21255314496696973,
    0.24469021316923079,
    0.21282942710352726,
    0.20217274082977263,
    0.22969696419160873,
    0.20728822184390708,
    0.2226432807132846,
    0.21071758680656308,
    0.21519980457473975,
    0.21759575387982072,
    0.22459046383861636,
    0.20311585420467815,
    0.21166227611361957,
    0.1979953404577052,
    0.20251325806144807,
    0.19696307392393955,
    0.21476008701519889
  ],
  "val_dice": [
    0.7113949641341069,
    0.7277924525688906,
    0.7603805720806122,
    0.6984178275358481,
    0.6346185416471762,
    0.7632477678724977,
    0.7846168747446576,
    0.7875198108250978,
    0.7917486082334988,
    0.7832503438973036,
    0.7857082064034508,
    0.7966545783594007,
    0.7957689936043786,
    0.8133314780280239,
    0.7836989471902612,
    0.8114755698036952,
    0.8225867001736751,
    0.7977201043826635,
    0.8177844592782317,
    0.8049307590625325,
    0.8165780635642224,
    0.8111552136843322,
    0.8093209194355324,
    0.8033250026771279,
    0.8222268446180664,
    0.8168089998550102,
    0.8284921364095368,
    0.8233520963397183,
    0.8272534641086078,
    0.8131847304398896
  ],
  "val_fpr": [
    0.3851063829787234,
    0.2574468085106383,
    0.1574468085106383,
    0.05106382978723404,
    0.04042553191489362,
    0.16595744680851063,
    0.10212765957446808,
    0.21063829787234042,
    0.16382978723404254,
    0.16808510638297872,
    0.23191489361702128,
    0.14042553191489363,
    0.07234042553191489,
    0.20638297872340425,
    0.07659574468085106,
    0.13829787234042554,
    0.10851063829787234,
    0.1702127659574468,
    0.1574468085106383,
    0.1574468085106383,
    0.2765957446808511,
    0.2276595744680851,
    0.20638297872340425,
    0.3446808510638298,
    0.3425531914893617,
    0.4127659574468085,
    0.274468085106383,
    0.13404255319148936,
    0.225531914893617,
    0.29148936170212764
  ],
  "val_fnr": [
    0.02622950819672131,
    0.036065573770491806,
    0.05901639344262295,
    0.10163934426229508,
    0.18032786885245902,
    0.07213114754098361,
    0.06557377049180328,
    0.04262295081967213,
    0.03278688524590164,
    0.05245901639344262,
    0.029508196721311476,
    0.04918032786885246,
    0.06229508196721312,
    0.03278688524590164,
    0.07213114754098361,
    0.022950819672131147,
    0.02622950819672131,
    0.022950819672131147,
    0.02622950819672131,
    0.03278688524590164,
    0.013114754098360656,
    0.022950819672131147,
    0.02622950819672131,
    0.006557377049180328,
    0.01639344262295082,
    0.006557377049180328,
    0.003278688524590164,
    0.022950819672131147,
    0.019672131147540985,
    0.019672131147540985
  ]
}