{
  "dice": 0.7661996143522547,
  "hd95_mean": 12.254132270812988,
  "hd95_median": 6.884439468383789,
  "hd95_count": 327,
  "fpr": 0.20909090909090908,
  "fnr": 0.023880597014925373
}