{
  "dice": 0.7199840646357644,
  "hd95_mean": 17.40871238708496,
  "hd95_median": 8.135839462280273,
  "hd95_count": 691,
  "fpr": 0.3253873659117998,
  "fnr": 0.02812939521800281,
  "selected_threshold": 0.5
}