{
  "train_loss": [
    1.111323164510967,
    0.8881972654181342,
    0.7819302194466481,
    0.7092867000518295,
    0.6460870756834896,
    0.6325859023367167,
    0.5786531951987663,
    0.5537136455901254,
    0.5292156496893252,
    0.49434469317114,
    0.49332345576247305,
    0.4653086242584313,
    0.4628856340251306,
    0.4458033050949307,
    0.4406068345159153,
    0.4279234180625986,
    0.41612468284778625,
    0.411928387131294,
    0.3857218414231087,
    0.3772319372428702,
    0.37808738383890844,
    0.3655997549740932,
    0.35348975784074965,
    0.35780535721757195,
    0.3536889723233105,
    0.339585804916903,
    0.3348574659650103,
    0.33647046514159706,
    0.32163072342017285,
    0.31770775376786253
  ],
  "train_dice": [
    0.6606192663836186,
    0.7222942214667742,
    0.7407569221317116,
    0.7484936295176208,
    0.7566015238599456,
    0.7590536406432709,
    0.7652991816936606,
    0.771921499182096,
    0.7725516503490786,
    0.7780482716821138,
    0.7793953057664023,
    0.7855261555104772,
    0.7861441371983441,
    0.7907932202710121,
    0.7951556819182153,
    0.796966836072988,
    0.7991284364704185,
    0.8023575483629442,
    0.8043514797752284,
    0.8086140610440196,
    0.809332110163824,
    0.811219469647776,
    0.8166735315170613,
    0.816263739913966,
    0.8171895487911606,
    0.820072668659602,
    0.8217632487935849,
    0.8228234685485085,
    0.8264216124152189,
    0.8294618643902599
  ],
  "train_fpr": [
    0.5138553360807162,
    0.3545544976552508,
    0.33693335228080146,
    0.30406365444728617,
    0.30780162000852634,
    0.30889457232168227,
    0.2989910473213017,
    0.2833191247513498,
    0.3062384538865994,
    0.29657524513286915,
    0.2840699161574535,
    0.3021173795651556,
    0.288048884467813,
    0.2874804604234759,
    0.27483302543697596,
    0.2756856615034816,
    0.30197527355407133,
    0.3022594855762399,
    0.31149637629671734,
    0.2950120790109422,
    0.28577518829046467,
    0.28591729430154894,
    0.29373312491118375,
    0.2941594429444365,
    0.30098053147648146,
    0.2999857893988916,
    0.2833593861020321,
    0.2913173227227512,
    0.30837004405286345,
    0.2793804177916726
  ],
  "train_fnr": [
    0.02293492448256573,
    0.029274659705388777,
    0.022002610479209397,
    0.025736665423349497,
    0.021816147678538133,
    0.017157776948899663,
    0.02293492448256573,
    0.01939574785527788,
    0.01995151967182547,
    0.017900428864441546,
    0.018832742867797875,
    0.015849338057057617,
    0.016781652060413946,
    0.01379824724967369,
    0.017900428864441546,
    0.016222263658400148,
    0.015103486854372553,
    0.012679470445646093,
    0.013052396046988626,
    0.013052396046988626,
    0.014544098452358755,
    0.013984710050344957,
    0.011001305239604698,
    0.01473056125303002,
    0.012120082043632295,
    0.012306544844303562,
    0.012493007644974827,
    0.009882528435577102,
    0.010628379638262167,
    0.012493007644974827
  ],
  "val_loss": [
    3.360336640150878,
    2.0149901685162184,
    2.1445166132093347,
    1.793513175382884,
    1.8470518997442114,
    2.2577796271465123,
    2.621420492090448,
    1.7920133839504127,
    2.8089895240581817,
    2.4749391900253124,
    2.278390222244019,
    2.528317567401559,
    2.886540045485879,
    2.414349167364357,
    2.0396208367208493,
    2.2952595455041767,
    2.8645618395975037,
    2.036336443578675,
    2.4111125263963302,
    3.1518806941426583,
    1.465267137410867,
    2.041017395644075,
    2.3535876002081118,
    2.3071339247816236,
    2.486362362022165,
    2.1543047158387454,
    1.935895544323173,
    1.9366568080917763,
    2.625279132902187,
    2.998271061240757
  ],
  "val_dice": [
    0.6901984546415127,
    0.7611579000079719,
    0.7606135212537581,
    0.7687879580977189,
    0.7677430747199232,
    0.7647994160543393,
    0.7695414802453814,
    0.7586972011810672,
    0.7624393372585738,
    0.767205674929993,
    0.7726740161269685,
    0.7413849405454893,
    0.718055230699969,
    0.7624376968093162,
    0.7781002667916083,
    0.764202289174508,
    0.7645955576105927,
    0.7458940195123644,
    0.7798168691187879,
    0.7340876124364181,
    0.7971065763302528,
    0.7741369688815444,
    0.7590227745582152,
    0.7731381374010204,
    0.7786800169596707,
    0.7784881826734891,
    0.8027884013678905,
    0.7979281841185841,
    0.7930476524751552,
    0.7709684423286549
  ],
  "val_fpr": [
    0.1815028901734104,
    0.21271676300578035,
    0.18497109826589594,
    0.261271676300578,
    0.2254335260115607,
    0.20115606936416186,
    0.1630057803468208,
    0.17341040462427745,
    0.14797687861271677,
    0.1676300578034682,
    0.24971098265895952,
    0.2023121387283237,
    0.15838150289017341,
    0.16416184971098266,
    0.19884393063583816,
    0.176878612716763,
    0.1699421965317919,
    0.1791907514450867,
    0.16878612716763006,
    0.15028901734104047,
    0.24046242774566473,
    0.1815028901734104,
    0.2,
    0.22196531791907514,
    0.19421965317919074,
    0.1653179190751445,
    0.2774566473988439,
    0.3283236994219653,
    0.22658959537572254,
    0.20115606936416186
  ],
  "val_fnr": [
    0.07445255474452554,
    0.04817518248175182,
    0.04817518248175182,
    0.030656934306569343,
    0.033576642335766425,
    0.042335766423357665,
    0.051094890510948905,
    0.058394160583941604,
    0.05547445255474453,
    0.04525547445255475,
    0.0364963503649635,
    0.051094890510948905,
    0.06569343065693431,
    0.05401459854014599,
    0.043795620437956206,
    0.04817518248175182,
    0.04671532846715328,
    0.06569343065693431,
    0.0364963503649635,
    0.072992700729927,
    0.027737226277372264,
    0.051094890510948905,
    0.049635036496350364,
    0.05401459854014599,
    0.03795620437956204,
    0.051094890510948905,
    0.016058394160583942,
    0.020437956204379562,
    0.030656934306569343,
    0.04671532846715328
  ],
  "train_bce_loss": [
    0.7058705325918622,
    0.5876227183186377,
    0.5025014592444553,
    0.43818244591735006,
    0.38347681581264814,
    0.3733185431499881,
    0.32551540038287924,
    0.3065425875253318,
    0.2845968594506521,
    0.25474435070951523,
    0.2551924344331296,
    0.2335679133863718,
    0.2319691797185756,
    0.21971700165608582,
    0.21899770753463005,
    0.2083204031250565,
    0.1989356831592276,
    0.1983881982493548,
    0.17429052859622204,
    0.16989506723809605,
    0.17240825101683976,
    0.16215727080402345,
    0.1555560797954752,
    0.15970475123549213,
    0.15672499372004078,
    0.14584909070418367,
    0.14335872455851592,
    0.1463370578457291,
    0.13551120912572745,
    0.13435816547874235
  ],
  "val_bce_loss": [
    3.033125825978163,
    1.7589313152198591,
    1.8922747489350447,
    1.546047308663056,
    1.6033858932432359,
    2.00994334366023,
    2.3813888799881795,
    1.5461597744321083,
    2.563980517585347,
    2.2341566789704954,
    2.0422903076901924,
    2.2674795403383183,
    2.6041818577034848,
    2.1739857955890143,
    1.8123219827271617,
    2.053683796969589,
    2.62388544376722,
    1.782109547685152,
    2.185481948747442,
    2.884792592250708,
    1.258121516588178,
    1.8139832642568399,
    2.110240084397858,
    2.0782291012771945,
    2.2605325529236264,
    1.9296362356398336,
    1.7308572328744634,
    1.7242308791400525,
    2.414792457765417,
    2.7677844127517766
  ],