{
  "dice": 0.7199840646357644,
  "hd95_mean": 16.3812313079834,
  "hd95_median": 7.8102498054504395,
  "hd95_count": 687,
  "fpr": 0.2908224076281287,
  "fnr": 0.03375527426160337
}