{
  "selected_threshold": 0.5,
  "dice": 0.7199840646357644,
  "hd95_median": 8.135839462280273,
  "fnr": 0.02812939521800281,
  "fpr": 0.3253873659117998
}