{
  "thresholds": [
    0.5,
    0.55,
    0.6,
    0.65,
    0.7
  ],
  "val_dice_by_threshold": {
    "0.50": 0.8027884013678905,
    "0.55": 0.8024273650272049,
    "0.60": 0.8018918801833244,
    "0.65": 0.8012604117175959,
    "0.70": 0.8001890545996436
  },
  "best_threshold": 0.5,
  "best_val_dice": 0.8027884013678905
}