{
  "dice": 0.808867400507431,
  "hd95_mean": 9.583969116210938,
  "hd95_median": 4.4721360206604,
  "hd95_count": 375,
  "fpr": 0.1702127659574468,
  "fnr": 0.06015037593984962
}