{
  "train_loss": [
    0.5076381374421801,
    0.3483187772533591,
    0.33362858889305647,
    0.3239497898227616,
    0.3205067539775,
    0.310354811688969,
    0.3044458356232861,
    0.2981968433666113,
    0.2826569874808696,
    0.2704921560634666,
    0.25653904562146645,
    0.24855138487028736,
    0.24428643710357514,
    0.23382631461793282,
    0.23341411617290866,
    0.22426519812610526,
    0.22032399281758713,
    0.21298743113344004,
    0.21148795658289557,
    0.2073339916095865,
    0.20285299546281071,
    0.1976246653992712,
    0.20022357191174506,
    0.19228074699011002,
    0.190043182424815,
    0.18652104112381176,
    0.18861004629231118,
    0.2057446899876983,
    0.23421243890594165,
    0.22732099781705029
  ],
  "train_dice": [
    0.674401317902001,
    0.7104142300395488,
    0.7223637586825894,
    0.7286331186524814,
    0.7306262507889449,
    0.7393633262376657,
    0.7433335906579058,
    0.7489018166869845,
    0.7614065128473485,
    0.771292990030911,
    0.7833746285760063,
    0.7892761563947955,
    0.7924218239852118,
    0.8003436483585419,
    0.8008835729770573,
    0.8072285746257786,
    0.8115582241805749,
    0.8171395546411984,
    0.8175076441996715,
    0.8211549582370968,
    0.8247701789716723,
    0.8295679561327968,
    0.8270180581708078,
    0.8338037113412269,
    0.8357783591013972,
    0.8397091752220247,
    0.837138297617318,
    0.828131367553301,
    0.8106732219933076,
    0.8131504806371087
  ],
  "train_fpr": [
    0.44937782805429866,
    0.44145927601809953,
    0.4369343891402715,
    0.4111990950226244,
    0.38998868778280543,
    0.37047511312217196,
    0.3826357466063348,
    0.3665158371040724,
    0.3914027149321267,
    0.38178733031674206,
    0.3717839977381962,
    0.3684954751131222,
    0.3438914027149321,
    0.3065610859728507,
    0.32550904977375567,
    0.3373868778280543,
    0.31052036199095023,
    0.29411764705882354,
    0.3189143341815098,
    0.2986425339366516,
    0.3071266968325792,
    0.2906417868249929,
    0.2980769230769231,
    0.28930995475113125,
    0.2955316742081448,
    0.27714932126696834,
    0.2833710407239819,
    0.24066742081447964,
    0.0582579185520362,
    0.06080316742081448
  ],
  "train_fnr": [
    0.03265765765765766,
    0.02252252252252252,
    0.01839339339339339,
    0.021396396396396396,
    0.02364864864864865,
    0.023273273273273273,
    0.02702702702702703,
    0.02027027027027027,
    0.01876876876876877,
    0.016891891891891893,
    0.016147202403304545,
    0.01876876876876877,
    0.021021021021021023,
    0.02252252252252252,
    0.02252252252252252,
    0.024774774774774775,
    0.020645645645645645,
    0.02027027027027027,
    0.022530980097634247,
    0.01951951951951952,
    0.023273273273273273,
    0.019902365752910253,
    0.019144144144144143,
    0.01876876876876877,
    0.019894894894894894,
    0.01614114114114114,
    0.02177177177177177,
    0.03003003003003003,
    0.06268768768768769,
    0.06456456456456457
  ],
  "val_loss": [
    0.4080419800498269,
    0.44036206092798347,
    0.41171091451789393,
    0.3869548877531832,
    0.38951900736852124,
    0.3909440350803462,
    0.3639141658038804,
    0.43620761998675084,
    0.39110344544504627,
    0.3558367338144418,
    0.3750813224776225,
    0.39711129213824414,
    0.36921578121907783,
    0.41323604181860435,
    0.3449134827789032,
    0.3448657349429347,
    0.42519898441704834,
    0.337174721874974,
    0.3694245516802325,
    0.34310140526204397,
    0.3523734197246306,
    0.3714074330573732,
    0.3502365395652525,
    0.3793521653973695,
    0.3248485840857029,
    0.33666683807969094,
    0.3481320704023043,
    0.380099943235065,
    0.41381695455673967,
    0.4390667024209644
  ],
  "val_dice": [
    0.6483463397870461,
    0.6268180052439372,
    0.6453323765911839,
    0.6610616279483744,
    0.664199106654886,
    0.6548407197111483,
    0.6815498440611092,
    0.6305077176526979,
    0.660394732806493,
    0.6844831889241256,
    0.6728400926077456,
    0.6525458210345471,
    0.6718961081552235,
    0.6385369847246417,
    0.6948653656876449,
    0.692996582137703,
    0.6258931783874604,
    0.7005304203707386,
    0.6740360012560179,
    0.6942393647563276,
    0.6866003204419305,
    0.6619631352213522,
    0.6871562619891131,
    0.6613655417931802,
    0.7098888015882535,
    0.7045622392868002,
    0.6929569198213743,
    0.6885839470746842,
    0.6650564753450453,
    0.6453884009892742
  ],
  "val_fpr": [
    0.1842696629213483,
    0.5101123595505618,
    0.18202247191011237,
    0.15955056179775282,
    0.20224719101123595,
    0.1797752808988764,
    0.14382022471910114,
    0.39325842696629215,
    0.2292134831460674,
    0.14831460674157304,
    0.31235955056179776,
    0.19325842696629214,
    0.10337078651685393,
    0.10112359550561797,
    0.25842696629213485,
    0.19550561797752808,
    0.058426966292134834,
    0.19325842696629214,
    0.14382022471910114,
    0.2696629213483146,
    0.10561797752808989,
    0.10112359550561797,
    0.056179775280898875,
    0.058426966292134834,
    0.16853932584269662,
    0.2157303370786517,
    0.14831460674157304,
    0.038202247191011236,
    0.029213483146067417,
    0.024719101123595506
  ],
  "val_fnr": [
    0.021212121212121213,
    0.006060606060606061,
    0.03636363636363636,
    0.02727272727272727,
    0.021212121212121213,
    0.04242424242424243,
    0.03636363636363636,
    0.0030303030303030303,
    0.00909090909090909,
    0.030303030303030304,
    0.02727272727272727,
    0.03333333333333333,
    0.07272727272727272,
    0.07272727272727272,
    0.03636363636363636,
    0.03939393939393939,
    0.08181818181818182,
    0.05757575757575758,
    0.048484848484848485,
    0.024242424242424242,
    0.06060606060606061,
    0.07878787878787878,
    0.07878787878787878,
    0.1,
    0.045454545454545456,
    0.03333333333333333,
    0.048484848484848485,
    0.13333333333333333,
    0.09696969696969697,
    0.15151515151515152
  ]
}