{
  "dice": 0.8130716592382221,
  "hd95_mean": 14.074633598327637,
  "hd95_median": 5.0,
  "hd95_count": 744,
  "fpr": 0.27805486284289277,
  "fnr": 0.0053475935828877
}