{
  "thresholds": [
    0.5,
    0.55,
    0.6,
    0.65,
    0.7
  ],
  "val_dice_by_threshold": {
    "0.50": 0.7461681898633491,
    "0.55": 0.745450224252736,
    "0.60": 0.7449672186918789,
    "0.65": 0.7442283474177366,
    "0.70": 0.7430428363587624
  },
  "best_threshold": 0.5,
  "best_val_dice": 0.7461681898633491
}