{
  "selected_threshold": 0.5,
  "dice": 0.8130716592382221,
  "hd95_median": 5.099019527435303,
  "fnr": 0.0053475935828877,
  "fpr": 0.30673316708229426
}