{
  "train_loss": [
    0.44959583916181955,
    0.3310417261919233,
    0.3073987758409852,
    0.2881397841092635,
    0.27413943193565266,
    0.2634679970657523,
    0.258499164232004,
    0.2486933292220647,
    0.2443180212580335,
    0.23918296530217245,
    0.23384210758219784,
    0.23189832045727393,
    0.2299825714808935,
    0.22480383752325112,
    0.22166512742627417,
    0.2210813468849954,
    0.21775471227839757,
    0.21450563066016262,
    0.2130572562967462,
    0.21223616714584412,
    0.20883495766094243,
    0.20809241893318672,
    0.2076526676874323,
    0.2048353118510607,
    0.2026372297506045,
    0.2030516848888952,
    0.20136687484523771,
    0.19883234488793175,
    0.1985885928543089,
    0.19724239493549886
  ],
  "train_dice": [
    0.6644044243568614,
    0.7183153404603081,
    0.7361273107555156,
    0.7505165220792769,
    0.7612131497497368,
    0.77043145914657,
    0.7738227505673901,
    0.781650666901552,
    0.7855541590525108,
    0.7898053463822093,
    0.7938932180383719,
    0.7958693881871701,
    0.7968884159996198,
    0.8014846560860303,
    0.8043249301747468,
    0.8044473432460252,
    0.8074481210551284,
    0.8104203026541027,
    0.8117250155256447,
    0.8125332840019314,
    0.8152456287979853,
    0.8161492719341348,
    0.8160917716676082,
    0.8185430316778453,
    0.8206216249460665,
    0.8203002460708638,
    0.821664647167099,
    0.8241351210628113,
    0.824218911511598,
    0.8252083849398534
  ],
  "train_fpr": [
    0.40897508493771234,
    0.3485277463193658,
    0.32927519818799544,
    0.2960079275198188,
    0.26075877689694227,
    0.2866647791619479,
    0.25453001132502834,
    0.2706681766704417,
    0.2777463193657984,
    0.27633069082672707,
    0.26571347678369195,
    0.2810022650056625,
    0.27718006795016986,
    0.2686862967157418,
    0.3086070215175538,
    0.29374292185730466,
    0.31172140430351075,
    0.33111551528878824,
    0.3187995469988675,
    0.30931483578708946,
    0.33819365798414497,
    0.31738391845979613,
    0.30846545866364666,
    0.3383352208380521,
    0.31780860702151753,
    0.29827293318233294,
    0.31214609286523215,
    0.31044733861834656,
    0.3369195922989808,
    0.32474518686296716
  ],
  "train_fnr": [
    0.04010494752623688,
    0.031484257871064465,
    0.03541979010494753,
    0.03841829085457271,
    0.040667166416791606,
    0.03298350824587706,
    0.03973013493253373,
    0.03467016491754123,
    0.03073463268365817,
    0.03110944527736132,
    0.03354572713643179,
    0.02886056971514243,
    0.02811094452773613,
    0.0297976011994003,
    0.024550224887556222,
    0.026986506746626688,
    0.0239880059970015,
    0.02042728635682159,
    0.019302848575712146,
    0.020802098950524737,
    0.019677661169415293,
    0.017428785607196403,
    0.01911544227886057,
    0.016116941529235384,
    0.02136431784107946,
    0.02042728635682159,
    0.023050974512743627,
    0.021739130434782608,
    0.019865067466266866,
    0.019302848575712146
  ],
  "val_loss": [
    0.45850663964828975,
    0.3972105574897901,
    0.45512433299161,
    0.3841667618328514,
    0.334824954439093,
    0.37554282972376024,
    0.36177267476412595,
    0.33533267833203917,
    0.36540125412271424,
    0.353479191184841,
    0.3483063516056201,
    0.3763745678187435,
    0.3553308672721416,
    0.33265331363856215,
    0.36011645376106605,
    0.2989046675627733,
    0.31608050511693264,
    0.33557239698763675,
    0.3270258710762544,
    0.35055192705537197,
    0.34910263761291266,
    0.3356589924621591,
    0.3512444038962583,
    0.3938536565324615,
    0.3493406751440813,
    0.3788389397942825,
    0.36865931730246915,
    0.3765850170289912,
    0.31843156431750413,
    0.31385230134347836
  ],
  "val_dice": [
    0.6104497128674127,
    0.6663985777045026,
    0.6145752515715794,
    0.6740296504157215,
    0.7186139980206518,
    0.6780485915404815,
    0.690969887249072,
    0.71226319066217,
    0.6912481560791119,
    0.6930719595693084,
    0.7012842509502554,
    0.6823803878861188,
    0.7016266970763766,
    0.7174325288808939,
    0.6936243227357806,
    0.7461681898633491,
    0.732085144955438,
    0.7132851083169277,
    0.7201067130088274,
    0.7033116273820001,
    0.708780443683311,
    0.7153309182918466,
    0.7031591909966621,
    0.6661619562877101,
    0.706015721705215,
    0.6764471629554237,
    0.6886951898087652,
    0.6872667732661006,
    0.7299182562027431,
    0.7342331728844019
  ],
  "val_fpr": [
    0.18244013683010263,
    0.37970353477765106,
    0.059293044469783354,
    0.11972633979475485,
    0.2862029646522235,
    0.09464082098061574,
    0.08779931584948689,
    0.13568985176738882,
    0.2006841505131129,
    0.1322690992018244,
    0.15051311288483465,
    0.08437856328392246,
    0.1653363740022805,
    0.22462941847206386,
    0.10148232611174458,
    0.3033067274800456,
    0.20182440136830102,
    0.1516533637400228,
    0.1961231470923603,
    0.2120866590649943,
    0.2394526795895097,
    0.18700114025085518,
    0.2234891676168757,
    0.08665906499429875,
    0.12884834663625996,
    0.10946408209806158,
    0.13112884834663627,
    0.24401368301026224,
    0.2976054732041049,
    0.31014823261117447
  ],
  "val_fnr": [
    0.1099554234769688,
    0.0237741456166419,
    0.19316493313521546,
    0.12332838038632987,
    0.03714710252600297,
    0.13670133729569092,
    0.12035661218424963,
    0.08766716196136701,
    0.08320950965824665,
    0.08320950965824665,
    0.08915304606240713,
    0.08023774145616643,
    0.05646359583952452,
    0.041604754829123326,
    0.08766716196136701,
    0.0237741456166419,
    0.05646359583952452,
    0.07280832095096583,
    0.06092124814264487,
    0.06092124814264487,
    0.0787518573551263,
    0.08469539375928678,
    0.07429420505200594,
    0.1426448736998514,
    0.08766716196136701,
    0.1337295690936107,
    0.1188707280832095,
    0.08320950965824665,
    0.03566121842496285,
    0.02526002971768202
  ],
  "train_bce_loss": [
    0.06088392057272072,
    0.04162831435897515,
    0.03762662263482756,
    0.033945408078345396,
    0.03132350775692909,
    0.03034151765297801,
    0.02884315104046405,
    0.027120577793588358,
    0.026796930031826063,
    0.02588331473099419,
    0.02522844062186123,
    0.02493101688866665,
    0.024334983384357276,
    0.02388373902977855,
    0.023666562896179202,
    0.02326734241312321,
    0.023077651114807626,
    0.02273551800727523,
    0.022477696739496105,
    0.022502292445368176,
    0.021946177022759115,
    0.02206121959495905,
    0.021663004135074028,
    0.02140597137910519,
    0.021324398023568284,
    0.021415919843143887,
    0.021057618115066914,
    0.021036088464319418,
    0.02096331815711232,
    0.020656034731952093
  ],
  "val_bce_loss": [
    0.0659070807962504,
    0.05622809383155706,
    0.06864407156369397,
    0.05528211719364694,
    0.049431042943598166,
    0.050730138771863165,
    0.051695516947126686,
    0.04623874299238397,
    0.056170850112838955,
    0.04804384180057582,
    0.046905644776653856,
    0.05801299196674845,
    0.05646809054000468,
    0.049900165349238156,
    0.0538510147652412,
    0.04289580814989787,
    0.04547411701410184,
    0.04883038157435967,
    0.04626282604186717,
    0.05310055440168342,
    0.05755814268320946,
    0.05001786399108477,
    0.05353691652220851,
    0.05906964715671924,
    0.05471585153884107,
    0.05565376637164811,
    0.05659992604488856,
    0.061972164516651176,
    0.04726862788326135,
    0.046885791915606566
  ],