{
  "dice": 0.8130716592382221,
  "hd95_mean": 14.89745807647705,
  "hd95_median": 5.099019527435303,
  "hd95_count": 744,
  "fpr": 0.30673316708229426,
  "fnr": 0.0053475935828877,
  "selected_threshold": 0.5
}