{
  "train_loss": [
    0.5589695488485392,
    0.3808501192250393,
    0.3623992640113057,
    0.34690509156579563,
    0.3400473402649243,
    0.33449439402090053,
    0.3250823186140222,
    0.3118467191926834,
    0.3079826936104669,
    0.29281992813035784,
    0.3118494822295769,
    0.3329800245791021,
    0.3215235753604357,
    0.319417008834094,
    0.31153351218605646,
    0.30276494427320527,
    0.2952784683004095,
    0.2934744528984519,
    0.2923635673494834,
    0.31500834342839024,
    0.31139880443106466,
    0.30938553952102393,
    0.2945053470704072,
    0.28678425637534377,
    0.2867949235523647,
    0.2786331919966587,
    0.2743342870642554,
    0.27318733939802514,
    0.2729037465616284,
    0.2738603666755107
  ],
  "train_dice": [
    0.6197129716697761,
    0.6793888374183835,
    0.6930773406626678,
    0.7064253483350832,
    0.711384375024518,
    0.7154847844663847,
    0.7235948928046821,
    0.7358379089186937,
    0.7368707256360014,
    0.7502066505437055,
    0.7371039897265826,
    0.7200049595570395,
    0.7289325574305008,
    0.7292540888458479,
    0.7348994502194192,
    0.7443410316455829,
    0.748899949519593,
    0.7517165412845792,
    0.7524252793488075,
    0.7417396599458156,
    0.7427186331264858,
    0.7420066789210826,
    0.7530103599997061,
    0.7586118014565235,
    0.7588045350321622,
    0.7631566877571445,
    0.7669254213937049,
    0.768838383572959,
    0.7687452196455181,
    0.7683490399548889
  ],
  "train_fpr": [
    0.3923728813559322,
    0.3483050847457627,
    0.35207685786945464,
    0.338231138739757,
    0.3274936422718282,
    0.30875706214689264,
    0.3125176603560328,
    0.2952811528680418,
    0.29451667608818544,
    0.28567391918621077,
    0.2786885245901639,
    0.21129943502824858,
    0.22266176886126024,
    0.19440519920881605,
    0.20451977401129945,
    0.19304691916336914,
    0.18451539983046059,
    0.18592822831308278,
    0.18428490672696438,
    0.099745690873128,
    0.07798813224074597,
    0.05765969474279254,
    0.08677218767665347,
    0.08952273369104773,
    0.071791972866026,
    0.07601017236507487,
    0.07122668174109667,
    0.06694915254237288,
    0.061016949152542375,
    0.05765969474279254
  ],
  "train_fnr": [
    0.04682779456193353,
    0.024924471299093656,
    0.01849754624386561,
    0.01849754624386561,
    0.020385050962627407,
    0.019259818731117824,
    0.01736504341260853,
    0.01849754624386561,
    0.01509433962264151,
    0.016232540581351453,
    0.026037735849056602,
    0.0513595166163142,
    0.04077010192525481,
    0.05624764061910155,
    0.04682779456193353,
    0.040377358490566034,
    0.052095130237825596,
    0.04756511891279728,
    0.04490566037735849,
    0.06946017365043412,
    0.07059267648169121,
    0.08188679245283019,
    0.06792452830188679,
    0.056667925953910084,
    0.06981132075471698,
    0.06719516798791997,
    0.06113207547169811,
    0.06306646525679759,
    0.06570996978851963,
    0.07056603773584906
  ],
  "val_loss": [
    0.6815743802080736,
    0.30658349461991846,
    0.32866698373059694,
    0.3329355118287337,
    0.3165262870747468,
    0.4367144271454697,
    0.2804985621879841,
    0.3368474329656252,
    0.2731042952926469,
    0.25143742253040446,
    0.33729374471962925,
    0.3160135181971507,
    0.27854396861333114,
    0.4648356691832884,
    0.2713178479228791,
    0.29447191313343907,
    0.3166218978261442,
    0.2574201637103324,
    0.510910642953387,
    0.3932528725037208,
    0.2571372471611443,
    0.3241423943551845,
    0.3003514011635072,
    0.3154455473552648,
    0.3882434610623264,
    0.2730527735199157,
    0.27743521973055935,
    0.3730284238446613,
    0.2594287336188855,
    0.26900987165043777
  ],
  "val_dice": [
    0.4499171332750143,
    0.7400815888241289,
    0.7212785364224993,
    0.7189088193427979,
    0.7426336267147836,
    0.6415350091512703,
    0.7696012165249184,
    0.7232293655666021,
    0.7741959628992435,
    0.7974527644028082,
    0.728591941435394,
    0.7472853912361737,
    0.7670022286079449,
    0.6300210901079032,
    0.7774605927321891,
    0.75926297608595,
    0.7397144138911833,
    0.7864468254801132,
    0.6451571874360033,
    0.7028117754424994,
    0.7911598474301141,
    0.741770120263495,
    0.7565419998326257,
    0.7533542609400553,
    0.693640361431324,
    0.7791118685857686,
    0.7701160117430459,
    0.7071071894004427,
    0.7865082041338205,
    0.778552969201253
  ],
  "val_fpr": [
    0.2135678391959799,
    0.228643216080402,
    0.2663316582914573,
    0.12814070351758794,
    0.1984924623115578,
    0.1306532663316583,
    0.20351758793969849,
    0.2135678391959799,
    0.25125628140703515,
    0.271356783919598,
    0.01256281407035176,
    0.035175879396984924,
    0.0678391959798995,
    0.03015075376884422,
    0.04020100502512563,
    0.032663316582914576,
    0.020100502512562814,
    0.04773869346733668,
    0.03015075376884422,
    0.017587939698492462,
    0.04020100502512563,
    0.03015075376884422,
    0.02763819095477387,
    0.032663316582914576,
    0.020100502512562814,
    0.032663316582914576,
    0.02763819095477387,
    0.0,
    0.03015075376884422,
    0.032663316582914576
  ],
  "val_fnr": [
    0.08222811671087533,
    0.0610079575596817,
    0.05570291777188329,
    0.07427055702917772,
    0.03713527851458886,
    0.07957559681697612,
    0.04774535809018567,
    0.07161803713527852,
    0.042440318302387266,
    0.026525198938992044,
    0.10875331564986737,
    0.10079575596816977,
    0.0636604774535809,
    0.11671087533156499,
    0.07692307692307693,
    0.08488063660477453,
    0.09283819628647215,
    0.06631299734748011,
    0.09814323607427056,
    0.10875331564986737,
    0.07161803713527852,
    0.10344827586206896,
    0.11405835543766578,
    0.08222811671087533,
    0.1220159151193634,
    0.08488063660477453,
    0.09283819628647215,
    0.13527851458885942,
    0.07161803713527852,
    0.08488063660477453
  ]
}