{
  "dice": 0.8257749752540674,
  "hd95_mean": 7.27302360534668,
  "hd95_median": 3.605551242828369,
  "hd95_count": 305,
  "fpr": 0.31263383297644537,
  "fnr": 0.00974025974025974
}