{
  "dice": 0.7888056851157867,
  "hd95_mean": 8.156462669372559,
  "hd95_median": 5.0,
  "hd95_count": 368,
  "fpr": 0.061170212765957445,
  "fnr": 0.07769423558897243
}