{
  "train_loss": [
    0.6160483766352763,
    0.44797868433187493,
    0.392157111059617,
    0.3654126370334075,
    0.3449082904210029,
    0.328698990746281,
    0.31541957080996297,
    0.30386076966026526,
    0.29496264452248944,
    0.285921074545106,
    0.2748294738584719,
    0.2703548639274395,
    0.2673757316603384,
    0.261823565439061,
    0.2589488829060964,
    0.25355039751884323,
    0.24769437076753234,
    0.24586772760823816,
    0.24156108164514226,
    0.23918121193840472,
    0.2356915555477657,
    0.2300985669657739,
    0.22429876473617624,
    0.2220183190170888,
    0.22405362430982315,
    0.22119202826160927,
    0.2657542493412489,
    0.2599976917927352,
    0.26657400141937193,
    0.2502262970787828
  ],
  "train_dice": [
    0.6542874102298658,
    0.7050358422990964,
    0.7361563119765332,
    0.7556088522832433,
    0.7684349600346647,
    0.7806033737210741,
    0.788134094275948,
    0.7966291805835547,
    0.8017882956957512,
    0.8066832357437235,
    0.8165271596911731,
    0.8188406305622544,
    0.8219725408510223,
    0.824859907154928,
    0.8264703708540022,
    0.830028581073614,
    0.8353431960803809,
    0.8362019558782569,
    0.8381913930535809,
    0.8400900103837006,
    0.8428213596064318,
    0.8475431363233668,
    0.8505501036081944,
    0.8530315246024692,
    0.8509026671369636,
    0.8528075721156826,
    0.8335425655725314,
    0.8360917744214168,
    0.8328065643640788,
    0.8383994100827936
  ],
  "train_fpr": [
    0.3826357466063348,
    0.35152714932126694,
    0.3026018099547511,
    0.2542420814479638,
    0.2324660633484163,
    0.23529411764705882,
    0.2293552036199095,
    0.20079185520361992,
    0.21323529411764705,
    0.1716628959276018,
    0.1600226180378852,
    0.17081447963800905,
    0.1716628959276018,
    0.15384615384615385,
    0.15130090497737556,
    0.16968325791855204,
    0.1747737556561086,
    0.167420814479638,
    0.17557251908396945,
    0.16572398190045248,
    0.1705316742081448,
    0.16539440203562342,
    0.1699660633484163,
    0.17505656108597284,
    0.15723981900452488,
    0.15384615384615385,
    0.11538461538461539,
    0.0540158371040724,
    0.04270361990950226,
    0.057692307692307696
  ],
  "train_fnr": [
    0.044294294294294295,
    0.03866366366366367,
    0.03641141141141141,
    0.036036036036036036,
    0.03678678678678678,
    0.03490990990990991,
    0.03566066066066066,
    0.031156156156156155,
    0.03340840840840841,
    0.03265765765765766,
    0.028914757791963952,
    0.03265765765765766,
    0.028153153153153154,
    0.03078078078078078,
    0.03340840840840841,
    0.027777777777777776,
    0.024024024024024024,
    0.024774774774774775,
    0.024408561772437103,
    0.022147147147147148,
    0.021396396396396396,
    0.01952684941794968,
    0.01951951951951952,
    0.016891891891891893,
    0.019144144144144143,
    0.023273273273273273,
    0.04016516516516516,
    0.04954954954954955,
    0.059684684684684686,
    0.04466966966966967
  ],
  "val_loss": [
    0.5141839648738052,
    0.49940962385047566,
    0.49869021330818986,
    0.3946075510798079,
    0.4430317341378241,
    0.3808899602203658,
    0.37673529269117295,
    0.38025676413918985,
    0.4180495521335891,
    0.4053717711658189,
    0.40972511569658915,
    0.4528053763689417,
    0.41044399521567604,
    0.44044566014499376,
    0.38385838942997386,
    0.4117629917733597,
    0.441032649621819,
    0.4126384124611363,
    0.4173080205014258,
    0.4419680291053021,
    0.4147128320553086,
    0.4582288966034398,
    0.3904676453633742,
    0.3938659984957088,
    0.3776984249552091,
    0.37521727532148363,
    0.4454120795835148,
    0.4593312115380258,
    0.49249176653948695,
    0.5006197234897902
  ],
  "val_dice": [
    0.6146601078636719,
    0.6213201449393775,
    0.6336459563367746,
    0.706787977167264,
    0.6630235299355153,
    0.7133189400319349,
    0.7164681709512617,
    0.7108167906348226,
    0.6834382280255809,
    0.6947917239119609,
    0.6943513033290704,
    0.6688363208012147,
    0.6919786531111282,
    0.6759209265085784,
    0.7098053362700298,
    0.69680176617747,
    0.6799461828488292,
    0.6946602122547726,
    0.690773584645693,
    0.6733203593246413,
    0.6944542049543199,
    0.6720224773116183,
    0.7116184256237114,
    0.7120513114429107,
    0.7261363284521256,
    0.723242624326976,
    0.70962473883604,
    0.7130602765828371,
    0.6924329944265385,
    0.6905944610917658
  ],
  "val_fpr": [
    0.09662921348314607,
    0.41123595505617977,
    0.10337078651685393,
    0.1797752808988764,
    0.07865168539325842,
    0.1303370786516854,
    0.10337078651685393,
    0.0853932584269663,
    0.06741573033707865,
    0.03146067415730337,
    0.09213483146067415,
    0.07865168539325842,
    0.04943820224719101,
    0.0651685393258427,
    0.18876404494382024,
    0.0449438202247191,
    0.04044943820224719,
    0.04719101123595506,
    0.08089887640449438,
    0.06741573033707865,
    0.08314606741573034,
    0.024719101123595506,
    0.07415730337078652,
    0.0651685393258427,
    0.0696629213483146,
    0.14157303370786517,
    0.12134831460674157,
    0.051685393258426963,
    0.029213483146067417,
    0.017977528089887642
  ],
  "val_fnr": [
    0.06060606060606061,
    0.00909090909090909,
    0.06060606060606061,
    0.021212121212121213,
    0.06060606060606061,
    0.03333333333333333,
    0.03333333333333333,
    0.03333333333333333,
    0.045454545454545456,
    0.09090909090909091,
    0.04242424242424243,
    0.06363636363636363,
    0.06363636363636363,
    0.06666666666666667,
    0.01818181818181818,
    0.07575757575757576,
    0.0696969696969697,
    0.08484848484848485,
    0.048484848484848485,
    0.09090909090909091,
    0.051515151515151514,
    0.12727272727272726,
    0.05757575757575758,
    0.07878787878787878,
    0.06060606060606061,
    0.04242424242424243,
    0.06666666666666667,
    0.06666666666666667,
    0.08484848484848485,
    0.1303030303030303
  ]
}