{
  "selected_threshold": 0.5,
  "dice": 0.7762668876164647,
  "hd95_median": 4.242640495300293,
  "fnr": 0.05555555555555555,
  "fpr": 0.03904282115869018
}