{
  "train_loss": [
    0.5361391676079695,
    0.4251081046336085,
    0.3924450885157193,
    0.3611236720758198,
    0.3425752906317832,
    0.3255440549422728,
    0.3166734314240035,
    0.30659796261893235,
    0.2975428975123428,
    0.2911199943512241,
    0.2828692934488242,
    0.2769620805098683,
    0.29344157901116374,
    0.35160309121536143,
    0.33371414720943104,
    0.32556957212208437,
    0.32088221718855153,
    0.31532328714092167,
    0.3051034554578846,
    0.3067733606949276,
    0.29444162574120525,
    0.2900418582037954,
    0.28835849993247326,
    0.2824556593213549,
    0.28304100187113906,
    0.2780507509858193,
    0.27479084221336947,
    0.2708785222536623,
    0.26946594367693033,
    0.26988556157870197
  ],
  "train_dice": [
    0.6661596961322458,
    0.7086955684375955,
    0.7298332051791235,
    0.7498685859667805,
    0.7626014953323351,
    0.7727921372534781,
    0.7779395884429136,
    0.7848998424432189,
    0.7900147376530975,
    0.7953734926571002,
    0.8011751388049035,
    0.8050266782571794,
    0.8006545151733498,
    0.7752823427573344,
    0.7822126491018292,
    0.7878539151860883,
    0.789125731448296,
    0.7917537155979184,
    0.7957532508909031,
    0.7968941387434537,
    0.8013213708179956,
    0.8031026105587029,
    0.8049258715498286,
    0.8089776845935418,
    0.8090981084754904,
    0.8103661836327902,
    0.8131493947849857,
    0.8159832068138534,
    0.815191310325843,
    0.8151911260054857
  ],
  "train_fpr": [
    0.3697849921685889,
    0.2866296454506621,
    0.24875409369215434,
    0.22529193961834235,
    0.21703218456280263,
    0.20304713085575965,
    0.19923098832241526,
    0.1827114782113358,
    0.18054962266837535,
    0.19182569068641414,
    0.20190801651715792,
    0.18724191940766055,
    0.1586216716502919,
    0.05695571693008686,
    0.05682141839931643,
    0.05353075170842825,
    0.046263345195729534,
    0.047137567644545714,
    0.05154492382172861,
    0.04242596810933941,
    0.053538373914281644,
    0.05338838268792711,
    0.04911731207289294,
    0.056101381176135556,
    0.04755802363662252,
    0.053538373914281644,
    0.05353075170842825,
    0.05382315249893208,
    0.05511250356023925,
    0.049693863021500785
  ],
  "train_fnr": [
    0.03590040532715692,
    0.03474232773595831,
    0.031461107894228915,
    0.029718255499807025,
    0.03299884214588962,
    0.027407836325033776,
    0.029911231184870705,
    0.031069085295252798,
    0.031654120826095346,
    0.02547279042840602,
    0.02374059061957151,
    0.02219648716464003,
    0.03204014668982822,
    0.08434665122563212,
    0.07738324971053648,
    0.07413127413127413,
    0.07549720023170496,
    0.07834812813585489,
    0.06929164254005019,
    0.0749034749034749,
    0.06350125458405713,
    0.062162162162162166,
    0.06428571428571428,
    0.05771086662806408,
    0.06408029337965644,
    0.06079907353792704,
    0.06138996138996139,
    0.057131827832464774,
    0.05654187572365882,
    0.05848291835552982
  ],
  "val_loss": [
    0.5200409642142109,
    0.46999448970851737,
    0.7309247145795414,
    0.569329007059081,
    0.3665778453958001,
    0.4003401221203329,
    0.34835356363543757,
    0.45137543632433963,
    0.3782308776239384,
    0.36811680671496266,
    0.38120674590269726,
    0.45439168963676846,
    0.581126470086921,
    0.6428366167592866,
    0.5798569438379375,
    0.38217708672213757,
    0.5317808301785053,
    0.4060460495048778,
    0.5248302064857252,
    0.5004734176813368,
    0.6588834628165617,
    0.44407384033895964,
    0.4569616127557564,
    0.8738355144561186,
    0.5116750088936922,
    0.5784313570060621,
    0.5832038405444208,
    0.5897978452535776,
    0.5813162032610331,
    0.5013413471713705
  ],
  "val_dice": [
    0.6388577593761122,
    0.6882380738727047,
    0.5258986974862057,
    0.6397877412707548,
    0.7555599405172884,
    0.7327417061688044,
    0.7753447291435955,
    0.698269948697625,
    0.7658697131097826,
    0.7666115002279459,
    0.7545498934709746,
    0.7128789744995259,
    0.7409959584142896,
    0.7002400593497814,
    0.7193792022597523,
    0.7798054937665958,
    0.7091198763213097,
    0.7704619966617167,
    0.7393310925687141,
    0.7373861837024374,
    0.6937280784857239,
    0.7638165393308272,
    0.7510206972134759,
    0.661539761429159,
    0.7316123346626981,
    0.7166044631245894,
    0.7167704135943682,
    0.7154872281472875,
    0.7205755562280063,
    0.7440190150102659
  ],
  "val_fpr": [
    0.2205188679245283,
    0.20636792452830188,
    0.020047169811320754,
    0.03537735849056604,
    0.1957547169811321,
    0.08018867924528301,
    0.18867924528301888,
    0.07075471698113207,
    0.13443396226415094,
    0.1474056603773585,
    0.10259433962264151,
    0.05306603773584906,
    0.04009433962264151,
    0.018867924528301886,
    0.01061320754716981,
    0.08962264150943396,
    0.04716981132075472,
    0.07193396226415094,
    0.04363207547169811,
    0.07900943396226415,
    0.014150943396226415,
    0.0660377358490566,
    0.03419811320754717,
    0.007075471698113208,
    0.03419811320754717,
    0.015330188679245283,
    0.025943396226415096,
    0.02830188679245283,
    0.027122641509433963,
    0.07783018867924528
  ],
  "val_fnr": [
    0.07977207977207977,
    0.05982905982905983,
    0.22364672364672364,
    0.1467236467236467,
    0.037037037037037035,
    0.07977207977207977,
    0.02564102564102564,
    0.09259259259259259,
    0.02849002849002849,
    0.027065527065527065,
    0.039886039886039885,
    0.07122507122507123,
    0.10113960113960115,
    0.1267806267806268,
    0.12393162393162394,
    0.06837606837606838,
    0.1267806267806268,
    0.06267806267806268,
    0.09971509971509972,
    0.10113960113960115,
    0.150997150997151,
    0.05555555555555555,
    0.09401709401709402,
    0.19515669515669515,
    0.11823361823361823,
    0.12393162393162394,
    0.12108262108262108,
    0.10398860398860399,
    0.10683760683760683,
    0.07264957264957266
  ]
}