{
  "thresholds": [
    0.5,
    0.55,
    0.6,
    0.65,
    0.7
  ],
  "val_dice_by_threshold": {
    "0.50": 0.7798054937665958,
    "0.55": 0.7794853191599886,
    "0.60": 0.7789572620833362,
    "0.65": 0.777965806636885,
    "0.70": 0.7769666503361318
  },
  "best_threshold": 0.5,
  "best_val_dice": 0.7798054937665958
}