{
  "dice": 0.7762668876164647,
  "hd95_mean": 12.723736763000488,
  "hd95_median": 4.095406532287598,
  "hd95_count": 714,
  "fpr": 0.037783375314861464,
  "fnr": 0.05555555555555555
}