{
  "train_loss": [
    1.0667756578440741,
    0.8896042233247453,
    0.7957038695441302,
    0.7340895560091135,
    0.7008087735647561,
    0.6721624470751422,
    0.6309053217501649,
    0.6092089028579408,
    0.5868970984331132,
    0.5773773239691539,
    0.5497884314392031,
    0.5324196998717747,
    0.5253439736818754,
    0.5055110828624271,
    0.5058878701148797,
    0.4900443552849219,
    0.47813619631363535,
    0.4794406367890055,
    0.46276013533451227,
    0.4605394729735634,
    0.4508679839194994,
    0.4398739425333466,
    0.4349108088387992,
    0.42726568036678136,
    0.42783392888843846,
    0.4210894076996802,
    0.4160436227048856,
    0.4061748688090013,
    0.4047489234851193,
    0.39600963679494644
  ],
  "train_dice": [
    0.6461293414033706,
    0.6942873381673303,
    0.7160842727450785,
    0.7309956728443493,
    0.7401660714473055,
    0.7480279073465682,
    0.7543812411584919,
    0.7608471475686456,
    0.7647985263645892,
    0.7679322423626583,
    0.7721832168147128,
    0.7763792441946636,
    0.7807246196367398,
    0.7843278043563415,
    0.7865218238994975,
    0.7895047574568516,
    0.7926841177832757,
    0.7937900100078786,
    0.7960258675456369,
    0.7987934641960333,
    0.8020752265420938,
    0.8028507367957468,
    0.807440026356178,
    0.8088897585351666,
    0.8103901282361348,
    0.8127689396849054,
    0.8140270602409205,
    0.8176435288715791,
    0.8185790482597756,
    0.8222276898597538
  ],
  "train_fpr": [
    0.4309629417656317,
    0.31950207468879666,
    0.2554013449706682,
    0.21622781911848885,
    0.20761196165402776,
    0.1974531406495922,
    0.1875804836171126,
    0.18145392100744132,
    0.17796852646638053,
    0.17882689556509299,
    0.18085563027614823,
    0.1851480898554872,
    0.1950207468879668,
    0.18989696622781913,
    0.1995993704392617,
    0.20403491200457863,
    0.1934745277618775,
    0.1954499928459007,
    0.2057518958363142,
    0.20206067544361764,
    0.19444841894405496,
    0.20071530758226036,
    0.1974531406495922,
    0.19842632331902718,
    0.19888396050937188,
    0.202461010158821,
    0.21917024320457798,
    0.1917024320457797,
    0.19773930462154815,
    0.2117310443490701
  ],
  "train_fnr": [
    0.028116213683223992,
    0.035801312089971886,
    0.04629803186504217,
    0.044977511244377814,
    0.04348641049671977,
    0.04423617619493908,
    0.04348641049671977,
    0.0421664167916042,
    0.04161979752530934,
    0.03712035995500562,
    0.03542642924086223,
    0.03598875351452671,
    0.03223992502343018,
    0.03335832083958021,
    0.030927835051546393,
    0.03149015932521087,
    0.031484257871064465,
    0.02980318650421743,
    0.029053420805998126,
    0.028298350824587707,
    0.026991565135895033,
    0.02699662542182227,
    0.024179943767572633,
    0.026059242594675666,
    0.022492970946579195,
    0.02436738519212746,
    0.021559805024371954,
    0.021372328458942633,
    0.019868791002811623,
    0.015748031496062992
  ],
  "val_loss": [
    1.610434241891793,
    2.120729707458221,
    1.2795729788150334,
    1.8755059333471098,
    1.1202623338880016,
    1.0050281203873621,
    1.1111184951100626,
    1.8942153252340177,
    1.6502451064150896,
    1.6206457347873415,
    1.1911337616539286,
    1.2492528688854483,
    0.9947407492733994,
    1.422677358316277,
    1.2174272887951199,
    1.2265501345824699,
    0.981265319181941,
    1.1591015198609804,
    1.2418854246123585,
    1.343945733638256,
    1.392392877262379,
    1.183048723533993,
    1.1170460260950617,
    1.4091193555767079,
    1.7480239431092857,
    1.3783842897565723,
    1.581366766925021,
    1.4601571696518434,
    1.438528767157274,
    1.3732851052886488
  ],
  "val_dice": [
    0.6177000868207544,
    0.5651372196471088,
    0.6593357931412922,
    0.6334887278248261,
    0.7126332052843576,
    0.7018118203904087,
    0.7096795936365561,
    0.6460010578017267,
    0.6528880163684022,
    0.651868388849002,
    0.7176697919190893,
    0.7045162001577653,
    0.7266039669618874,
    0.6917199487140593,
    0.6923100231436772,
    0.7050684133826867,
    0.7324353767971316,
    0.7214150957460135,
    0.7229775647697818,
    0.6922894954698002,
    0.6788542359821045,
    0.7265367249267682,
    0.7357548416549282,
    0.6884369041011662,
    0.6401626080119592,
    0.6995087826823785,
    0.6617307937517208,
    0.6879363195668978,
    0.6914088046468827,
    0.7152638459383728
  ],
  "val_fpr": [
    0.2451539338654504,
    0.09464082098061574,
    0.31927023945267957,
    0.037628278221208664,
    0.2839224629418472,
    0.2611174458380844,
    0.15279361459521096,
    0.03420752565564424,
    0.0330672748004561,
    0.019384264538198404,
    0.15051311288483465,
    0.09007981755986318,
    0.15279361459521096,
    0.0661345496009122,
    0.03876852907639681,
    0.12200684150513112,
    0.2702394526795895,
    0.14823261117445838,
    0.1402508551881414,
    0.046750285062713795,
    0.07297605473204105,
    0.15393386545039908,
    0.1630558722919042,
    0.10376282782212087,
    0.01710376282782212,
    0.08437856328392246,
    0.08437856328392246,
    0.10148232611174458,
    0.07297605473204105,
    0.08551881413911061
  ],
  "val_fnr": [
    0.07429420505200594,
    0.17087667161961367,
    0.06835066864784546,
    0.13670133729569092,
    0.031203566121842496,
    0.031203566121842496,
    0.09063893016344725,
    0.1515601783060921,
    0.1426448736998514,
    0.16344725111441308,
    0.07578008915304606,
    0.10549777117384844,
    0.05349182763744428,
    0.11738484398216939,
    0.10698365527488855,
    0.09806835066864784,
    0.03417533432392273,
    0.09361069836552749,
    0.07280832095096583,
    0.12481426448736999,
    0.1485884101040119,
    0.07280832095096583,
    0.04903417533432392,
    0.1337295690936107,
    0.18424962852897475,
    0.10104011887072809,
    0.15304606240713226,
    0.12927191679049035,
    0.12927191679049035,
    0.08469539375928678
  ]
}