{
  "thresholds": [
    0.5,
    0.55,
    0.6,
    0.65,
    0.7
  ],
  "val_dice_by_threshold": {
    "0.50": 0.7357548416549282,
    "0.55": 0.7351033699395686,
    "0.60": 0.7337572993420032,
    "0.65": 0.7321846590351098,
    "0.70": 0.7304845635722464
  },
  "best_threshold": 0.5,
  "best_val_dice": 0.7357548416549282
}