{
  "selected_threshold": 0.5,
  "dice": 0.8153432456397994,
  "hd95_median": 6.766563415527344,
  "fnr": 0.013368983957219251,
  "fpr": 0.21072319201995013
}