{
  "dice": 0.8153432456397994,
  "hd95_mean": 11.553132057189941,
  "hd95_median": 5.141941070556641,
  "hd95_count": 735,
  "fpr": 0.1596009975062344,
  "fnr": 0.017379679144385027
}