{
  "thresholds": [
    0.5,
    0.55,
    0.6,
    0.65,
    0.7
  ],
  "val_dice_by_threshold": {
    "0.50": 0.7522397388954282,
    "0.55": 0.7551855911021528,
    "0.60": 0.7578759034537984,
    "0.65": 0.760422310422696,
    "0.70": 0.7631953630918896
  },
  "best_threshold": 0.7,
  "best_val_dice": 0.7631953630918896
}