{
  "dice": 0.7607186601723053,
  "hd95_mean": 17.32479476928711,
  "hd95_median": 6.324555397033691,
  "hd95_count": 618,
  "fpr": 0.2546245919477693,
  "fnr": 0.020602218700475437
}