{
  "train_loss": [
    1.035594087814296,
    0.8172750145603156,
    0.765324423897675,
    0.6688439444480453,
    0.6381500721477121,
    0.5737397354850824,
    0.5539097270841221,
    0.529262384028089,
    0.5011188780768312,
    0.47988054406254727,
    0.459387669587729,
    0.44649732841156914,
    0.4307497926945038,
    0.42063159120806193,
    0.4139571309961387,
    0.40270512816536747,
    0.38797522784591243,
    0.5675385114438875,
    0.6759317060244869,
    0.6196868962388583,
    0.5712931525400872,
    0.5460578263855396,
    0.5399438557918552,
    0.49354828837998027,
    0.4842563651654473,
    0.5057739811071005,
    0.48251886578366326,
    0.49004664641918894,
    0.46393826119834514,
    0.4531260593887736
  ],
  "train_dice": [
    0.6039018952633827,
    0.6582411818635605,
    0.674834899046228,
    0.6952365034445256,
    0.7025380132480784,
    0.7167320952797511,
    0.7213913319746666,
    0.7310642464088529,
    0.7340189054408575,
    0.7412565309883044,
    0.7454158848298732,
    0.7493673783419488,
    0.7551266303881389,
    0.7571854533007908,
    0.7591928900766974,
    0.7670618786530506,
    0.7695531752810819,
    0.7548535550981402,
    0.7460317203553943,
    0.7530483662326063,
    0.7575351043562946,
    0.7600380771181419,
    0.7648069252423478,
    0.7678139458510239,
    0.7684448894977447,
    0.7711626363487788,
    0.7741137364722899,
    0.7754443056126513,
    0.7776602762812124,
    0.7781541395222924
  ],
  "train_fpr": [
    0.5325186121646298,
    0.4339702163529081,
    0.40160134850400336,
    0.3763697667884237,
    0.3700477662264681,
    0.3762292778870469,
    0.37075021073335207,
    0.3864849676875527,
    0.3881708345040742,
    0.3745434110705254,
    0.35974153673268716,
    0.36456869907277323,
    0.3666760325934251,
    0.35037932003371736,
    0.3685023883113234,
    0.3744029221691486,
    0.35627985389154254,
    0.26383815678561395,
    0.08850800786737847,
    0.11028378758078111,
    0.09187974150042147,
    0.10564765383534701,
    0.08668165214948019,
    0.09244169710592863,
    0.10705254284911492,
    0.09398707502107334,
    0.0945490306265805,
    0.0851362742343355,
    0.08610759938193567,
    0.0848552964315819
  ],
  "train_fnr": [
    0.018746449536072712,
    0.01703900037864445,
    0.021965536830145807,
    0.020825444907232107,
    0.01836425596365013,
    0.01893222264293828,
    0.01684967815221507,
    0.015903067020068155,
    0.01609238924649754,
    0.012684589170768649,
    0.012876349176292368,
    0.012684589170768649,
    0.011359333585762969,
    0.012305944717909882,
    0.011359333585762969,
    0.009087466868610375,
    0.00946611132146914,
    0.030480878455130634,
    0.05812192351382052,
    0.047709201060204466,
    0.048466489965922,
    0.044680045437334344,
    0.04449072321090496,
    0.042786823173040514,
    0.03937902309731162,
    0.041650889814464215,
    0.03824308973873533,
    0.04392275653161681,
    0.041469418670706304,
    0.042218856493752364
  ],
  "val_loss": [
    0.8937297977724121,
    0.6970400089295551,
    0.6266636321604445,
    0.5929063473825122,
    0.6487533002127336,
    1.088254791102749,
    0.6804195516848256,
    0.7038581267746714,
    0.6742605968924016,
    0.6955357106300041,
    0.661764446971486,
    0.750723998523453,
    0.9275336703556833,
    0.6674894028762205,
    0.7495064301880432,
    0.7539017663659787,
    0.9493978227998061,
    1.9817233891090722,
    3.326824594096169,
    1.7935211685483123,
    1.942747296186761,
    1.6787515425735113,
    2.1046038275180705,
    1.8703133332208521,
    1.7833598726052298,
    2.050666810251459,
    1.6657694012023099,
    1.3207705316154894,
    1.867364164441824,
    1.933041856940655
  ],
  "val_dice": [
    0.47287290917655217,
    0.6954358886433072,
    0.6696751774755882,
    0.7020913694282952,
    0.6672324410347347,
    0.6418143858030004,
    0.709404890518937,
    0.710301380737121,
    0.7165006356356021,
    0.7338159227122864,
    0.7170243024898385,
    0.7398787693009021,
    0.7175009557163542,
    0.729074254942437,
    0.7522397388954282,
    0.7183975837190415,
    0.7369138406511263,
    0.679832718904736,
    0.676606899989365,
    0.7004142612622731,
    0.7116200434809556,
    0.7443291132721122,
    0.7048419540790196,
    0.7273265964631895,
    0.7347894120346574,
    0.7263854438240088,
    0.7158399583006272,
    0.7380376337487914,
    0.7358223090557122,
    0.7334350542343164
  ],
  "val_fpr": [
    0.26824034334763946,
    0.23068669527896996,
    0.21030042918454936,
    0.3669527896995708,
    0.2832618025751073,
    0.10622317596566523,
    0.16523605150214593,
    0.2843347639484979,
    0.30150214592274677,
    0.23819742489270387,
    0.22424892703862662,
    0.1684549356223176,
    0.09871244635193133,
    0.2446351931330472,
    0.2167381974248927,
    0.1984978540772532,
    0.09549356223175966,
    0.018240343347639486,
    0.006437768240343348,
    0.059012875536480686,
    0.022532188841201718,
    0.03111587982832618,
    0.009656652360515022,
    0.008583690987124463,
    0.02575107296137339,
    0.019313304721030045,
    0.03755364806866953,
    0.03648068669527897,
    0.03755364806866953,
    0.033261802575107295
  ],
  "val_fnr": [
    0.059870550161812294,
    0.05825242718446602,
    0.06634304207119741,
    0.01779935275080906,
    0.045307443365695796,
    0.0889967637540453,
    0.05339805825242718,
    0.05177993527508091,
    0.03398058252427184,
    0.043689320388349516,
    0.04692556634304207,
    0.06472491909385113,
    0.09870550161812297,
    0.025889967637540454,
    0.03398058252427184,
    0.043689320388349516,
    0.07605177993527508,
    0.1262135922330097,
    0.16828478964401294,
    0.08576051779935275,
    0.10517799352750809,
    0.08414239482200647,
    0.12944983818770225,
    0.13268608414239483,
    0.10194174757281553,
    0.11650485436893204,
    0.09061488673139159,
    0.0825242718446602,
    0.09870550161812297,
    0.10517799352750809
  ],
  "train_bce_loss": [
    0.5624209853365159,
    0.43978774780478075,
    0.4066258383808311,
    0.33420168487652213,
    0.3128804334634876,
    0.2636936377123085,
    0.249773540649172,
    0.2351387236552526,
    0.21110804088261023,
    0.1981569562682216,
    0.18258991595910526,
    0.17409870980714495,
    0.16445224464799843,
    0.15770585491083156,
    0.15283259528282933,
    0.1507180427868552,
    0.1382289472213177,
    0.308145684778739,
    0.410453371851425,
    0.36037170814021147,
    0.31614898994109397,
    0.2933421433080832,
    0.29147566475323444,
    0.24837980711594962,
    0.23943898574907024,
    0.2634592320528379,
    0.24423066873114796,
    0.25244913550066617,
    0.22884639447275074,
    0.21841631846764523
  ],
  "val_bce_loss": [
    0.3513131588531664,
    0.3634244820146752,
    0.2664020443214616,
    0.26454875425248736,
    0.292495559914562,
    0.7236763005375464,
    0.3683484708460825,
    0.39558041689225737,
    0.37244251086323865,
    0.40480343034132277,
    0.35562154172179755,
    0.47436248649342716,
    0.6304072511478849,
    0.3796916068667202,
    0.4864607445634208,
    0.4568743654798029,
    0.6735136618021677,
    1.651811455144369,
    2.9932189376973533,
    1.4825080306484728,
    1.644233926541841,
    1.4083530914647246,
    1.7977296613461209,
    1.587826481364776,
    1.5061925088522976,
    1.7667364863947057,
    1.3696776823680186,
    1.0468346349287305,
    1.5920974248922264,
    1.6576329917612285
  ],