{
  "dice": 0.7607186601723053,
  "hd95_mean": 19.10835838317871,
  "hd95_median": 7.214552879333496,
  "hd95_count": 623,
  "fpr": 0.30359085963003263,
  "fnr": 0.012678288431061807,
  "selected_threshold": 0.5
}