{
  "selected_threshold": 0.7,
  "dice": 0.7624896230993766,
  "hd95_median": 6.324555397033691,
  "fnr": 0.020602218700475437,
  "fpr": 0.2546245919477693
}