{
  "dice": 0.8297440031979312,
  "hd95_mean": 13.264222145080566,
  "hd95_median": 7.071067810058594,
  "hd95_count": 371,
  "fpr": 0.21303258145363407,
  "fnr": 0.013297872340425532
}