{
  "train_loss": [
    0.5575933742429845,
    0.3776266891646095,
    0.3489251332015525,
    0.3243454220957815,
    0.3089465629741584,
    0.2960021970775605,
    0.28312425012790293,
    0.2752826714914855,
    0.2670840026683996,
    0.2636185952998297,
    0.2580765994281522,
    0.2465473112699915,
    0.2502290165398993,
    0.24487591777997653,
    0.24102423097225498,
    0.23890321926981684,
    0.23660323027253427,
    0.23271904563568,
    0.23118693865605267,
    0.24781467220317413,
    0.27970394380981045,
    0.26944579146672776,
    0.2617876067949127,
    0.26289413114458865,
    0.2603326926089979,
    0.2601965973459711,
    0.2529371846301592,
    0.256896789253023,
    0.25703834013593646,
    0.25532067299741973
  ],
  "train_dice": [
    0.6311999145110677,
    0.6813306565435008,
    0.7044735508767516,
    0.7238893362307928,
    0.7346215014632616,
    0.7450601414805779,
    0.7560510150234705,
    0.7624848937244231,
    0.7687511456106074,
    0.7701825314796497,
    0.7755286039315288,
    0.7858403737002038,
    0.7819193433379583,
    0.7860607291421675,
    0.7893050991453786,
    0.791177756852349,
    0.793426690461101,
    0.7962481286254315,
    0.7971242254432168,
    0.7880126430198539,
    0.7678132748363052,
    0.7733504754164864,
    0.7770083310002635,
    0.7768885585654759,
    0.7773429192458579,
    0.7760342721531047,
    0.7831352612771503,
    0.7799722118915902,
    0.7778695803618034,
    0.7796668277683179
  ],
  "train_fpr": [
    0.4958263772954925,
    0.42610631784024494,
    0.37656554411355414,
    0.3481770108544392,
    0.30495269894268223,
    0.2936264959643752,
    0.34223706176961605,
    0.32229334817701083,
    0.3094045631608236,
    0.27191761758975785,
    0.3191430161380078,
    0.29994435169727324,
    0.2932665553700612,
    0.3356526579460061,
    0.28722516003339826,
    0.2824937378235458,
    0.32192543127434614,
    0.3314778736431951,
    0.2785972724742555,
    0.24207011686143573,
    0.07514611745059839,
    0.08180300500834725,
    0.06317840244920679,
    0.07264124686891177,
    0.06232609905397885,
    0.061230169774561645,
    0.0790205898720089,
    0.05677706651822989,
    0.05093236849429446,
    0.04897050639955482
  ],
  "train_fnr": [
    0.03480278422273782,
    0.03247004252029378,
    0.028991109393119444,
    0.031696946269810594,
    0.03750966744006187,
    0.0363355237727097,
    0.029389017788089715,
    0.029764205643602628,
    0.030935808197989172,
    0.03904136064940085,
    0.03596287703016241,
    0.02822892498066512,
    0.03054911059551431,
    0.028218013142636257,
    0.030923850019327407,
    0.031696946269810594,
    0.023588553750966745,
    0.028218013142636257,
    0.03440278314650174,
    0.04563031709203403,
    0.0784692694240433,
    0.08391337973704563,
    0.08504058755315037,
    0.08117510630073445,
    0.0897138437741686,
    0.0889060688055663,
    0.0777262180974478,
    0.08774642442984151,
    0.08929261693080788,
    0.09822119102861562
  ],
  "val_loss": [
    0.4288623175911001,
    0.4152694404930682,
    0.7363110648619162,
    0.4162146330685229,
    0.3546673979710888,
    0.3291680047238195,
    0.3473998692390081,
    0.33735971607871956,
    0.37720637698028536,
    0.34465769875693963,
    0.3385719345630826,
    0.4172848878277315,
    0.3078186631605432,
    0.305201356998972,
    0.33337289783600216,
    0.34941859551378196,
    0.2933530848573994,
    0.373281607454693,
    0.3342331146670354,
    0.41440278134635977,
    0.4877019622841397,
    0.5674751369131578,
    0.5072103176568006,
    0.45482639030024813,
    0.45939801546770176,
    0.4299322906378153,
    0.46258779895063995,
    0.49594730082395916,
    0.44528326098177884,
    0.5629717784354815
  ],
  "val_dice": [
    0.6585938533214298,
    0.6889633913801329,
    0.42034622249445197,
    0.6842112997874014,
    0.7266668408051938,
    0.7394361908195188,
    0.7265239389160195,
    0.7371616793047586,
    0.7079010815233797,
    0.7339939055108541,
    0.7401693099857988,
    0.6715122620499617,
    0.7615560183754644,
    0.7615889032648222,
    0.7457740214124725,
    0.7268931615191537,
    0.7697570149560232,
    0.7097916320570418,
    0.7412173970728307,
    0.7494042711584149,
    0.7115068861648339,
    0.6615362487104092,
    0.7114696931395982,
    0.7291473724350735,
    0.7253653538589542,
    0.7404023837398839,
    0.7307512367496619,
    0.7158258865411217,
    0.7257628863727724,
    0.678429479776202
  ],
  "val_fpr": [
    0.2641975308641975,
    0.33827160493827163,
    0.01728395061728395,
    0.37777777777777777,
    0.23950617283950618,
    0.22469135802469137,
    0.4617283950617284,
    0.16296296296296298,
    0.1308641975308642,
    0.1382716049382716,
    0.2074074074074074,
    0.1654320987654321,
    0.21975308641975308,
    0.26666666666666666,
    0.20493827160493827,
    0.20493827160493827,
    0.31851851851851853,
    0.18518518518518517,
    0.18765432098765433,
    0.07901234567901234,
    0.06419753086419754,
    0.027160493827160494,
    0.06172839506172839,
    0.0691358024691358,
    0.044444444444444446,
    0.04691358024691358,
    0.06172839506172839,
    0.06172839506172839,
    0.05185185185185185,
    0.02962962962962963
  ],
  "val_fnr": [
    0.03513513513513514,
    0.016216216216216217,
    0.15135135135135136,
    0.010810810810810811,
    0.01891891891891892,
    0.024324324324324326,
    0.008108108108108109,
    0.016216216216216217,
    0.051351351351351354,
    0.03513513513513514,
    0.013513513513513514,
    0.032432432432432434,
    0.01891891891891892,
    0.010810810810810811,
    0.03513513513513514,
    0.01891891891891892,
    0.008108108108108109,
    0.02702702702702703,
    0.02702702702702703,
    0.08108108108108109,
    0.1,
    0.16486486486486487,
    0.0972972972972973,
    0.07027027027027027,
    0.14054054054054055,
    0.07567567567567568,
    0.11081081081081082,
    0.13243243243243244,
    0.043243243243243246,
    0.1864864864864865
  ]
}