{
  "thresholds": [
    0.5,
    0.55,
    0.6,
    0.65,
    0.7
  ],
  "val_dice_by_threshold": {
    "0.50": 0.8199404822607365,
    "0.55": 0.8189497616737199,
    "0.60": 0.8180565631689405,
    "0.65": 0.8169443078625661,
    "0.70": 0.8155978216222052
  },
  "best_threshold": 0.5,
  "best_val_dice": 0.8199404822607365
}