{
  "dice": 0.7796288208808271,
  "hd95_mean": 9.371463775634766,
  "hd95_median": 4.828444480895996,
  "hd95_count": 564,
  "fpr": 0.07675438596491228,
  "fnr": 0.11598746081504702,
  "selected_threshold": 0.5
}