{
  "train_loss": [
    0.4799365103273931,
    0.35023557508279785,
    0.31426736329724436,
    0.3060875623391271,
    0.29575645792369437,
    0.28921199492973176,
    0.28060882403996246,
    0.2788170778323023,
    0.3275873352761099,
    0.31482493115628374,
    0.3120666562316499,
    0.29926339368239707,
    0.29735026645280294,
    0.28830461446429034,
    0.28404042560130605,
    0.27891026266831587,
    0.27553500195284036,
    0.268219483748125,
    0.26356164306505686,
    0.2669736734592882,
    0.2613983666742911,
    0.2605943178494952,
    0.2582100137969091,
    0.2558557298249448,
    0.257949084889729,
    0.2508104724794224,
    0.2506228545392792,
    0.2506122857212717,
    0.24783418956249137,
    0.24286506472648076
  ],
  "train_dice": [
    0.6447102421396762,
    0.6995740205210565,
    0.7281420065106411,
    0.7345328620129132,
    0.7432225459279053,
    0.7482274016806293,
    0.7552884917912848,
    0.7577504449596312,
    0.7288824708025367,
    0.7343820888228082,
    0.7359306966473825,
    0.7456889942413012,
    0.7464267467908308,
    0.7519328897514312,
    0.7549896862872342,
    0.7577427059145285,
    0.7607826664996454,
    0.7670159264790486,
    0.7698744097006753,
    0.7666805396556996,
    0.7710247863344054,
    0.7713137678794726,
    0.7734473833507466,
    0.7750272712664982,
    0.7735579510191516,
    0.7792864417182122,
    0.7787808336208958,
    0.7785619722290478,
    0.7818922339829271,
    0.7853819876628694
  ],
  "train_fpr": [
    0.42220087815587265,
    0.36292535675082327,
    0.3397365532381998,
    0.326382219783235,
    0.32546652030735457,
    0.3227222832052689,
    0.31682217343578484,
    0.3228594950603732,
    0.120609220636663,
    0.11182766190998902,
    0.09261800219538968,
    0.08754116355653128,
    0.07491767288693743,
    0.0852085620197585,
    0.07821075740944018,
    0.07436882546652031,
    0.07765125531622993,
    0.07464324917672886,
    0.07491767288693743,
    0.0650384193194292,
    0.06668496158068057,
    0.06311745334796927,
    0.058589462129527994,
    0.06105089861435039,
    0.052819316778707645,
    0.059549945115257956,
    0.04939626783754116,
    0.0491218441273326,
    0.056119648737650935,
    0.06270581778265642
  ],
  "train_fnr": [
    0.03990610328638498,
    0.034624413145539906,
    0.03345070422535211,
    0.03345724907063197,
    0.03149452269170579,
    0.031103286384976527,
    0.03169014084507042,
    0.032081377151799685,
    0.10093896713615023,
    0.11150234741784038,
    0.11639280125195618,
    0.10582942097026604,
    0.11639280125195618,
    0.10485133020344288,
    0.10817683881064162,
    0.10993740219092332,
    0.101936998630405,
    0.0964397496087637,
    0.09780907668231612,
    0.10504694835680752,
    0.10015649452269171,
    0.10367762128325508,
    0.10230829420970267,
    0.10252396791234591,
    0.1066327528859323,
    0.10211267605633803,
    0.1073943661971831,
    0.10935054773082942,
    0.09820031298904539,
    0.09291862284820031
  ],
  "val_loss": [
    0.3765185053664199,
    0.29826577594118003,
    0.24554162326450707,
    0.2211714261872749,
    0.23206269119717401,
    0.25901648268853067,
    0.24564783881589242,
    0.29553076430890685,
    0.28256335794462784,
    0.297196070523106,
    0.3374054245788538,
    0.3480623146772561,
    0.3270006676882329,
    0.356369589014563,
    0.26447938085594297,
    0.31984706003681795,
    0.3112639943743951,
    0.33074547127495413,
    0.2161544291936302,
    0.3844862455645433,
    0.23975745637862553,
    0.27308177797278094,
    0.33799171413035967,
    0.2728114401916119,
    0.26299221264804606,
    0.2650536487385983,
    0.3450504297021358,
    0.27367076728515016,
    0.24333808913319951,
    0.3045861122677841
  ],
  "val_dice": [
    0.6622850084952878,
    0.7451797186682199,
    0.7917340811474259,
    0.8090222999894408,
    0.7999793353694431,
    0.7727690840845366,
    0.7804587683695529,
    0.7595887669408969,
    0.766606008049828,
    0.7525024490772619,
    0.7309493962344686,
    0.7240021439522681,
    0.7445602864688318,
    0.7274912419403798,
    0.7854108268494261,
    0.7412169172963095,
    0.7521696948506952,
    0.7295804321104605,
    0.8199404822607365,
    0.7138939964634603,
    0.8050437873152233,
    0.7666644353706104,
    0.7316572538428229,
    0.7741862348605983,
    0.7847346348836798,
    0.7788621069058864,
    0.7214275364427877,
    0.7726147300481091,
    0.7943094158104274,
    0.753424994075759
  ],
  "val_fpr": [
    0.20594965675057209,
    0.20823798627002288,
    0.2208237986270023,
    0.2437070938215103,
    0.2231121281464531,
    0.14759725400457666,
    0.09610983981693363,
    0.03546910755148741,
    0.012585812356979404,
    0.011441647597254004,
    0.004576659038901602,
    0.009153318077803204,
    0.010297482837528604,
    0.0,
    0.02288329519450801,
    0.0011441647597254005,
    0.008009153318077803,
    0.011441647597254004,
    0.04233409610983982,
    0.003432494279176201,
    0.05148741418764302,
    0.021739130434782608,
    0.012585812356979404,
    0.028604118993135013,
    0.02517162471395881,
    0.005720823798627002,
    0.0,
    0.013729977116704805,
    0.028604118993135013,
    0.013729977116704805
  ],
  "val_fnr": [
    0.07988165680473373,
    0.05621301775147929,
    0.057692307692307696,
    0.042899408284023666,
    0.03994082840236687,
    0.07544378698224852,
    0.06360946745562131,
    0.09467455621301775,
    0.13165680473372782,
    0.13165680473372782,
    0.16568047337278108,
    0.16715976331360946,
    0.15088757396449703,
    0.16124260355029585,
    0.09615384615384616,
    0.14497041420118342,
    0.14053254437869822,
    0.14349112426035504,
    0.07100591715976332,
    0.15532544378698224,
    0.07988165680473373,
    0.10207100591715976,
    0.14201183431952663,
    0.10650887573964497,
    0.10502958579881656,
    0.1242603550295858,
    0.14497041420118342,
    0.12721893491124261,
    0.09171597633136094,
    0.11982248520710059
  ],
  "train_bce_loss": [
    0.05849413243291602,
    0.036029368379505926,
    0.030990525586322877,
    0.03016125988427949,
    0.02890120732382159,
    0.02793251118204928,
    0.026637993944400043,
    0.028024507044102167,
    0.05007280607813738,
    0.04288382572256279,
    0.04177010919199243,
    0.03905292218155018,
    0.03806038433763327,
    0.03456077024897246,
    0.03339663290356617,
    0.03137486069368913,
    0.031016577521657124,
    0.030099768973824,
    0.02835101601926972,
    0.028568924271606993,
    0.02748617210257554,
    0.026938479903743623,
    0.02699597785954175,
    0.026071013865986366,
    0.02690309929705117,
    0.025392548670211235,
    0.02482478736437229,
    0.02477469389677665,
    0.025247307276482226,
    0.023707134190567237
  ],
  "val_bce_loss": [
    0.03931951845815087,
    0.028648761906588764,
    0.021504034521338047,
    0.022355831871709867,
    0.023135321062430533,
    0.024002152736053856,
    0.021993892836829988,
    0.04875823496251929,
    0.04321864596275288,
    0.0444350977098127,
    0.06444450059493029,
    0.06636106038997197,
    0.06753494704680203,
    0.0807941999593295,
    0.04603392322814318,
    0.057847534540641815,
    0.0595574429505484,
    0.057647216501015446,
    0.032044833624262234,
    0.09568139424026784,
    0.04054550893385013,
    0.03716634575836567,
    0.06770953314413988,
    0.04344800221549482,
    0.04466351050368273,
    0.04132508019831985,
    0.06431587377692967,
    0.042993523489002594,
    0.03511055667645962,
    0.05568939711171486
  ],