{
  "selected_threshold": 0.5,
  "dice": 0.7796288208808271,
  "hd95_median": 4.828444480895996,
  "fnr": 0.11598746081504702,
  "fpr": 0.07675438596491228
}