{
  "dice": 0.7796288208808271,
  "hd95_mean": 9.316665649414062,
  "hd95_median": 4.956155300140381,
  "hd95_count": 564,
  "fpr": 0.07675438596491228,
  "fnr": 0.11598746081504702
}