{
  "dice": 0.8210807295230022,
  "hd95_mean": 11.267765045166016,
  "hd95_median": 5.0,
  "hd95_count": 609,
  "fpr": 0.2565789473684211,
  "fnr": 0.045454545454545456,
  "selected_threshold": 0.5
}