{
  "dice": 0.8192812285815193,
  "hd95_mean": 10.52935791015625,
  "hd95_median": 4.907623767852783,
  "hd95_count": 604,
  "fpr": 0.23793859649122806,
  "fnr": 0.05329153605015674
}