{
  "train_loss": [
    0.4660805639849483,
    0.3509830157975746,
    0.3340965171303769,
    0.31677465420325635,
    0.3028348017252941,
    0.2881591410266093,
    0.2810190878575303,
    0.2702835131668324,
    0.2642923519948092,
    0.2569469953726843,
    0.24926990425397813,
    0.24257000381890714,
    0.23880689823098017,
    0.23059942849098483,
    0.22242974755514547,
    0.21876129886596019,
    0.21562304985323258,
    0.21139589407977072,
    0.20745326276884615,
    0.20453096706936127,
    0.20148406839996566,
    0.1985908371705346,
    0.1978760439318099,
    0.19503399468440977,
    0.19091618221168624,
    0.18871027216277375,
    0.18623297177553935,
    0.1836217592514627,
    0.1831978636663349,
    0.179401345759655
  ],
  "train_dice": [
    0.6490100952770221,
    0.7004593623572196,
    0.7147055704460709,
    0.7280891013295913,
    0.7386643343992424,
    0.7498264809086969,
    0.7556900309082863,
    0.7645834923831343,
    0.7690175398122097,
    0.775408654537361,
    0.7812200056094566,
    0.7870559658298993,
    0.7894679553683966,
    0.79677489419185,
    0.803576453144375,
    0.807027761647711,
    0.809594059199771,
    0.8135071806198726,
    0.8165894753776246,
    0.8191899098599831,
    0.821613429997813,
    0.824330938753347,
    0.8253396038477584,
    0.827561794387407,
    0.8310539185944712,
    0.8329792451689163,
    0.8355235963464454,
    0.8375891469779068,
    0.8378133137941037,
    0.8415642467279493
  ],
  "train_fpr": [
    0.4142425905598244,
    0.3792535675082327,
    0.3621020856201976,
    0.35222283205268934,
    0.32560373216245886,
    0.3004939626783754,
    0.29143798024149287,
    0.3004939626783754,
    0.27414928649835346,
    0.2796377607025247,
    0.26330954994511524,
    0.26413282107574093,
    0.260529565098093,
    0.2689352360043908,
    0.2725027442371021,
    0.2703073545554336,
    0.27565861690450055,
    0.2817944848401701,
    0.27538419319429197,
    0.2730515916575192,
    0.27442371020856204,
    0.2811470911086718,
    0.27607025246981337,
    0.2689352360043908,
    0.25836992316136115,
    0.27689352360043906,
    0.27689352360043906,
    0.2625874605570037,
    0.25672338090010977,
    0.24722184113047058
  ],
  "train_fnr": [
    0.04029733959311424,
    0.03227699530516432,
    0.03051643192488263,
    0.030125195618153366,
    0.03325508607198748,
    0.03834115805946792,
    0.03853677621283255,
    0.031103286384976527,
    0.03971048513302034,
    0.034624413145539906,
    0.03540688575899843,
    0.034624413145539906,
    0.0330659362160047,
    0.03188575899843506,
    0.028169014084507043,
    0.029147104851330204,
    0.024061032863849766,
    0.025044022696145567,
    0.022300469483568074,
    0.02190923317683881,
    0.023082942097026604,
    0.02093114241001565,
    0.023474178403755867,
    0.021322378716744913,
    0.02034428794992175,
    0.017801251956181534,
    0.017801251956181534,
    0.020152612013304635,
    0.01643192488262911,
    0.014478575621209158
  ],
  "val_loss": [
    0.3462540873122462,
    0.32078211990697586,
    0.28116680880644795,
    0.20776716254089447,
    0.2209441090283706,
    0.3900149111944587,
    0.22134322427025827,
    0.24200256180414964,
    0.3021079919152182,
    0.30093983200395247,
    0.19239844721824637,
    0.28082744596999953,
    0.22991365666594907,
    0.21146902756644248,
    0.20478641185578864,
    0.23050245461357238,
    0.22918827049213752,
    0.2334756982463175,
    0.17474750318349555,
    0.22349485032227354,
    0.24772415504399578,
    0.18771748353324874,
    0.24525712916252793,
    0.204099127510287,
    0.2025779816239367,
    0.2597801339393757,
    0.19517517843443524,
    0.2197140904567783,
    0.21105621425853766,
    0.23865991863890512
  ],
  "val_dice": [
    0.693931322305094,
    0.7167830618632924,
    0.7504304848809743,
    0.8211810884710687,
    0.8051184034470976,
    0.6653217795034926,
    0.8058710534114545,
    0.7887883273851589,
    0.7341043734365038,
    0.7388241684771027,
    0.8336819666975106,
    0.7543847597487954,
    0.8036595352666354,
    0.8168776804779673,
    0.8236208469110965,
    0.8021697135278459,
    0.8056447629227176,
    0.7978644440441045,
    0.8500669065796764,
    0.803658431506104,
    0.7969018323677619,
    0.8390580965812213,
    0.7899610578776861,
    0.827475980830726,
    0.8260284576058035,
    0.7767550608187297,
    0.833370463101513,
    0.809878509161035,
    0.825538957238021,
    0.7993110467531007
  ],
  "val_fpr": [
    0.14416475972540047,
    0.06864988558352403,
    0.2128146453089245,
    0.2906178489702517,
    0.14645308924485126,
    0.02745995423340961,
    0.15217391304347827,
    0.11098398169336385,
    0.041189931350114416,
    0.05377574370709382,
    0.2242562929061785,
    0.07894736842105263,
    0.15102974828375287,
    0.12700228832951946,
    0.13157894736842105,
    0.07208237986270023,
    0.08810068649885583,
    0.07093821510297482,
    0.14645308924485126,
    0.08352402745995423,
    0.14187643020594964,
    0.10183066361556065,
    0.07093821510297482,
    0.14759725400457666,
    0.11327231121281464,
    0.06636155606407322,
    0.12929061784897025,
    0.07437070938215103,
    0.19336384439359267,
    0.13157894736842105
  ],
  "val_fnr": [
    0.08136094674556213,
    0.08284023668639054,
    0.047337278106508875,
    0.008875739644970414,
    0.0621301775147929,
    0.15976331360946747,
    0.04881656804733728,
    0.0621301775147929,
    0.11982248520710059,
    0.10207100591715976,
    0.022189349112426034,
    0.07840236686390532,
    0.05029585798816568,
    0.04437869822485207,
    0.034023668639053255,
    0.0650887573964497,
    0.04437869822485207,
    0.05473372781065089,
    0.026627218934911243,
    0.05621301775147929,
    0.03550295857988166,
    0.03254437869822485,
    0.05621301775147929,
    0.02514792899408284,
    0.038461538461538464,
    0.04437869822485207,
    0.02514792899408284,
    0.03698224852071006,
    0.022189349112426034,
    0.03550295857988166
  ],
  "train_bce_loss": [
    0.06258045084522307,
    0.0420611769074123,
    0.040090208291164366,
    0.03733577412729827,
    0.034853777645430836,
    0.03199181008542172,
    0.031370519852409164,
    0.029570129061971036,
    0.02853568187443679,
    0.027321287316471324,
    0.026294075624455657,
    0.025479223971854398,
    0.02434242806533633,
    0.02349889956921671,
    0.022398001899615248,
    0.022043285499898282,
    0.021726291591032225,
    0.02106383569363936,
    0.020674166585794265,
    0.020429286124606233,
    0.01987112204601338,
    0.019807039140283048,
    0.019784087613914546,
    0.019511327734193305,
    0.018807186463549532,
    0.018716226234287613,
    0.018544067261113434,
    0.018187120229982704,
    0.01813580592239356,
    0.017877482997780955
  ],
  "val_bce_loss": [
    0.0390842272077302,
    0.038660667950498245,
    0.02929321000235484,
    0.020960649391566506,
    0.022518931383527258,
    0.05500637187972336,
    0.024575024066389072,
    0.028651829695204387,
    0.03560402971216992,
    0.03942468950750352,
    0.022247133821040804,
    0.035439969293562044,
    0.031534595130157474,
    0.02676641095124241,
    0.025691273748467726,
    0.030722932270062023,
    0.03379807191132499,
    0.03037636626854342,
    0.022091115733067684,
    0.02661197996125198,
    0.043679431146861486,
    0.02452572018607105,
    0.03441298811538637,
    0.02922222317130902,
    0.027485619879597398,
    0.03667417068426451,
    0.027727502900879754,
    0.028476297356392885,
    0.03338424150867129,
    0.03673420436070256
  ],