{
  "dice": 0.7058715416719921,
  "hd95_mean": 17.110172271728516,
  "hd95_median": 8.335848808288574,
  "hd95_count": 290,
  "fpr": 0.05043859649122807,
  "fnr": 0.09090909090909091
}