{
  "train_loss": [
    0.5360929409743715,
    0.345326426924501,
    0.3209713004150397,
    0.30239694922100085,
    0.29361264051272323,
    0.2823941970032908,
    0.27312069412166157,
    0.2686659834437209,
    0.261028799500035,
    0.3034466194804915,
    0.3147025956304342,
    0.3072444350447184,
    0.2981034939027863,
    0.28625383637023555,
    0.2870927698036076,
    0.28374894877175455,
    0.28329925825185487,
    0.2805566179903703,
    0.2791918221723202,
    0.28002555229580595,
    0.2670895168700615,
    0.26706592938963747,
    0.26546637978190213,
    0.26415286865503307,
    0.2614382630032221,
    0.26442125343516326,
    0.25676823529288356,
    0.2614910905066497,
    0.25030783805933465,
    0.2501239417085276
  ],
  "train_dice": [
    0.6525973837773331,
    0.7097592045813026,
    0.7288432436801139,
    0.7430672557124572,
    0.7498777960606541,
    0.7598251544835942,
    0.7664381244293965,
    0.7691181655405274,
    0.7750219386826752,
    0.7466690420422925,
    0.7407464973441769,
    0.7461174262556558,
    0.7523425976548753,
    0.7569061495933512,
    0.7572392662317899,
    0.7595888574230822,
    0.7601320011490398,
    0.7613152957417202,
    0.7622532481055988,
    0.7592909259193283,
    0.7710338175916794,
    0.7705328487578665,
    0.7721583397902977,
    0.7732220001117498,
    0.7755691726551608,
    0.7725193561598096,
    0.7786080815508444,
    0.7739272982277898,
    0.7834327905559044,
    0.783464070898716
  ],
  "train_fpr": [
    0.47424460431654675,
    0.4170984455958549,
    0.33352517985611513,
    0.30983889528193326,
    0.3122302158273381,
    0.3148201438848921,
    0.31798561151079136,
    0.32143884892086333,
    0.3376511226252159,
    0.2684892086330935,
    0.09093525179856116,
    0.09007194244604316,
    0.08690647482014388,
    0.08693149107656879,
    0.08314154200230149,
    0.0892343120322395,
    0.08750719631548647,
    0.08143884892086331,
    0.0644789867587795,
    0.05699481865284974,
    0.06762589928057554,
    0.07052389176741508,
    0.0814622913068509,
    0.07944732297063903,
    0.06992805755395684,
    0.06534254461715601,
    0.05669064748201439,
    0.04690647482014389,
    0.07453237410071943,
    0.07223021582733813
  ],
  "train_fnr": [
    0.03666292555181444,
    0.027673896783844427,
    0.02880658436213992,
    0.03592814371257485,
    0.03554059109614665,
    0.02843247287691732,
    0.02955480733258511,
    0.036288814066591846,
    0.031039640987284966,
    0.07033295922184811,
    0.10811821922933033,
    0.09913954358398804,
    0.09801720912832024,
    0.10209424083769633,
    0.09842814371257486,
    0.09910246821241586,
    0.0987284966342558,
    0.10400299289188178,
    0.10284218399401646,
    0.11106955871353777,
    0.09951365506921063,
    0.09798055347793568,
    0.09648466716529544,
    0.09012715033657442,
    0.09539842873176206,
    0.09723261032161555,
    0.0931537598204265,
    0.10587355031799477,
    0.08866442199775533,
    0.0912832023943135
  ],
  "val_loss": [
    0.5670760881341448,
    0.4133592463833146,
    0.33936360539578975,
    0.35248336410068,
    0.47439831250573883,
    0.32442658366171145,
    0.2837792339562671,
    0.2776321814207038,
    0.27725724382134825,
    0.4596251722567242,
    0.3365504007098262,
    0.30432016942158474,
    0.3718428151611009,
    0.30675588845332696,
    0.2792951201151543,
    0.3707163589965563,
    0.28402119175779506,
    0.32169054802561786,
    0.3378684847585617,
    0.25620758135822164,
    0.32434509187674593,
    0.2784609687118586,
    0.3867855795230334,
    0.2922495836910964,
    0.3115113431320162,
    0.3647189261801432,
    0.2736165694389875,
    0.2960263676832149,
    0.2968831874233537,
    0.2682680888347262
  ],
  "val_dice": [
    0.49149803711030404,
    0.6549849968275213,
    0.6989789278494997,
    0.682718294456907,
    0.5888956591618026,
    0.7130061138934753,
    0.7521513456921162,
    0.757817710534044,
    0.7603991488295216,
    0.6376910891351113,
    0.7261704698510884,
    0.742538743550668,
    0.6963196783230976,
    0.7376180133861531,
    0.7600220796649407,
    0.707884743503811,
    0.7555743190637432,
    0.7358731449174741,
    0.7244214407247532,
    0.7776643977093557,
    0.733940986594147,
    0.7604547893502845,
    0.6951438375145109,
    0.7528998031993765,
    0.7391344340316012,
    0.7024822231611548,
    0.7648945388294035,
    0.74957006492398,
    0.7475623717842913,
    0.7700845464146382
  ],
  "val_fpr": [
    0.20506912442396313,
    0.5368663594470046,
    0.1543778801843318,
    0.06912442396313365,
    0.10829493087557604,
    0.1175115207373272,
    0.10138248847926268,
    0.31105990783410137,
    0.20046082949308755,
    0.0,
    0.0,
    0.013824884792626729,
    0.0,
    0.0,
    0.0069124423963133645,
    0.009216589861751152,
    0.027649769585253458,
    0.016129032258064516,
    0.002304147465437788,
    0.03917050691244239,
    0.0,
    0.0069124423963133645,
    0.0,
    0.002304147465437788,
    0.0,
    0.0,
    0.03686635944700461,
    0.04838709677419355,
    0.0,
    0.002304147465437788
  ],
  "val_fnr": [
    0.11143695014662756,
    0.005865102639296188,
    0.0469208211143695,
    0.093841642228739,
    0.18181818181818182,
    0.0967741935483871,
    0.06451612903225806,
    0.017595307917888565,
    0.08211143695014662,
    0.21114369501466276,
    0.1495601173020528,
    0.12316715542521994,
    0.1935483870967742,
    0.15542521994134897,
    0.11730205278592376,
    0.15835777126099707,
    0.12316715542521994,
    0.1466275659824047,
    0.15542521994134897,
    0.07624633431085044,
    0.1466275659824047,
    0.09970674486803519,
    0.18475073313782991,
    0.13196480938416422,
    0.1466275659824047,
    0.1436950146627566,
    0.11143695014662756,
    0.12316715542521994,
    0.12903225806451613,
    0.12023460410557185
  ]
}