{
  "train_loss": [
    0.4269750438895929,
    0.28867901677799584,
    0.26386697348724736,
    0.2533149986489482,
    0.2407617820551878,
    0.23510928789708355,
    0.2294011892697363,
    0.25786959536266624,
    0.2615317296769533,
    0.2560357072050422,
    0.24689631825047276,
    0.24270967006129038,
    0.23969968845036072,
    0.23461617934679094,
    0.23676819862138307,
    0.2338899352713858,
    0.2291029777575155,
    0.22688684836231524,
    0.23126973618296362,
    0.2280123292977477,
    0.2248093204876002,
    0.22067745295135294,
    0.21737858136959892,
    0.21646851847136164,
    0.21200415736056671,
    0.21022439676349797,
    0.2038571465970981,
    0.21362537035947135,
    0.20645700668096098,
    0.2084596307974975
  ],
  "train_dice": [
    0.6910774060818915,
    0.754510607974119,
    0.7734455561823483,
    0.7811646986440253,
    0.7910549331523119,
    0.795788232192818,
    0.8003042174797784,
    0.7830818252120735,
    0.7785463772565487,
    0.7814894255841821,
    0.7878886808262856,
    0.7905661650564652,
    0.792929204694306,
    0.7960060811446996,
    0.7939422827593617,
    0.796223324397353,
    0.7996956640597418,
    0.8013580316435174,
    0.797453614693665,
    0.8005230978420259,
    0.8025262480420717,
    0.8059514817583256,
    0.809119695532562,
    0.8092658967918899,
    0.8139722362690088,
    0.8154024206803947,
    0.8206965038500773,
    0.8118487144724863,
    0.8178539783194586,
    0.8161077723667685
  ],
  "train_fpr": [
    0.4476271911073108,
    0.36368818583440216,
    0.34088641869744907,
    0.31965227305116145,
    0.3104873183243089,
    0.2907225309961522,
    0.28312909660872043,
    0.21145625534340268,
    0.1135813025509477,
    0.09120706854781245,
    0.09662248824283882,
    0.08864186974490523,
    0.10045597036192648,
    0.0963237389569678,
    0.08365398318369674,
    0.0805072670276432,
    0.08820176688515247,
    0.08947143467730446,
    0.07923614080091207,
    0.08066125124697164,
    0.07367821006127975,
    0.07296565483824996,
    0.07410574319509762,
    0.07980618497933589,
    0.08036477628954118,
    0.07523510971786834,
    0.08121972071815332,
    0.07737247078939868,
    0.07610089781958101,
    0.08479407154054439
  ],
  "train_fnr": [
    0.029647585306731308,
    0.02424016408726459,
    0.023121387283236993,
    0.02386723848592206,
    0.024058187243565832,
    0.022189073279880664,
    0.02126072361059306,
    0.0432674375233122,
    0.06917769904903971,
    0.07439865746783517,
    0.06712660824165578,
    0.07383926906582138,
    0.07068258112644536,
    0.06620663931368892,
    0.07402573186649264,
    0.07497202536367027,
    0.07049608355091384,
    0.068084312628241,
    0.07794145068058922,
    0.07272049226179378,
    0.07495804586984897,
    0.0730934178631363,
    0.06712660824165578,
    0.06805892224501212,
    0.05986572174561731,
    0.061917195076464,
    0.054270794479671765,
    0.07180156657963446,
    0.06302442662688794,
    0.06488905463360059
  ],
  "val_loss": [
    0.43781838160361686,
    0.3424392291881742,
    0.3731731440572843,
    0.33431917361534425,
    0.31770794618956366,
    0.3019787519191303,
    0.4060299323858136,
    0.3587402711058185,
    0.35426487322271305,
    0.33999055097572994,
    0.416444009825261,
    0.3522780475172683,
    0.2957104081328768,
    0.38605662525570306,
    0.30976474950783445,
    0.28488127674064495,
    0.33774208450404397,
    0.29724281757634924,
    0.29764608307911533,
    0.30157770153379787,
    0.40445615813462404,
    0.2761979330956501,
    0.31527609358521275,
    0.3890244635896091,
    0.320748777535275,
    0.3555451113159639,
    0.3077468369455233,
    0.3581567852819053,
    0.29073714624791247,
    0.25946874786032376
  ],
  "val_dice": [
    0.6501392501474351,
    0.7262568237409539,
    0.703389216165473,
    0.7287313308566808,
    0.7448624812012171,
    0.7536030171357476,
    0.6767879145750164,
    0.7356038521458633,
    0.7327391275089152,
    0.7232962049271938,
    0.6713507673628356,
    0.7265074144858513,
    0.75899206717519,
    0.6946815095678733,
    0.747515751040765,
    0.7623093517809889,
    0.7370221642464617,
    0.7530576222786938,
    0.7498261075058993,
    0.7485066606615581,
    0.6803760330607421,
    0.767007133516952,
    0.7374373978670061,
    0.6844470841959662,
    0.7383540950661158,
    0.7170468735868913,
    0.743801655511569,
    0.7068282815661744,
    0.7567070814162276,
    0.7767002982053444
  ],
  "val_fpr": [
    0.17109826589595376,
    0.33410404624277457,
    0.1791907514450867,
    0.2994219653179191,
    0.41040462427745666,
    0.19421965317919074,
    0.13641618497109825,
    0.10982658959537572,
    0.06127167630057803,
    0.06820809248554913,
    0.03699421965317919,
    0.03699421965317919,
    0.07283236994219654,
    0.03699421965317919,
    0.06242774566473988,
    0.048554913294797684,
    0.06473988439306358,
    0.057803468208092484,
    0.05317919075144509,
    0.07630057803468208,
    0.07745664739884393,
    0.07283236994219654,
    0.09710982658959537,
    0.05202312138728324,
    0.04277456647398844,
    0.048554913294797684,
    0.06820809248554913,
    0.018497109826589597,
    0.07283236994219654,
    0.08208092485549133
  ],
  "val_fnr": [
    0.06861313868613139,
    0.02335766423357664,
    0.05547445255474453,
    0.021897810218978103,
    0.008759124087591242,
    0.042335766423357665,
    0.05693430656934306,
    0.06569343065693431,
    0.08321167883211679,
    0.0905109489051095,
    0.14452554744525548,
    0.10510948905109489,
    0.08759124087591241,
    0.13138686131386862,
    0.07737226277372262,
    0.11094890510948906,
    0.0948905109489051,
    0.09927007299270073,
    0.10218978102189781,
    0.0905109489051095,
    0.11970802919708029,
    0.08321167883211679,
    0.06861313868613139,
    0.15766423357664233,
    0.10072992700729927,
    0.11240875912408758,
    0.08175182481751825,
    0.1591240875912409,
    0.09197080291970802,
    0.08759124087591241
  ]
}