{
  "dice": 0.6754465219885656,
  "hd95_mean": 12.998448371887207,
  "hd95_median": 7.211102485656738,
  "hd95_count": 624,
  "fpr": 0.050059594755661505,
  "fnr": 0.12236286919831224
}