{
  "thresholds": [
    0.5,
    0.55,
    0.6,
    0.65,
    0.7
  ],
  "val_dice_by_threshold": {
    "0.50": 0.7767002982053444,
    "0.55": 0.7759957892289997,
    "0.60": 0.7751907822506053,
    "0.65": 0.7741125683279804,
    "0.70": 0.7730126178177604
  },
  "best_threshold": 0.5,
  "best_val_dice": 0.7767002982053444
}