{
  "selected_threshold": 0.5,
  "dice": 0.6754465219885656,
  "hd95_median": 7.211102485656738,
  "fnr": 0.12236286919831224,
  "fpr": 0.05125148986889154
}