{
  "dice": 0.7714901070489928,
  "hd95_mean": 13.18720817565918,
  "hd95_median": 5.0,
  "hd95_count": 739,
  "fpr": 0.1561712846347607,
  "fnr": 0.022486772486772486
}