{
  "selected_threshold": 0.7,
  "dice": 0.7755696769389842,
  "hd95_median": 5.0,
  "fnr": 0.022486772486772486,
  "fpr": 0.1561712846347607
}