{
  "thresholds": [
    0.5,
    0.55,
    0.6,
    0.65,
    0.7
  ],
  "val_dice_by_threshold": {
    "0.50": 0.7881143921375954,
    "0.55": 0.7889049696574184,
    "0.60": 0.7900649584256686,
    "0.65": 0.7912406322580797,
    "0.70": 0.7921043403892436
  },
  "best_threshold": 0.7,
  "best_val_dice": 0.7921043403892436
}