{
  "dice": 0.7714901070489928,
  "hd95_mean": 13.317875862121582,
  "hd95_median": 5.0,
  "hd95_count": 743,
  "fpr": 0.17884130982367757,
  "fnr": 0.017195767195767195,
  "selected_threshold": 0.5
}