{
  "train_loss": [
    1.4449639842719335,
    1.0252810933216343,
    0.8684583404282952,
    0.7481412275653694,
    0.7204548806866501,
    0.6302127512132325,
    0.6116545136352273,
    0.5597260980239618,
    0.5458302345336783,
    0.5195291240957312,
    0.49377603603031633,
    0.48414920935632294,
    0.47335492405035423,
    0.4489094862891976,
    0.4456164685521161,
    0.4218958225762612,
    0.4218971567003424,
    0.4133875601350203,
    0.40081988998614354,
    0.38595852761560656,
    0.3714184377540876,
    0.36578871703924865,
    0.36445638448408285,
    0.3534068947644284,
    0.3524530159567588,
    0.34120980444511984,
    0.337036380110095,
    0.3301639982611689,
    0.3213183653473693,
    0.31767019315538997
  ],
  "train_dice": [
    0.6252919867725303,
    0.6905263802251861,
    0.7157869634127485,
    0.7318283320448262,
    0.7422634392016773,
    0.7510075307337424,
    0.7551770593804951,
    0.7601585557737051,
    0.7648040620867211,
    0.7709212019269087,
    0.7738448773341455,
    0.7797152335599707,
    0.7800493490521335,
    0.7855334427147141,
    0.786678550737331,
    0.7910538808351353,
    0.7917757724898474,
    0.7962242694155017,
    0.8007855801884443,
    0.8022383388494178,
    0.804340888668802,
    0.8072177136636083,
    0.8089405198612788,
    0.8107952584572918,
    0.814435144508328,
    0.8151616152057468,
    0.8192975925578546,
    0.8191492182768044,
    0.8231635323766258,
    0.8244744002720797
  ],
  "train_fpr": [
    0.48642283180936546,
    0.4038514824050984,
    0.3660293710169022,
    0.3309781102798559,
    0.32128013300083125,
    0.30798004987531175,
    0.3114436131892491,
    0.3222499307287337,
    0.3261291216403436,
    0.29564976447769464,
    0.30908839013577166,
    0.3119977833194791,
    0.31075090052646165,
    0.3029925187032419,
    0.2744527569963979,
    0.2794402881684677,
    0.27528401219174287,
    0.27403712939872543,
    0.255749515101136,
    0.2545026323081186,
    0.2660016625103907,
    0.2651704073150457,
    0.27126627874757553,
    0.25159323912441117,
    0.27209753394292047,
    0.2593516209476309,
    0.2654474923801607,
    0.2687725131615406,
    0.2653089498476032,
    0.25325574951510116
  ],
  "train_fnr": [
    0.02238517946738711,
    0.020841373986877652,
    0.023157082207641837,
    0.023157082207641837,
    0.020262446931686606,
    0.01775376302585874,
    0.019104592821304514,
    0.017946738710922425,
    0.011771516788884601,
    0.015052103434967195,
    0.013894249324585103,
    0.010420686993438826,
    0.013894249324585103,
    0.016209957545349287,
    0.013894249324585103,
    0.011385565418757236,
    0.013315322269394057,
    0.011385565418757236,
    0.012929370899266693,
    0.01370127363952142,
    0.015052103434967195,
    0.011964492473948282,
    0.012350443844075647,
    0.010806638363566191,
    0.011964492473948282,
    0.011578541103820918,
    0.009455808568120417,
    0.012543419529139328,
    0.009069857197993053,
    0.009455808568120417
  ],
  "val_loss": [
    1.15489854128697,
    2.5991716858455938,
    1.7797745818808208,
    0.9908640814302994,
    1.3865647314811533,
    2.049129666553603,
    1.5211051557308588,
    2.0876451660149287,
    2.030091586382131,
    1.9303076817333018,
    1.6408250765859063,
    1.2857950493863166,
    1.6649422090065444,
    1.3062522307972284,
    1.2361122669593732,
    1.519332436786333,
    2.207188066477195,
    1.4632366426777297,
    1.8580914482453101,
    1.424729266047393,
    1.708420165710979,
    2.950036299003665,
    1.3501841845017384,
    1.667875363191648,
    1.4586781856107747,
    1.6215967201970072,
    2.0016121535835274,
    1.3002891335901712,
    1.9026287412032103,
    1.8174145413387535
  ],
  "val_dice": [
    0.708074239180808,
    0.6168050736300329,
    0.6796583248477461,
    0.7304575172096406,
    0.7250392968286137,
    0.7023879978089378,
    0.7432588930440764,
    0.6871580005357403,
    0.7021087236613556,
    0.6985304429065807,
    0.7406537035888756,
    0.7349151240587447,
    0.7406622774512945,
    0.7734749846988254,
    0.7454333339547181,
    0.7561772736134352,
    0.7217264846922495,
    0.7437677395522085,
    0.7267319500987601,
    0.7821321607477156,
    0.7657782103285257,
    0.7014653223362404,
    0.7687237425640947,
    0.7531175305012168,
    0.7881143921375954,
    0.7777983660377201,
    0.7551479898605421,
    0.7713747667069109,
    0.7669924595300374,
    0.7643898415121853
  ],
  "val_fpr": [
    0.30424528301886794,
    0.3007075471698113,
    0.1580188679245283,
    0.21933962264150944,
    0.20754716981132076,
    0.24410377358490565,
    0.23938679245283018,
    0.1320754716981132,
    0.17806603773584906,
    0.17099056603773585,
    0.22287735849056603,
    0.2169811320754717,
    0.21816037735849056,
    0.19811320754716982,
    0.21816037735849056,
    0.21108490566037735,
    0.18160377358490565,
    0.22877358490566038,
    0.1957547169811321,
    0.21462264150943397,
    0.24882075471698112,
    0.14150943396226415,
    0.23113207547169812,
    0.2346698113207547,
    0.2016509433962264,
    0.2099056603773585,
    0.10023584905660378,
    0.3089622641509434,
    0.27240566037735847,
    0.18514150943396226
  ],
  "val_fnr": [
    0.0641025641025641,
    0.09259259259259259,
    0.07834757834757834,
    0.03276353276353276,
    0.02849002849002849,
    0.03418803418803419,
    0.019943019943019943,
    0.05270655270655271,
    0.038461538461538464,
    0.05982905982905983,
    0.02564102564102564,
    0.04415954415954416,
    0.04131054131054131,
    0.018518518518518517,
    0.017094017094017096,
    0.022792022792022793,
    0.05982905982905983,
    0.027065527065527065,
    0.06125356125356125,
    0.022792022792022793,
    0.014245014245014245,
    0.10113960113960115,
    0.021367521367521368,
    0.019943019943019943,
    0.01566951566951567,
    0.022792022792022793,
    0.04843304843304843,
    0.002849002849002849,
    0.005698005698005698,
    0.03418803418803419
  ],
  "train_bce_loss": [
    0.9965063103956153,
    0.6884935716791988,
    0.5614500622277306,
    0.45897192654986363,
    0.44262458800555404,
    0.362160761110451,
    0.3473220064142524,
    0.30066644695887323,
    0.2914669436368876,
    0.2709276167325978,
    0.24865042324102796,
    0.24511472558665054,
    0.23469139907393347,
    0.21579287372513692,
    0.21490165867824043,
    0.19571228761353812,
    0.19673712763477755,
    0.1929248751187679,
    0.1853576388697848,
    0.1723593962225474,
    0.16047554644667955,
    0.15828624504541244,
    0.1589163365164799,
    0.1499791087564106,
    0.1532512999333647,
    0.14304689606495305,
    0.14346611312023425,
    0.1363386256351131,
    0.13163744379276407,
    0.13024200720171622
  ],
  "val_bce_loss": [
    0.8410994726554238,
    2.2217511193802912,
    1.4551652482103163,
    0.712376331063412,
    1.0991433144824319,
    1.7445884060401182,
    1.2500272344683756,
    1.77527292923235,
    1.7254694264380135,
    1.629825177369971,
    1.3683313398013035,
    1.012628023309681,
    1.39701823213342,
    1.067982770658451,
    0.96880499181932,
    1.263661722563064,
    1.92247421016646,
    1.1966137170242384,
    1.5800322989377318,
    1.1961941859151564,
    1.4594664399563853,
    2.648415498650418,
    1.1044448853697246,
    1.4115130728614143,
    1.2370470340066506,
    1.3901366037993221,
    1.753157144860813,
    1.062495867126393,
    1.659434805743919,
    1.574491185479747
  ],