{
  "dice": 0.8133187643526232,
  "hd95_mean": 9.50987434387207,
  "hd95_median": 3.3174233436584473,
  "hd95_count": 702,
  "fpr": 0.03865336658354115,
  "fnr": 0.06149732620320856
}