{
  "train_loss": [
    0.46789111458868166,
    0.3519321453067819,
    0.3230293578956265,
    0.29592059532144127,
    0.3071676577016225,
    0.33460328731486205,
    0.3267902364138223,
    0.3139228771117445,
    0.3071226383108406,
    0.300560654004871,
    0.2898144683234444,
    0.2892234558721298,
    0.28205339863548695,
    0.28098172882105454,
    0.2788276956996125,
    0.27336274229920005,
    0.28072487319626943,
    0.26818405288080316,
    0.2670785757078408,
    0.2587965347254691,
    0.2591465660342961,
    0.255958632312958,
    0.2549430357049341,
    0.24914177364566414,
    0.25307737339938663,
    0.250045739908422,
    0.25522819543089803,
    0.24354990028966123,
    0.24972375309390799,
    0.2425661298929472
  ],
  "train_dice": [
    0.6569039774390155,
    0.7026551204780762,
    0.7234582720131797,
    0.7450208031263299,
    0.7396679784477069,
    0.7215096972845397,
    0.7251094902777099,
    0.7331991720751956,
    0.7397312010279571,
    0.7424140626203682,
    0.7520358204896418,
    0.7516091472858354,
    0.7562402919781931,
    0.7559627303211339,
    0.7594146707133255,
    0.7626123140246476,
    0.7568904926108176,
    0.7666523813317506,
    0.7681456912749459,
    0.7743044339024044,
    0.7738436831421787,
    0.7771843076960046,
    0.777375776190405,
    0.7816164003897352,
    0.7789337734539603,
    0.7811209969222546,
    0.7764219431310607,
    0.7866368982110122,
    0.7811358086588531,
    0.787671728336114
  ],
  "train_fpr": [
    0.429643261608154,
    0.34144960362400906,
    0.2873725934314836,
    0.295158550396376,
    0.2410815402038505,
    0.0789920724801812,
    0.05535107587768969,
    0.04218573046432616,
    0.04515855039637599,
    0.04077010192525481,
    0.04006228765571914,
    0.039920724801812,
    0.032559456398640996,
    0.03411664779161948,
    0.04006228765571914,
    0.031002265005662513,
    0.02760475651189128,
    0.027887882219705548,
    0.03595696489241223,
    0.04246885617214043,
    0.03185164212910532,
    0.04020385050962627,
    0.03921291053227633,
    0.04572480181200453,
    0.03595696489241223,
    0.03454133635334088,
    0.029303510758776897,
    0.050396375990939976,
    0.041336353340883356,
    0.05351075877689694
  ],
  "train_fnr": [
    0.038980509745127435,
    0.032796101949025484,
    0.04047976011994003,
    0.03354572713643179,
    0.05116191904047976,
    0.09988755622188905,
    0.11600449775112444,
    0.11900299850074962,
    0.11150674662668665,
    0.11881559220389805,
    0.10738380809595202,
    0.11206896551724138,
    0.11244377811094453,
    0.11450524737631185,
    0.10944527736131934,
    0.10663418290854573,
    0.11956521739130435,
    0.11281859070464767,
    0.09932533733133433,
    0.09070464767616192,
    0.10194902548725637,
    0.095952023988006,
    0.09351574212893553,
    0.08826836581709145,
    0.09501499250374812,
    0.09257871064467767,
    0.10344827586206896,
    0.08601949025487256,
    0.09426536731634183,
    0.08452023988005997
  ],
  "val_loss": [
    0.5350358832909837,
    0.4159625682476105,
    0.38704461216328756,
    0.3672268975714296,
    0.572510531949873,
    0.4517820118130759,
    1.0705870620319606,
    0.41906391798254283,
    1.1600227662836815,
    0.7273800823212024,
    0.4619066540489491,
    0.8794508328077343,
    0.9163926833130718,
    0.9027351995191106,
    0.5601501868758212,
    1.225097221702913,
    0.4800880738682104,
    0.4574817802541146,
    0.8345180805910927,
    0.4437881866871292,
    0.9724987101966701,
    0.49904549316977764,
    0.3941927586985201,
    0.43931908783451673,
    0.4364258020280419,
    0.43775585364068775,
    0.5254958394200805,
    0.41608920584351133,
    0.41715722978336495,
    0.3842086193371802
  ],
  "val_dice": [
    0.5463145231388034,
    0.6468071734309916,
    0.6783876623598551,
    0.693899791806737,
    0.6019839252252547,
    0.6604521419924931,
    0.20621011080358725,
    0.6833296725789381,
    0.14542816843205086,
    0.4452156807890336,
    0.6480794022465886,
    0.3552511254737893,
    0.32978534049051433,
    0.32646982273442204,
    0.563317912596141,
    0.07692339460442969,
    0.6315031133088412,
    0.6466095265648695,
    0.35900359182275365,
    0.6496421846534841,
    0.26273621349783777,
    0.6209215176849451,
    0.6913286949245655,
    0.6603135418528788,
    0.6770691765917889,
    0.662894872406063,
    0.6025161299851749,
    0.672310999252821,
    0.6863777173730098,
    0.7142752643015905
  ],
  "val_fpr": [
    0.17445838084378562,
    0.18015963511972635,
    0.14709236031927023,
    0.15393386545039908,
    0.04789053591790194,
    0.03192702394526796,
    0.0,
    0.04446978335233751,
    0.0,
    0.0,
    0.0011402508551881414,
    0.0,
    0.0,
    0.0,
    0.0,
    0.0,
    0.002280501710376283,
    0.0011402508551881414,
    0.0,
    0.0,
    0.0,
    0.0,
    0.02280501710376283,
    0.0034207525655644243,
    0.0034207525655644243,
    0.0034207525655644243,
    0.0,
    0.01596351197263398,
    0.002280501710376283,
    0.036488027366020526
  ],
  "val_fnr": [
    0.11144130757800892,
    0.0713224368499257,
    0.0713224368499257,
    0.04903417533432392,
    0.212481426448737,
    0.17087667161961367,
    0.5958395245170877,
    0.150074294205052,
    0.6344725111441307,
    0.32540861812778604,
    0.22585438335809807,
    0.424962852897474,
    0.4903417533432392,
    0.46656760772659733,
    0.23476968796433878,
    0.7473997028231798,
    0.2139673105497771,
    0.2213967310549777,
    0.3075780089153046,
    0.21842496285289748,
    0.48291233283803864,
    0.21545319465081725,
    0.1649331352154532,
    0.18722139673105498,
    0.19465081723625557,
    0.1812778603268945,
    0.24962852897473997,
    0.1515601783060921,
    0.1887072808320951,
    0.1352154531946508
  ],
  "train_bce_loss": [
    0.060046658677608715,
    0.039584212644031835,
    0.03467834389435854,
    0.030299829115196287,
    0.037593383657037356,
    0.04906293968242894,
    0.04509144935010694,
    0.04062036951951301,
    0.0402984276119694,
    0.03699960469899558,
    0.03567768968349847,
    0.03478021971872052,
    0.032416542205248804,
    0.03129796593502065,
    0.03270306097398281,
    0.03039900473623297,
    0.03236131035792977,
    0.02978892987659023,
    0.03003364102973835,
    0.02789075859180085,
    0.027990406864640202,
    0.02829261222874372,
    0.027413440678527246,
    0.02588867732978095,
    0.027178264356548062,
    0.026266761955993097,
    0.026930484961554212,
    0.025430114687910173,
    0.02611004673688286,
    0.02537349422987288
  ],
  "val_bce_loss": [
    0.07718256255655022,
    0.05720812149744074,
    0.05626817538512298,
    0.05369650903565257,
    0.16908726156596682,
    0.10710625466190066,
    0.28116300616781453,
    0.09236499477947359,
    0.3201232541031287,
    0.16540780354289125,
    0.10171086342721095,
    0.2306209444615853,
    0.24178568322303529,
    0.22635242916934398,
    0.1101079623832092,
    0.31613902877071764,
    0.09983043184498377,
    0.0969382320352284,
    0.18711543618018128,
    0.08837546909921269,
    0.23802773426015297,
    0.10654966698922366,
    0.08002077696294774,
    0.09308294045549809,
    0.10566611656410388,
    0.0931856030576055,
    0.12068592219837156,
    0.0822507624233655,
    0.09763749816388696,
    0.08664374187269372
  ],