{
  "thresholds": [
    0.5,
    0.55,
    0.6,
    0.65,
    0.7
  ],
  "val_dice_by_threshold": {
    "0.50": 0.7142752643015905,
    "0.55": 0.7127430355190167,
    "0.60": 0.7108838750162947,
    "0.65": 0.7086890861724142,
    "0.70": 0.7063770930976074
  },
  "best_threshold": 0.5,
  "best_val_dice": 0.7142752643015905
}