{
  "dice": 0.8133187643526232,
  "hd95_mean": 9.587409019470215,
  "hd95_median": 3.0486831665039062,
  "hd95_count": 702,
  "fpr": 0.03865336658354115,
  "fnr": 0.06149732620320856,
  "selected_threshold": 0.5
}