{
  "selected_threshold": 0.5,
  "dice": 0.8133187643526232,
  "hd95_median": 3.0486831665039062,
  "fnr": 0.06149732620320856,
  "fpr": 0.03865336658354115
}