{
  "dice": 0.8108060285648241,
  "hd95_mean": 9.748969078063965,
  "hd95_median": 4.0,
  "hd95_count": 706,
  "fpr": 0.048628428927680795,
  "fnr": 0.05614973262032086
}