{
  "selected_threshold": 0.5,
  "dice": 0.8108060285648241,
  "hd95_median": 4.242640495300293,
  "fnr": 0.05614973262032086,
  "fpr": 0.048628428927680795
}