{
  "train_loss": [
    0.4534304034994826,
    0.33321667038246416,
    0.3090108493540258,
    0.29009157822836007,
    0.27954578618567016,
    0.2704900291365167,
    0.2602530417071818,
    0.2546926873995793,
    0.24939259241799883,
    0.2452638808311004,
    0.2397738531835887,
    0.23468743547371257,
    0.2468844409871431,
    0.2714225778860952,
    0.26472379602631513,
    0.2555231173551574,
    0.25396183510785686,
    0.2514472552499234,
    0.25213041788537927,
    0.24686957802763138,
    0.24438335741568976,
    0.2411509526241885,
    0.24258937821448576,
    0.23537375351269516,
    0.23635896328058104,
    0.23577136482027444,
    0.23330927255692993,
    0.23128425816467216,
    0.23073319055894154,
    0.23116039026201743
  ],
  "train_dice": [
    0.6674516852145129,
    0.7150299755035486,
    0.7334895703279096,
    0.7496088582497352,
    0.7581580879573466,
    0.7645940742559291,
    0.7731282381821034,
    0.7771906238047523,
    0.7821468635695142,
    0.785579675622948,
    0.7897580348140051,
    0.7937888711628058,
    0.7890651471434543,
    0.7718601113410787,
    0.7751735388282547,
    0.7810142435339448,
    0.7819979842500887,
    0.7842194216935123,
    0.7834074180478958,
    0.7868286100091592,
    0.789082799295894,
    0.7910165710901659,
    0.7897059180701349,
    0.7954718606915977,
    0.7948157998383213,
    0.7948562926315155,
    0.7969624466735229,
    0.7984426414217265,
    0.7985587029423715,
    0.7982161013634033
  ],
  "train_fpr": [
    0.3615681785663185,
    0.3033338102732866,
    0.29861210473601374,
    0.2912135088723526,
    0.2657032479610817,
    0.2578337387322936,
    0.2661324939190156,
    0.248712077847739,
    0.2690987124463519,
    0.255793991416309,
    0.2835884962083274,
    0.2778652167692088,
    0.22306481613964801,
    0.07942186605609616,
    0.06867935326942338,
    0.0809844040635284,
    0.07927876359473383,
    0.0669623694376878,
    0.061382171984547144,
    0.06468231253577561,
    0.060237516096723426,
    0.07210300429184549,
    0.05050794105022178,
    0.06723891273247497,
    0.054514236657604805,
    0.06252682787237086,
    0.07081545064377683,
    0.06995708154506437,
    0.06896551724137931,
    0.053791130185979974
  ],
  "train_fnr": [
    0.04198687910028116,
    0.034114339268978444,
    0.035801312089971886,
    0.03073463268365817,
    0.030740393626991564,
    0.03317713214620431,
    0.030740393626991564,
    0.03260869565217391,
    0.02699662542182227,
    0.027371578552680915,
    0.02549203373945642,
    0.025117150890346766,
    0.03392689784442362,
    0.07796101949025487,
    0.07610121836925961,
    0.06954076850984067,
    0.07102698650674663,
    0.07403936269915651,
    0.07497656982193064,
    0.07177661169415292,
    0.07291471415182756,
    0.07049118860142482,
    0.07478912839737582,
    0.06374203224596925,
    0.07441424554826617,
    0.06879100281162137,
    0.06561679790026247,
    0.06355455568053993,
    0.06785379568884724,
    0.072928383952006
  ],
  "val_loss": [
    0.4531494153201314,
    0.6296068947169968,
    0.39143678858145564,
    0.38452680473164674,
    0.33892434429139295,
    0.33164967431577497,
    0.3402875700597423,
    0.4420343992060928,
    0.3788751234780626,
    0.3493995613807378,
    0.39284402393302803,
    0.3504062873404058,
    0.40750836597597795,
    0.4124084224849718,
    0.4589525293586513,
    0.40021228058509983,
    0.38982539422489026,
    0.40906992820361393,
    0.4153436688598339,
    0.44473242396585655,
    0.36143116739317,
    0.4917823386338455,
    0.37117829822546305,
    0.40494430212395327,
    0.4042471323223206,
    0.3630149450490769,
    0.4257097352755548,
    0.4410486198175715,
    0.4215900818270702,
    0.3872630883888362
  ],
  "val_dice": [
    0.6170548855217747,
    0.45463126540020726,
    0.6687307137370464,
    0.6734573613536747,
    0.7130871266071279,
    0.7168538710669812,
    0.7111244770313543,
    0.6274362883404628,
    0.6756529460867305,
    0.7015353858714473,
    0.6620656987804404,
    0.6963045247809693,
    0.7014168507561716,
    0.6792860235742129,
    0.6713383231439349,
    0.6964712820028303,
    0.7047049292926448,
    0.6893855254504868,
    0.6887868600260926,
    0.669164709488406,
    0.7182058938855048,
    0.6369177192493852,
    0.7052890739222383,
    0.69764468035651,
    0.6846387271408163,
    0.7131909231972199,
    0.6798826785312542,
    0.6665968254020362,
    0.6825170271890169,
    0.6990601729427258
  ],
  "val_fpr": [
    0.23831242873432154,
    0.0330672748004561,
    0.28506271379703535,
    0.2998859749144812,
    0.33409350057012543,
    0.21322690992018245,
    0.2611174458380844,
    0.09692132269099202,
    0.05701254275940707,
    0.07867730900798175,
    0.04104903078677309,
    0.10946408209806158,
    0.03420752565564424,
    0.04446978335233751,
    0.03078677309007982,
    0.026225769669327253,
    0.04446978335233751,
    0.04561003420752566,
    0.012542759407069556,
    0.0068415051311288486,
    0.03078677309007982,
    0.004561003420752566,
    0.011402508551881414,
    0.004561003420752566,
    0.012542759407069556,
    0.07297605473204105,
    0.009122006841505131,
    0.013683010262257697,
    0.0068415051311288486,
    0.026225769669327253
  ],
  "val_fnr": [
    0.06686478454680535,
    0.1961367013372957,
    0.06537890044576523,
    0.029717682020802376,
    0.0029717682020802376,
    0.0475482912332838,
    0.04903417533432392,
    0.1099554234769688,
    0.1188707280832095,
    0.06983655274888559,
    0.12332838038632987,
    0.1099554234769688,
    0.09063893016344725,
    0.1337295690936107,
    0.1812778603268945,
    0.13670133729569092,
    0.12332838038632987,
    0.12927191679049035,
    0.16196136701337296,
    0.18722139673105498,
    0.1263001485884101,
    0.2362555720653789,
    0.1426448736998514,
    0.17087667161961367,
    0.15601783060921248,
    0.11738484398216939,
    0.18722139673105498,
    0.1961367013372957,
    0.17979197622585438,
    0.13075780089153047
  ]
}