{
  "thresholds": [
    0.5,
    0.55,
    0.6,
    0.65,
    0.7
  ],
  "val_dice_by_threshold": {
    "0.50": 0.7182058938855048,
    "0.55": 0.7177814330468383,
    "0.60": 0.7173349863751328,
    "0.65": 0.7168555052239686,
    "0.70": 0.7163609678553968
  },
  "best_threshold": 0.5,
  "best_val_dice": 0.7182058938855048
}