{
  "thresholds": [
    0.5,
    0.55,
    0.6,
    0.65,
    0.7
  ],
  "val_dice_by_threshold": {
    "0.50": 0.8078312298568496,
    "0.55": 0.8076151841965905,
    "0.60": 0.8075457619598312,
    "0.65": 0.8074108156844647,
    "0.70": 0.8072425618006365
  },
  "best_threshold": 0.5,
  "best_val_dice": 0.8078312298568496
}