{
  "train_loss": [
    1.0520605907044192,
    0.8335241799882026,
    0.7385902657157424,
    0.6738082043966895,
    0.6261000939912702,
    0.590453691026201,
    0.5483344420596177,
    0.5454944009046412,
    0.5191035046860918,
    0.4743795891695451,
    0.44869755068246875,
    0.43871798351512636,
    0.428025973965967,
    0.418466332080803,
    0.39957450924553073,
    0.37883200896823976,
    0.37223250238020295,
    0.3668924800797383,
    0.3583447146412654,
    0.3477030053461096,
    0.34591260743012253,
    0.32699637352633937,
    0.32594780569731824,
    0.3202798900201586,
    0.31632926828607727,
    0.31241300423896495,
    0.30947967456647113,
    0.2966337031915823,
    0.29351956847969685,
    0.28865390086246806
  ],
  "train_dice": [
    0.6574649364593858,
    0.7223138653532309,
    0.7413403066387461,
    0.7583907995818961,
    0.7635095373696812,
    0.7705072570491791,
    0.7744981399336368,
    0.78091983852063,
    0.7868828011808041,
    0.7912369937881335,
    0.7953593804928715,
    0.7971969775142853,
    0.801818606356701,
    0.8060022372625311,
    0.8073216244755177,
    0.811970443093815,
    0.8130660598714522,
    0.8151475647171782,
    0.8184410624688659,
    0.8226715791039689,
    0.8250732213632453,
    0.8261005404744274,
    0.8293014203772885,
    0.8321440753216314,
    0.8324916080323208,
    0.8338894450503228,
    0.8372483312598038,
    0.8391883965589992,
    0.8398546800656415,
    0.8419280039193777
  ],
  "train_fpr": [
    0.5037658092937332,
    0.40471791956799774,
    0.3629387523092227,
    0.34034389654682395,
    0.3154305200341006,
    0.310785846241296,
    0.307091089953105,
    0.2979963052437118,
    0.2940173369333523,
    0.2837857041352849,
    0.27923831178058833,
    0.2717066931931221,
    0.26232769646156034,
    0.2546539718630098,
    0.25333901676612675,
    0.24651889741403807,
    0.2408696887878357,
    0.25536450191843113,
    0.24712235327554355,
    0.2364644024442234,
    0.23930652266590877,
    0.2503907915304817,
    0.23035384396759984,
    0.227795935768083,
    0.23419070626687508,
    0.2236748614466392,
    0.21969589313627966,
    0.22932651321398123,
    0.2208327412249538,
    0.22211169532471223
  ],
  "train_fnr": [
    0.020697370874510537,
    0.02237553608055193,
    0.021256759276524335,
    0.02051090807383927,
    0.01976874300634092,
    0.01771396606377028,
    0.016968114861085213,
    0.014917024053701287,
    0.014357635651687487,
    0.016595189259742682,
    0.013238858847659891,
    0.016035800857728884,
    0.01473056125303002,
    0.015289949655043818,
    0.013427825438269302,
    0.013427825438269302,
    0.01286593324631736,
    0.01193361924296103,
    0.013984710050344957,
    0.01286593324631736,
    0.013611784449002424,
    0.012306544844303562,
    0.013052396046988626,
    0.010814842438933433,
    0.011001305239604698,
    0.011374230840947231,
    0.009509602834234571,
    0.011189854531891086,
    0.01006899123624837,
    0.010255454036919635
  ],
  "val_loss": [
    1.3769211985551528,
    2.4719292043769445,
    6.002016852067335,
    1.8112740859498073,
    3.217926015155594,
    2.111941214417019,
    1.9350441073196647,
    1.5131050025459625,
    3.3158004690750236,
    2.3845008879410523,
    2.673332826385315,
    1.8379077451181238,
    2.2517001428308276,
    2.3321353853238325,
    1.9690491536183514,
    2.8186856735688055,
    2.4535233013821345,
    2.0532096619425464,
    2.1471003519194403,
    2.4701218202166313,
    2.096696296269006,
    2.7864889722725334,
    1.9068594513692125,
    2.7655257487547225,
    3.109124573673645,
    2.6932812598228018,
    1.9754250721666065,
    2.3809807669779244,
    1.9180646413162241,
    2.645071037146297
  ],
  "val_dice": [
    0.6526419821093334,
    0.7231578959274466,
    0.6274877115247948,
    0.7726304118269987,
    0.6951591377547622,
    0.7819077320124981,
    0.776008032229695,
    0.7682632345189578,
    0.7519078578827155,
    0.7917785131365713,
    0.7691073533174765,
    0.7736088615481871,
    0.7793494952203583,
    0.775719013483855,
    0.7846116459282645,
    0.7578077218610875,
    0.7504520891737329,
    0.7869675133241354,
    0.799884592486124,
    0.7712559224697795,
    0.7597029881538265,
    0.7787615728421803,
    0.7717996286078743,
    0.7790061987664578,
    0.7825477332311825,
    0.7825805899000516,
    0.7749847087438089,
    0.8078312298568496,
    0.801383346754269,
    0.7718201359258081
  ],
  "val_fpr": [
    0.41502890173410406,
    0.28208092485549136,
    0.15028901734104047,
    0.26473988439306356,
    0.12369942196531791,
    0.1791907514450867,
    0.16416184971098266,
    0.23352601156069364,
    0.15606936416184972,
    0.18497109826589594,
    0.11676300578034682,
    0.15953757225433526,
    0.14913294797687862,
    0.13988439306358383,
    0.2520231213872832,
    0.13872832369942195,
    0.10982658959537572,
    0.16878612716763006,
    0.21965317919075145,
    0.06936416184971098,
    0.13410404624277455,
    0.15144508670520232,
    0.11907514450867052,
    0.1838150289017341,
    0.1676300578034682,
    0.1676300578034682,
    0.22658959537572254,
    0.22427745664739884,
    0.17803468208092485,
    0.1260115606936416
  ],
  "val_fnr": [
    0.024817518248175182,
    0.035036496350364967,
    0.08321167883211679,
    0.032116788321167884,
    0.09197080291970802,
    0.021897810218978103,
    0.03795620437956204,
    0.016058394160583942,
    0.04525547445255475,
    0.027737226277372264,
    0.03941605839416058,
    0.0364963503649635,
    0.0364963503649635,
    0.07007299270072993,
    0.020437956204379562,
    0.059854014598540145,
    0.08029197080291971,
    0.033576642335766425,
    0.04671532846715328,
    0.061313868613138686,
    0.07153284671532846,
    0.052554744525547446,
    0.040875912408759124,
    0.043795620437956206,
    0.029197080291970802,
    0.0364963503649635,
    0.049635036496350364,
    0.010218978102189781,
    0.024817518248175182,
    0.06277372262773723
  ],
  "train_bce_loss": [
    0.6409809636920253,
    0.5317189506356332,
    0.4576688653273873,
    0.41126455335680995,
    0.36992813800853697,
    0.3420151262834103,
    0.3047006362460452,
    0.3083759767887098,
    0.28868884553074986,
    0.24918250807997466,
    0.22767122651806074,
    0.21988315380874063,
    0.21425695387049956,
    0.2091482531751412,
    0.1916146510256374,
    0.17644260657653532,
    0.17135387997418608,
    0.16834527237037386,
    0.16325514740206415,
    0.15692386168802222,
    0.1583217337462763,
    0.1408378623019538,
    0.14354015654702937,
    0.1402125649791008,
    0.13701407375584018,
    0.13540691366522653,
    0.13545576363085338,
    0.12470819930571084,
    0.12301168395138823,
    0.11984866029379002
  ],
  "val_bce_loss": [
    1.0157762489696271,
    2.184862895826571,
    5.63474073883938,
    1.5663779628170778,
    2.91225529381713,
    1.8842512826547435,
    1.6991990798554064,
    1.26661491370454,
    3.062636443824392,
    2.169174762426733,
    2.4359153490010512,
    1.60323965905275,
    2.0256437464447243,
    2.1066412959356593,
    1.7486908979408007,
    2.5717785479174586,
    2.2025772184779338,
    1.8360893958492925,
    1.9412981670917466,
    2.238357033374563,
    1.8540486553493534,
    2.5627171659522627,
    1.6750995512569091,
    2.539110555758795,
    2.8894346337901413,
    2.4730253639889295,
    1.7470092426468855,
    2.185158623057506,
    1.7163224304251263,
    2.415795467661381
  ],