{
  "selected_threshold": 0.5,
  "dice": 0.7347705533515804,
  "hd95_median": 8.031128883361816,
  "fnr": 0.02390998593530239,
  "fpr": 0.2622169249106079
}