{
  "dice": 0.7347705533515804,
  "hd95_mean": 14.668600082397461,
  "hd95_median": 7.4983978271484375,
  "hd95_count": 690,
  "fpr": 0.2359952324195471,
  "fnr": 0.029535864978902954
}