{
  "dice": 0.7347705533515804,
  "hd95_mean": 15.513813972473145,
  "hd95_median": 8.031128883361816,
  "hd95_count": 694,
  "fpr": 0.2622169249106079,
  "fnr": 0.02390998593530239,
  "selected_threshold": 0.5
}