{
  "train_loss": [
    0.547433047542067,
    0.36014311065142063,
    0.3208337553408737,
    0.30439826972964124,
    0.28786391977567816,
    0.28118723575536997,
    0.2704750773798247,
    0.26167970675878605,
    0.25501936305190415,
    0.24989981349279716,
    0.24780947351155017,
    0.24308189447100875,
    0.23660810208358649,
    0.23297293133578462,
    0.23344668738074545,
    0.22931379297619328,
    0.22774513487808137,
    0.2227796278216884,
    0.22333335478879746,
    0.2691430521205177,
    0.2626986515401907,
    0.2604140370467653,
    0.25334259677371623,
    0.2454767428563255,
    0.24365805810051716,
    0.2386457223443737,
    0.2401267829281647,
    0.23249851793171727,
    0.2319638824294122,
    0.23749084740139584
  ],
  "train_dice": [
    0.6304494762934214,
    0.6985676765296455,
    0.7314459943186098,
    0.7417774240486144,
    0.7559791630566708,
    0.7598138579174986,
    0.7685361185174465,
    0.7748422033049434,
    0.7809987755712735,
    0.7843143741726576,
    0.7857205710058098,
    0.7896963847209968,
    0.7951940938504719,
    0.7976414779977612,
    0.7974107939372675,
    0.8015019726465378,
    0.8013602631835459,
    0.8059298792660916,
    0.8057030279982791,
    0.7807470547517018,
    0.7824261732090583,
    0.7811377219256512,
    0.7857950540369911,
    0.7895350953735475,
    0.7913272959494457,
    0.7948800393714666,
    0.7932783048074357,
    0.8000139746012884,
    0.7996162469907414,
    0.7933271880198935
  ],
  "train_fpr": [
    0.4305594210965767,
    0.4035624826050654,
    0.3580968280467446,
    0.3377851975514747,
    0.30642916782632895,
    0.3069858057333704,
    0.30281102143055943,
    0.28555524631227386,
    0.281858653311074,
    0.2724742554967993,
    0.2674645143334261,
    0.27581408293904813,
    0.2896494156928214,
    0.25347801892042293,
    0.25967158363484555,
    0.26384636793765653,
    0.26996938491511274,
    0.3241513633834168,
    0.28917339270804343,
    0.1424993042026162,
    0.08154745338157529,
    0.06900389538119088,
    0.06373504035624826,
    0.08263772954924875,
    0.07653771221820206,
    0.0665182298914556,
    0.07570275535763986,
    0.06234344558864459,
    0.05789034233231283,
    0.04257095158597663
  ],
  "train_fnr": [
    0.04522613065326633,
    0.028604561267877852,
    0.027068832173240527,
    0.028615622583139984,
    0.026285272516428294,
    0.03247004252029378,
    0.03015075376884422,
    0.034016235021260145,
    0.033255993812838364,
    0.03247004252029378,
    0.032856590645535366,
    0.031310398144569,
    0.029389017788089715,
    0.031322505800464036,
    0.031696946269810594,
    0.02551217626594511,
    0.026285272516428294,
    0.022815158546017015,
    0.02512562814070352,
    0.05875531503672207,
    0.07730962504831851,
    0.07733952049497293,
    0.08156165442597603,
    0.07308584686774942,
    0.06996521066872825,
    0.07344414379590258,
    0.06841901816776189,
    0.07073830691921144,
    0.07151140316969462,
    0.08468677494199536
  ],
  "val_loss": [
    0.43106857038833,
    0.38462873733526953,
    0.6180359778372018,
    0.3473647695940894,
    0.32938449201551645,
    0.3707469048129546,
    0.32330955158214314,
    0.32568116091393134,
    0.31702993375224037,
    0.350562562269939,
    0.3407614416770033,
    0.2854994764601862,
    0.31420277941065866,
    0.3264898854534368,
    0.3314624766642983,
    0.30492428591525234,
    0.3288141629583127,
    0.29417386411412344,
    0.33076820220496206,
    0.38997341938115454,
    0.546940365433693,
    0.44285631016702265,
    0.391110903669048,
    0.5468442473862622,
    0.32100502707668255,
    0.3703439877242655,
    0.4976076107170131,
    0.3953813018226946,
    0.4205075735780033,
    0.4467968958052429
  ],
  "val_dice": [
    0.6745146602206561,
    0.704401701104802,
    0.5106336564631075,
    0.7360493726827003,
    0.7474475731720795,
    0.7083533551644634,
    0.7530341998950855,
    0.7535984893102904,
    0.7555178864984899,
    0.7311880488301048,
    0.7351581086178084,
    0.7735839170781342,
    0.7609045596944319,
    0.747466497425292,
    0.7448568228430844,
    0.7635211390720026,
    0.7426352589517027,
    0.7741392037353,
    0.7470735726727021,
    0.756203691751973,
    0.6986526347495414,
    0.7347163356890952,
    0.7564253904932254,
    0.6858656404791652,
    0.7657750144802236,
    0.7525940990528545,
    0.7114390099974903,
    0.7594186467294758,
    0.7324111907063304,
    0.7301520548307815
  ],
  "val_fpr": [
    0.3358024691358025,
    0.345679012345679,
    0.04691358024691358,
    0.23703703703703705,
    0.28641975308641976,
    0.12839506172839507,
    0.17777777777777778,
    0.37777777777777777,
    0.2716049382716049,
    0.145679012345679,
    0.20246913580246914,
    0.1925925925925926,
    0.145679012345679,
    0.19506172839506172,
    0.25925925925925924,
    0.3012345679012346,
    0.2617283950617284,
    0.35802469135802467,
    0.37530864197530867,
    0.09382716049382717,
    0.02962962962962963,
    0.056790123456790124,
    0.05432098765432099,
    0.04691358024691358,
    0.0962962962962963,
    0.08395061728395062,
    0.027160493827160494,
    0.0691358024691358,
    0.04691358024691358,
    0.037037037037037035
  ],
  "val_fnr": [
    0.01891891891891892,
    0.010810810810810811,
    0.13513513513513514,
    0.013513513513513514,
    0.013513513513513514,
    0.04864864864864865,
    0.032432432432432434,
    0.005405405405405406,
    0.013513513513513514,
    0.03513513513513514,
    0.016216216216216217,
    0.008108108108108109,
    0.016216216216216217,
    0.016216216216216217,
    0.013513513513513514,
    0.024324324324324326,
    0.010810810810810811,
    0.010810810810810811,
    0.010810810810810811,
    0.062162162162162166,
    0.14864864864864866,
    0.06756756756756757,
    0.05945945945945946,
    0.14594594594594595,
    0.03513513513513514,
    0.04054054054054054,
    0.14054054054054055,
    0.024324324324324326,
    0.062162162162162166,
    0.08648648648648649
  ]
}