{
  "dice": 0.8369143883043781,
  "hd95_mean": 8.289652824401855,
  "hd95_median": 6.142560958862305,
  "hd95_count": 370,
  "fpr": 0.16791979949874686,
  "fnr": 0.015957446808510637
}