{
  "dice": 0.76793314236262,
  "hd95_mean": 21.085819244384766,
  "hd95_median": 7.0,
  "hd95_count": 605,
  "fpr": 0.2132752992383025,
  "fnr": 0.04120443740095087,
  "selected_threshold": 0.5
}