{
  "thresholds": [
    0.5,
    0.55,
    0.6,
    0.65,
    0.7
  ],
  "val_dice_by_threshold": {
    "0.50": 0.7615997040204245,
    "0.55": 0.7631461600257644,
    "0.60": 0.7645841815771119,
    "0.65": 0.7657895892267763,
    "0.70": 0.7667659911474749
  },
  "best_threshold": 0.7,
  "best_val_dice": 0.7667659911474749
}