{
  "train_loss": [
    1.0591224795916188,
    0.8877993576303392,
    0.8079783769295853,
    0.736495755526806,
    0.6827695987630594,
    0.6422567662826342,
    0.5975474612656889,
    0.5799091822231123,
    0.5523694571346011,
    0.5247239698230972,
    0.5057545888298662,
    0.4636148859695083,
    0.4509225406615922,
    0.4309224151434579,
    0.4138438562167521,
    0.4157200295806766,
    0.4024520193475952,
    0.39832006692124505,
    0.3760344512966581,
    0.36156491157111176,
    0.36476792298068333,
    0.3559017322283268,
    0.34867108730421875,
    0.33365189381574417,
    0.3823707810018052,
    0.5773984697907993,
    0.5482813701568194,
    0.5479482229649513,
    0.5042818099773774,
    0.4315631093851593
  ],
  "train_dice": [
    0.6084081990851369,
    0.665300137935553,
    0.6797906429896756,
    0.6946344694929292,
    0.7081940044370006,
    0.7174625870240454,
    0.7302978083633087,
    0.7361048407455841,
    0.7436185585651083,
    0.7467518411477568,
    0.7544323301431141,
    0.7583950366167067,
    0.7640998346188177,
    0.7694230822866394,
    0.7719406755657853,
    0.775077140599839,
    0.7788388410478052,
    0.7805547244514218,
    0.7859405800977011,
    0.7894090641686039,
    0.7904688476775873,
    0.7927268014752455,
    0.7956840208651528,
    0.7975102376347426,
    0.7954732413177648,
    0.7772947270628036,
    0.7821358287757575,
    0.7838526610122829,
    0.7892416422261509,
    0.7945973889888833
  ],
  "train_fpr": [
    0.5525428491149199,
    0.4554010394718359,
    0.4473942969518191,
    0.40292216914863727,
    0.3715931441416128,
    0.36133745434110703,
    0.33113234054509694,
    0.32326496206799665,
    0.3092160719303175,
    0.3124473166619837,
    0.29741500421466704,
    0.2991993257479983,
    0.28434953638662547,
    0.29727451531329024,
    0.28758078111829166,
    0.2967125597077831,
    0.29277887046923295,
    0.29119258322798147,
    0.26397864568699075,
    0.2861356932153392,
    0.2791514470356842,
    0.26819331272829444,
    0.29034976822587444,
    0.2952661890714988,
    0.25358246698510817,
    0.07010396178701883,
    0.06588929474571509,
    0.06504636133745434,
    0.06504636133745434,
    0.06322000561955606
  ],
  "train_fnr": [
    0.01476713366149186,
    0.0195038818405605,
    0.015716720318121567,
    0.020446800454373342,
    0.020636122680802726,
    0.020068156001514577,
    0.02025747822794396,
    0.015713744793638774,
    0.019310867095797046,
    0.01684967815221507,
    0.017796289284361985,
    0.01723158492709714,
    0.01552442256720939,
    0.015335100340780007,
    0.013820522529344945,
    0.0121166224914805,
    0.012684589170768649,
    0.012876349176292368,
    0.012495266944339266,
    0.00946790380609733,
    0.009655433547898523,
    0.010412722453616054,
    0.009657261882219277,
    0.0075743230448778644,
    0.013631200302915562,
    0.050359712230215826,
    0.04581597879591064,
    0.046573267701628174,
    0.042976145399469895,
    0.03805376751230594
  ],
  "val_loss": [
    0.7120249571947797,
    0.6668832307759806,
    1.012647257002619,
    1.194525351850346,
    0.7923099796097834,
    0.9364261837814811,
    0.7252227761044279,
    0.9524392248357384,
    0.6257167084437937,
    0.7381949758934743,
    0.6898630594406698,
    0.6662035506206616,
    0.8884564023766317,
    0.6902278802179789,
    0.7086948474392922,
    0.8443513238700077,
    0.7395217780952121,
    0.6388607409008112,
    0.6205136062378444,
    0.7470239053290446,
    0.7449907817754255,
    0.8477793542915371,
    0.7873884070073902,
    0.9915713452851599,
    2.219825127761823,
    2.695088998146331,
    1.9172580042510357,
    1.8938687557541436,
    2.9504769489253513,
    2.471740467660732
  ],
  "val_dice": [
    0.7057279794865731,
    0.5911613863133328,
    0.7298335292705103,
    0.7075963336160606,
    0.7079652381403836,
    0.7103067516834508,
    0.7445203037811956,
    0.7056886066944854,
    0.7287572877764895,
    0.7117910086264695,
    0.738419122728715,
    0.7326587049688384,
    0.7135691864907283,
    0.7431411106850723,
    0.7324552917943418,
    0.7391253455352147,
    0.7419477483938813,
    0.747140506198057,
    0.7359081448091972,
    0.7319419635399501,
    0.7615997040204245,
    0.732310930372466,
    0.737851800800913,
    0.7525861747562885,
    0.7027731912035773,
    0.7180925273007945,
    0.7333886848346701,
    0.71897449994514,
    0.6970430799491679,
    0.7216866339156013
  ],
  "val_fpr": [
    0.30793991416309013,
    0.4592274678111588,
    0.21888412017167383,
    0.15343347639484978,
    0.24570815450643776,
    0.08583690987124463,
    0.1791845493562232,
    0.05686695278969957,
    0.20386266094420602,
    0.22746781115879827,
    0.1781115879828326,
    0.24356223175965666,
    0.07725321888412018,
    0.194206008583691,
    0.08690987124463519,
    0.13626609442060086,
    0.18991416309012876,
    0.18776824034334763,
    0.3240343347639485,
    0.1888412017167382,
    0.17060085836909872,
    0.11802575107296137,
    0.194206008583691,
    0.148068669527897,
    0.0407725321888412,
    0.00536480686695279,
    0.022532188841201718,
    0.006437768240343348,
    0.012875536480686695,
    0.013948497854077254
  ],
  "val_fnr": [
    0.0372168284789644,
    0.0048543689320388345,
    0.04854368932038835,
    0.06634304207119741,
    0.045307443365695796,
    0.10679611650485436,
    0.043689320388349516,
    0.11488673139158576,
    0.043689320388349516,
    0.061488673139158574,
    0.04854368932038835,
    0.02912621359223301,
    0.08737864077669903,
    0.05016181229773463,
    0.05825242718446602,
    0.06957928802588997,
    0.05339805825242718,
    0.04692556634304207,
    0.03398058252427184,
    0.05825242718446602,
    0.05501618122977346,
    0.059870550161812294,
    0.05177993527508091,
    0.06634304207119741,
    0.0970873786407767,
    0.12297734627831715,
    0.10355987055016182,
    0.10679611650485436,
    0.15048543689320387,
    0.12297734627831715
  ],
  "train_bce_loss": [
    0.5863976289864823,
    0.5158358880474686,
    0.4547613648055102,
    0.4016540499040148,
    0.3640435008176619,
    0.33311001360831644,
    0.3033307183793362,
    0.29251834041245395,
    0.2724985052284085,
    0.24933908791460246,
    0.23718123677278707,
    0.20020353805031815,
    0.19401956974022339,
    0.1797725347971222,
    0.16576554004634286,
    0.17073492992269362,
    0.1625992158222069,
    0.16065117215321595,
    0.1442630162983574,
    0.133962846856224,
    0.13872954480810917,
    0.13281553713594668,
    0.12892805433650156,
    0.11624297232833906,
    0.16463975185320648,
    0.34648610776067607,
    0.32111906452919137,
    0.32242471098926995,
    0.28333796084618595,
    0.21631511581292187
  ],
  "val_bce_loss": [
    0.387373469152087,
    0.2283787811657227,
    0.7094671692455061,
    0.8962172555095218,
    0.4725722989721471,
    0.6381029883493039,
    0.44532480323687196,
    0.6533628727533948,
    0.33445478979012894,
    0.4348904545732373,
    0.3999005010800623,
    0.3817868321142416,
    0.5906905406147157,
    0.41963495591558925,
    0.43251779832098103,
    0.5705414242148821,
    0.4668271985201882,
    0.37078001586084397,
    0.33499904728078655,
    0.46758765384854756,
    0.4905241903229948,
    0.5730698662310836,
    0.512516672304616,
    0.7339365899605785,
    1.9158644864940715,
    2.405869923926088,
    1.6415563512783389,
    1.6050843563376138,
    2.6404104616623343,
    2.1843615284646956
  ],