{
  "dice": 0.76793314236262,
  "hd95_mean": 19.77088165283203,
  "hd95_median": 6.132308006286621,
  "hd95_count": 600,
  "fpr": 0.17736670293797607,
  "fnr": 0.0491283676703645
}