{
  "selected_threshold": 0.7,
  "dice": 0.771081509047945,
  "hd95_median": 6.132308006286621,
  "fnr": 0.0491283676703645,
  "fpr": 0.17736670293797607
}