{
  "train_loss": [
    1.046830977601433,
    0.772382751211957,
    0.6833313767387136,
    0.6324846625350404,
    0.5936460352156245,
    0.5624290413114101,
    0.5428598991653689,
    0.5243004500039335,
    0.5108860970091006,
    0.49021389680545474,
    0.4812355314109967,
    0.46944883850376073,
    0.4586153362229145,
    0.4589472314946052,
    0.4436645587848634,
    0.43388843457681503,
    0.4194430438159355,
    0.4195412606713139,
    0.4126178747788421,
    0.40393713752933214,
    0.39563371248494383,
    0.3878453723893525,
    0.38328552384212294,
    0.37629461235652756,
    0.3720944036402318,
    0.3662913331302841,
    0.36088038525251825,
    0.355657066981562,
    0.3528910741950154,
    0.34454820314607326
  ],
  "train_dice": [
    0.654702632689797,
    0.7156781894257842,
    0.7369097642479211,
    0.7505219046164701,
    0.7582523156673191,
    0.7662622281243708,
    0.7726047195623356,
    0.7777456248085178,
    0.7814636586276227,
    0.788230808417048,
    0.7922111751835518,
    0.7950170181771948,
    0.8009726846204842,
    0.8003255781898069,
    0.8032232767714653,
    0.8078379591216439,
    0.8102908392329986,
    0.8134925216513196,
    0.8137124205477738,
    0.8186405583513786,
    0.8201380104095358,
    0.8233553910953417,
    0.8248470118801758,
    0.8282128931147147,
    0.8295916979788561,
    0.8319141222736619,
    0.8346770041844663,
    0.8373160364129345,
    0.839944756683224,
    0.8419628579394398
  ],
  "train_fpr": [
    0.31435112319358993,
    0.23608527686364286,
    0.2214909142938904,
    0.21293646250715512,
    0.2339390470739734,
    0.22721419373300902,
    0.24281013020460723,
    0.23168288494562106,
    0.24248927038626608,
    0.2530758226037196,
    0.23866075261124625,
    0.25110888539132925,
    0.24409786807840894,
    0.24112764739553522,
    0.2554013449706682,
    0.24781799971383603,
    0.249141385231826,
    0.23265130920017169,
    0.243811704106453,
    0.23168288494562106,
    0.22378022606953785,
    0.23705293276108727,
    0.22993275146659037,
    0.23147353361945636,
    0.20904278151380742,
    0.22420947202747174,
    0.22432045779685264,
    0.2105865522174535,
    0.20475032193446846,
    0.22145922746781116
  ],
  "train_fnr": [
    0.05042174320524836,
    0.04742268041237113,
    0.049109653233364574,
    0.041979010494752625,
    0.035801312089971886,
    0.03542642924086223,
    0.033364573570759136,
    0.03373313343328336,
    0.02943382077240345,
    0.026246719160104987,
    0.025679475164011246,
    0.024554826616682287,
    0.023055295220243674,
    0.02267616191904048,
    0.021930646672914715,
    0.01874414245548266,
    0.020989505247376312,
    0.020618556701030927,
    0.0176194939081537,
    0.020239880059970013,
    0.01818181818181818,
    0.015748031496062992,
    0.019119025304592314,
    0.015935508061492312,
    0.017994376757263356,
    0.011808809746954077,
    0.011811023622047244,
    0.012560929883764529,
    0.01274601686972821,
    0.010311211098612674
  ],
  "val_loss": [
    1.459285060107088,
    1.4581201316077501,
    1.0479930285890247,
    1.4607191705110345,
    1.0739737492702337,
    1.0955922336581911,
    0.9985523358053828,
    1.4991799369786505,
    1.3537844062781441,
    1.140810648341944,
    1.025045960743041,
    1.2242281481424377,
    1.09734512606489,
    1.0217011554988673,
    1.0782667448935148,
    1.0494866708811112,
    1.1429526487484376,
    1.1780284783106856,
    1.2979228004348224,
    1.1186894805213494,
    1.208987546201801,
    1.2319697265417757,
    1.276386200363179,
    1.5562117938920965,
    1.4378113587889239,
    1.4090114402602723,
    1.2972940494587304,
    1.559315718322948,
    1.5116758419402818,
    1.2839006341628476
  ],
  "val_dice": [
    0.6343414255239368,
    0.6641239934513707,
    0.6830283524039552,
    0.6569464410230362,
    0.71752369592041,
    0.7124637227815425,
    0.7354224193426068,
    0.6773571538037301,
    0.6983979882819116,
    0.7131090316074564,
    0.7320071740053804,
    0.7203006053019597,
    0.70945911940857,
    0.7357545145711187,
    0.7359188406009997,
    0.7303335207616869,
    0.7318817717016275,
    0.7165811168414611,
    0.7136865448632885,
    0.7284563524983436,
    0.7144174940253083,
    0.7280143799445693,
    0.7221182893123063,
    0.7035809936884785,
    0.698284382805267,
    0.7176940238427089,
    0.7245618929203606,
    0.707527397631271,
    0.6974710739282739,
    0.7330085054720803
  ],
  "val_fpr": [
    0.11744583808437856,
    0.09464082098061574,
    0.27137970353477764,
    0.06499429874572406,
    0.27936145952109465,
    0.17787913340935005,
    0.21322690992018245,
    0.14937286202964653,
    0.19384264538198404,
    0.07069555302166476,
    0.2554161915621437,
    0.10148232611174458,
    0.0661345496009122,
    0.2006841505131129,
    0.17103762827822122,
    0.22805017103762829,
    0.1676168757126568,
    0.18700114025085518,
    0.06271379703534778,
    0.14481185860889395,
    0.17445838084378562,
    0.29076396807297605,
    0.13683010262257697,
    0.05017103762827822,
    0.13911060433295325,
    0.17787913340935005,
    0.20296465222348917,
    0.23261117445838084,
    0.22576966932725198,
    0.2063854047890536
  ],
  "val_fnr": [
    0.14413075780089152,
    0.13670133729569092,
    0.05943536404160475,
    0.12035661218424963,
    0.04606240713224369,
    0.0713224368499257,
    0.06537890044576523,
    0.07578008915304606,
    0.07429420505200594,
    0.08766716196136701,
    0.04457652303120357,
    0.0713224368499257,
    0.0950965824665676,
    0.05052005943536404,
    0.041604754829123326,
    0.06835066864784546,
    0.07429420505200594,
    0.09806835066864784,
    0.09955423476968796,
    0.06686478454680535,
    0.05943536404160475,
    0.02674591381872214,
    0.0861812778603269,
    0.1099554234769688,
    0.10698365527488855,
    0.07280832095096583,
    0.05200594353640416,
    0.05943536404160475,
    0.08766716196136701,
    0.03417533432392273
  ]
}