{
  "dice": 0.8174249834734648,
  "hd95_mean": 12.404594421386719,
  "hd95_median": 4.29762077331543,
  "hd95_count": 739,
  "fpr": 0.17830423940149626,
  "fnr": 0.012032085561497326
}