{
  "dice": 0.7907180424581127,
  "hd95_mean": 17.244609832763672,
  "hd95_median": 7.071067810058594,
  "hd95_count": 604,
  "fpr": 0.26644736842105265,
  "fnr": 0.05329153605015674
}