{
  "thresholds": [
    0.5,
    0.55,
    0.6,
    0.65,
    0.7
  ],
  "val_dice_by_threshold": {
    "0.50": 0.8387091984233913,
    "0.55": 0.8387296936480251,
    "0.60": 0.83874316328376,
    "0.65": 0.8388010367486604,
    "0.70": 0.8388339018768812
  },
  "best_threshold": 0.7,
  "best_val_dice": 0.8388339018768812
}