{
  "selected_threshold": 0.7,
  "dice": 0.7912420574400493,
  "hd95_median": 7.071067810058594,
  "fnr": 0.05329153605015674,
  "fpr": 0.26644736842105265
}