{
  "train_loss": [
    0.4153667796805431,
    0.313514247874792,
    0.31515491774804155,
    0.31028321085728017,
    0.2963948509945929,
    0.28624174321807794,
    0.27817065345709313,
    0.26910325235370924,
    0.2630642749987111,
    0.26059818008975805,
    0.25584585589235753,
    0.25246318021617214,
    0.2489123937785567,
    0.24450457765369535,
    0.24237019909146432,
    0.23881331901175315,
    0.2363800348390436,
    0.23237062698239988,
    0.23126717446975306,
    0.22635612932962246,
    0.22643525896124622,
    0.22187771414973553,
    0.2230109045156664,
    0.21850314250154673,
    0.21898826922935685,
    0.21597248559499943,
    0.211449367258004,
    0.21118985480045624,
    0.2094709078704061,
    0.20622891171341
  ],
  "train_dice": [
    0.6230802425260191,
    0.6872315235457915,
    0.6856022353986561,
    0.6900532098092774,
    0.7038115786058718,
    0.7138721863265515,
    0.7219116460696462,
    0.730970750592497,
    0.7370317001184955,
    0.739480715193997,
    0.7442654487509309,
    0.7476288841896856,
    0.751150341778241,
    0.7555630539565971,
    0.7576809842001023,
    0.7612561272699182,
    0.7636716195678408,
    0.7676597520471424,
    0.7687629133594807,
    0.7737024510984348,
    0.7736569225971394,
    0.7781808784694108,
    0.7770379736454041,
    0.7815672218882849,
    0.7810468277440323,
    0.7840970244489287,
    0.788624951453604,
    0.7888700758063092,
    0.7905978145517707,
    0.7938262601551583
  ],
  "train_fpr": [
    0.48792535675082327,
    0.41986827661909987,
    0.3556531284302964,
    0.25631174533479695,
    0.25672338090010977,
    0.25260702524698136,
    0.23092755214050495,
    0.23243688254665204,
    0.22585071350164654,
    0.24725576289791437,
    0.23723929747530187,
    0.23298572996706915,
    0.22897516806146248,
    0.2224204171240395,
    0.21899012074643248,
    0.21212952799121845,
    0.22708562019758508,
    0.21456989984908767,
    0.19758507135016465,
    0.21130625686059276,
    0.20238748627881448,
    0.18413830954994512,
    0.18166849615806804,
    0.1956641053787047,
    0.17576838638858397,
    0.18688254665203075,
    0.18153128430296378,
    0.18644532857730828,
    0.1936059275521405,
    0.1919330498010701
  ],
  "train_fnr": [
    0.02543035993740219,
    0.028951486697965573,
    0.03697183098591549,
    0.0649452269170579,
    0.060641627543035995,
    0.05712050078247261,
    0.06318466353677621,
    0.05672926447574335,
    0.06240219092331768,
    0.05555555555555555,
    0.057511737089201875,
    0.05770735524256651,
    0.05791430248483663,
    0.05672926447574335,
    0.058098591549295774,
    0.056924882629107984,
    0.05418622848200313,
    0.058696928194091176,
    0.061815336463223784,
    0.053794992175273865,
    0.06044600938967136,
    0.06533646322378717,
    0.06885758998435054,
    0.059076682316118935,
    0.06318466353677621,
    0.057902973395931145,
    0.05438184663536776,
    0.05517511250244571,
    0.05731611893583725,
    0.055957738211700254
  ],
  "val_loss": [
    0.3720200389799987,
    0.33145114911731177,
    0.23530159590865027,
    0.36969826595317684,
    0.20149183008797775,
    0.4669171383924033,
    0.31857386557660866,
    0.2309823084688751,
    0.296792498883411,
    0.24947720025418071,
    0.21423098991608477,
    0.19364344447674836,
    0.23690985919103114,
    0.20731625639828,
    0.21001363391354239,
    0.16135854648767844,
    0.1847547716819323,
    0.31865467898239047,
    0.23586786278253477,
    0.25485179657061424,
    0.2645873349799207,
    0.20750859688372303,
    0.22730905293712955,
    0.19588996452340007,
    0.19409383031038138,
    0.22023529158188745,
    0.21517377633314866,
    0.18414844854696263,
    0.18338646611871098,
    0.2432783938194873
  ],
  "val_dice": [
    0.6283689863627127,
    0.6685507636429113,
    0.7651881902832014,
    0.630667992102908,
    0.798727134391445,
    0.5333215195460717,
    0.6816182557587132,
    0.7691411468801062,
    0.7032612647431401,
    0.7505955946943089,
    0.7858845030685015,
    0.8064650464444779,
    0.7631520804943595,
    0.7927534483323568,
    0.7900572168260548,
    0.8387091984233913,
    0.8153068396598983,
    0.6814146924394695,
    0.7641536424145896,
    0.7451919250785423,
    0.735482835735762,
    0.792502084102195,
    0.7727327910720332,
    0.8041524666267827,
    0.8060519676986178,
    0.7799042765321155,
    0.7847908650657173,
    0.8159418680082412,
    0.8167195295000217,
    0.7568585957709105
  ],
  "val_fpr": [
    0.13501144164759726,
    0.11212814645308924,
    0.3901601830663616,
    0.019450800915331808,
    0.2940503432494279,
    0.003432494279176201,
    0.013729977116704805,
    0.08466819221967964,
    0.02631578947368421,
    0.13501144164759726,
    0.07437070938215103,
    0.13157894736842105,
    0.05148741418764302,
    0.10526315789473684,
    0.06864988558352403,
    0.16475972540045766,
    0.11441647597254005,
    0.009153318077803204,
    0.034324942791762014,
    0.018306636155606407,
    0.02288329519450801,
    0.043478260869565216,
    0.04691075514874142,
    0.06292906178489703,
    0.06292906178489703,
    0.020594965675057208,
    0.032036613272311214,
    0.07894736842105263,
    0.043478260869565216,
    0.02631578947368421
  ],
  "val_fnr": [
    0.10355029585798817,
    0.09467455621301775,
    0.03106508875739645,
    0.16568047337278108,
    0.03698224852071006,
    0.23224852071005916,
    0.1760355029585799,
    0.10946745562130178,
    0.15532544378698224,
    0.09171597633136094,
    0.09023668639053255,
    0.0650887573964497,
    0.09911242603550297,
    0.0650887573964497,
    0.09023668639053255,
    0.038461538461538464,
    0.05621301775147929,
    0.1804733727810651,
    0.09763313609467456,
    0.11982248520710059,
    0.09615384615384616,
    0.08727810650887574,
    0.07692307692307693,
    0.0650887573964497,
    0.07840236686390532,
    0.09023668639053255,
    0.08136094674556213,
    0.05473372781065089,
    0.05917159763313609,
    0.09467455621301775
  ],
  "train_dice_loss": [
    0.4153667796805431,
    0.313514247874792,
    0.31515491774804155,
    0.31028321085728017,
    0.2963948509945929,
    0.28624174321807794,
    0.27817065345709313,
    0.26910325235370924,
    0.2630642749987111,
    0.26059818008975805,
    0.25584585589235753,
    0.25246318021617214,
    0.2489123937785567,
    0.24450457765369535,
    0.24237019909146432,
    0.23881331901175315,
    0.2363800348390436,
    0.23237062698239988,
    0.23126717446975306,
    0.22635612932962246,
    0.22643525896124622,
    0.22187771414973553,
    0.2230109045156664,
    0.21850314250154673,
    0.21898826922935685,
    0.21597248559499943,
    0.211449367258004,
    0.21118985480045624,
    0.2094709078704061,
    0.20622891171341
  ],
  "val_dice_loss": [
    0.3720200389799987,
    0.33145114911731177,
    0.23530159590865027,
    0.36969826595317684,
    0.20149183008797775,
    0.4669171383924033,
    0.31857386557660866,
    0.2309823084688751,
    0.296792498883411,
    0.24947720025418071,
    0.21423098991608477,
    0.19364344447674836,
    0.23690985919103114,
    0.20731625639828,
    0.21001363391354239,
    0.16135854648767844,
    0.1847547716819323,
    0.31865467898239047,
    0.23586786278253477,
    0.25485179657061424,
    0.2645873349799207,
    0.20750859688372303,
    0.22730905293712955,
    0.19588996452340007,
    0.19409383031038138,
    0.22023529158188745,
    0.21517377633314866,
    0.18414844854696263,
    0.18338646611871098,
    0.2432783938194873
  ]
}