{
  "dice": 0.7907180424581127,
  "hd95_mean": 17.25868797302246,
  "hd95_median": 7.097198009490967,
  "hd95_count": 604,
  "fpr": 0.2675438596491228,
  "fnr": 0.05329153605015674,
  "selected_threshold": 0.5
}