{
  "dice": 0.8100021679355836,
  "hd95_mean": 6.45009708404541,
  "hd95_median": 4.123105525970459,
  "hd95_count": 373,
  "fpr": 0.03723404255319149,
  "fnr": 0.06516290726817042
}