{
  "train_loss": [
    1.1882829127257113,
    1.0200889426347863,
    0.9054306349507323,
    0.825525372884832,
    0.7780289944826259,
    0.7488684775251839,
    0.7383083531006545,
    0.6826679499864623,
    0.66396242841049,
    0.6035710650778658,
    0.6032503838217383,
    0.565956458731837,
    0.5544356642089583,
    0.5302807007029697,
    0.487409509838679,
    0.4822919704607344,
    0.4711844439145636,
    0.4637331497875062,
    0.441659657348943,
    0.4247487204333952,
    0.42984016924011365,
    0.41033080556253726,
    0.4110629844322644,
    0.38936542227931387,
    0.3736118090313834,
    0.3782260749452711,
    0.3702104574128113,
    0.36117168120178467,
    0.35663949074950796,
    0.34470664111298843
  ],
  "train_dice": [
    0.6449664822791308,
    0.695437946044076,
    0.7187772728583157,
    0.7325008080969145,
    0.7451615248839637,
    0.7526059093561398,
    0.7615885630077976,
    0.7724791985465208,
    0.7795830126825577,
    0.7904733866865693,
    0.7954672400443885,
    0.8038431564496282,
    0.8047513054234924,
    0.81143200159749,
    0.8160385871505331,
    0.8187469142646803,
    0.8211587973249456,
    0.8259954362993713,
    0.8276765906329228,
    0.8330121879317649,
    0.8343775138282007,
    0.8362261335681509,
    0.8392662081361242,
    0.8428836402514049,
    0.8478204979793401,
    0.847165270286889,
    0.8479480619721294,
    0.8505119894290002,
    0.852877467386872,
    0.8562142220619429
  ],
  "train_fpr": [
    0.5113122171945701,
    0.417420814479638,
    0.37641402714932126,
    0.3597285067873303,
    0.32494343891402716,
    0.3125,
    0.272341628959276,
    0.26725113122171945,
    0.24377828054298642,
    0.2335972850678733,
    0.1917420814479638,
    0.17986425339366516,
    0.18665158371040724,
    0.166289592760181,
    0.15667420814479638,
    0.1541289592760181,
    0.15667420814479638,
    0.14451357466063347,
    0.1600678733031674,
    0.13631221719457012,
    0.1419683257918552,
    0.16770361990950225,
    0.15073529411764705,
    0.1456447963800905,
    0.13631221719457012,
    0.13744343891402716,
    0.1456447963800905,
    0.13829185520361992,
    0.13914027149321267,
    0.13178733031674209
  ],
  "train_fnr": [
    0.03003003003003003,
    0.03003003003003003,
    0.02702702702702703,
    0.023273273273273273,
    0.02515015015015015,
    0.0259009009009009,
    0.027402402402402402,
    0.030405405405405407,
    0.0259009009009009,
    0.023273273273273273,
    0.024399399399399398,
    0.024399399399399398,
    0.024399399399399398,
    0.027777777777777776,
    0.01839339339339339,
    0.02252252252252252,
    0.024774774774774775,
    0.0228978978978979,
    0.022147147147147148,
    0.021021021021021023,
    0.017267267267267267,
    0.017267267267267267,
    0.016891891891891893,
    0.021396396396396396,
    0.019144144144144143,
    0.01951951951951952,
    0.015765765765765764,
    0.016891891891891893,
    0.018018018018018018,
    0.013888888888888888
  ],
  "val_loss": [
    0.8118849871736584,
    0.797008404045394,
    0.8619202622861574,
    0.7724167164528009,
    0.8439951109163689,
    0.7230098571741219,
    0.7855609321232998,
    1.001464482780659,
    0.7652864292715535,
    0.8182069780248584,
    1.1068061464663708,
    0.8594862522500935,
    0.8141246743274457,
    0.9217219744667863,
    0.8598058614766959,
    0.9161906411250432,
    0.7282238394021988,
    0.7910230082092863,
    0.7278688606890765,
    0.8001489857832591,
    1.0701164469574438,
    0.8448125648679156,
    0.835297950108846,
    0.9452616066643686,
    1.0108192896301096,
    0.9519445828867681,
    0.9565656244754791,
    0.9691984295845032,
    0.974399613792246,
    0.7710900503577608
  ],
  "val_dice": [
    0.6288872576685566,
    0.6371329698542302,
    0.6729027718587807,
    0.6453503251583739,
    0.6822474069385366,
    0.672881258617748,
    0.6796578511369951,
    0.6343949491722566,
    0.6680713862801592,
    0.6754494583177747,
    0.6414525954335025,
    0.6850456478074193,
    0.714464143607201,
    0.6897882623033542,
    0.6880288193623225,
    0.6812796674951008,
    0.6961512702658321,
    0.7136520714386169,
    0.6993202915245836,
    0.6732950489544733,
    0.6620663126923539,
    0.6895992534968889,
    0.7178449397229335,
    0.6855725212756432,
    0.6777884938415478,
    0.7032524520361966,
    0.7058341250275121,
    0.6816178480727655,
    0.7106465200216255,
    0.7216703381953817
  ],
  "val_fpr": [
    0.2786516853932584,
    0.21797752808988763,
    0.2898876404494382,
    0.3393258426966292,
    0.23820224719101124,
    0.20674157303370785,
    0.23370786516853934,
    0.21123595505617979,
    0.19101123595505617,
    0.14157303370786517,
    0.058426966292134834,
    0.12359550561797752,
    0.04719101123595506,
    0.11685393258426967,
    0.11910112359550562,
    0.04943820224719101,
    0.18651685393258427,
    0.04044943820224719,
    0.10112359550561797,
    0.11910112359550562,
    0.04269662921348315,
    0.08314606741573034,
    0.06741573033707865,
    0.08089887640449438,
    0.035955056179775284,
    0.056179775280898875,
    0.04943820224719101,
    0.06292134831460675,
    0.0696629213483146,
    0.09662921348314607
  ],
  "val_fnr": [
    0.021212121212121213,
    0.024242424242424242,
    0.006060606060606061,
    0.00909090909090909,
    0.02727272727272727,
    0.021212121212121213,
    0.024242424242424242,
    0.024242424242424242,
    0.02727272727272727,
    0.045454545454545456,
    0.1,
    0.030303030303030304,
    0.06060606060606061,
    0.03939393939393939,
    0.051515151515151514,
    0.1,
    0.02727272727272727,
    0.0696969696969697,
    0.03333333333333333,
    0.03636363636363636,
    0.09696969696969697,
    0.03939393939393939,
    0.07272727272727272,
    0.07575757575757576,
    0.09393939393939393,
    0.07575757575757576,
    0.08484848484848485,
    0.05757575757575758,
    0.07272727272727272,
    0.048484848484848485
  ]
}