{
  "selected_threshold": 0.5,
  "dice": 0.8333849732918799,
  "hd95_median": 4.4721360206604,
  "fnr": 0.02821316614420063,
  "fpr": 0.3684210526315789
}