{
  "dice": 0.8333849732918799,
  "hd95_mean": 9.047919273376465,
  "hd95_median": 4.311489105224609,
  "hd95_count": 617,
  "fpr": 0.3519736842105263,
  "fnr": 0.032915360501567396
}