{
  "dice": 0.8333849732918799,
  "hd95_mean": 9.485824584960938,
  "hd95_median": 4.4721360206604,
  "hd95_count": 620,
  "fpr": 0.3684210526315789,
  "fnr": 0.02821316614420063,
  "selected_threshold": 0.5
}