{
  "train_loss": [
    0.46096440391244836,
    0.33968966605698514,
    0.3204598715251927,
    0.29955650882719664,
    0.2869909682379619,
    0.2724342189579094,
    0.2614164029532994,
    0.25076358937089954,
    0.24335095185002367,
    0.2371735334660893,
    0.2322119056073736,
    0.22481251021130055,
    0.2204001912757145,
    0.21873957948144876,
    0.21384340122739998,
    0.21030495488682416,
    0.20729202945229885,
    0.20205805546689193,
    0.20007956787435183,
    0.19727364958902305,
    0.19287107632814648,
    0.19300096405667133,
    0.18789342494137842,
    0.18698381024947702,
    0.18506742763064848,
    0.18180749523059897,
    0.18055768880383904,
    0.17989346720139776,
    0.17678060727095574,
    0.17550371456953254
  ],
  "train_dice": [
    0.6506436719905828,
    0.7079011311507544,
    0.7233736363056674,
    0.7395037701413552,
    0.750368054015766,
    0.7616090405652597,
    0.7703072306962759,
    0.7791082521398437,
    0.7858014731651175,
    0.7912812993406231,
    0.794998771601017,
    0.8016370721323054,
    0.8052440002462946,
    0.8060788617995699,
    0.8101601728516178,
    0.8131212054328054,
    0.8156296832128814,
    0.8205100765939772,
    0.8221428932715718,
    0.8249404704178566,
    0.8285587169403059,
    0.8278857853297503,
    0.8330497219488141,
    0.833726973376067,
    0.8352499170234668,
    0.8383044234250348,
    0.8393639363306582,
    0.8400728527964549,
    0.842726387790585,
    0.8435839163890205
  ],
  "train_fpr": [
    0.370609220636663,
    0.34838090010976946,
    0.3445389681668496,
    0.33191547749725575,
    0.3229967069154775,
    0.3043358946212953,
    0.3265642151481888,
    0.3039242590559824,
    0.32862239297475304,
    0.32903402854006586,
    0.3054335894621295,
    0.32985729967069155,
    0.3235011661407601,
    0.3180570801317234,
    0.31394072447859495,
    0.2992590559824369,
    0.3014544456641054,
    0.3266566058444231,
    0.3188803512623491,
    0.3037870472008782,
    0.30021953896816683,
    0.3029637760702525,
    0.3025521405049396,
    0.29816136114160263,
    0.2745609220636663,
    0.27661909989023054,
    0.27483534577387486,
    0.2706818493620524,
    0.2795005488474204,
    0.296336946083139
  ],
  "train_fnr": [
    0.050078247261345854,
    0.03931924882629108,
    0.03540688575899843,
    0.03501564945226917,
    0.030125195618153366,
    0.03658059467918623,
    0.029342723004694836,
    0.028951486697965573,
    0.02621283255086072,
    0.02523474178403756,
    0.025821596244131457,
    0.022104851330203443,
    0.023087458423009195,
    0.022887323943661973,
    0.023082942097026604,
    0.02190923317683881,
    0.022104851330203443,
    0.01623948346703189,
    0.018779342723004695,
    0.018388106416275432,
    0.018974960876369327,
    0.018974960876369327,
    0.014475743348982786,
    0.01564945226917058,
    0.02034428794992175,
    0.01741001564945227,
    0.017018779342723004,
    0.013304637057327333,
    0.013888888888888888,
    0.01350029348464097
  ],
  "val_loss": [
    0.45057698381105826,
    0.25191820308444857,
    0.23527140591084164,
    0.3046520143918164,
    0.22569327541356962,
    0.27201561264958257,
    0.2759945529028112,
    0.21975984641477553,
    0.21357552545729297,
    0.24880254724388115,
    0.2225978065904825,
    0.22550772393629306,
    0.2605197917444069,
    0.21595204762629502,
    0.21844605126104058,
    0.2045499900515748,
    0.20172155196861138,
    0.23878811412496415,
    0.17094551956214937,
    0.2431430297562048,
    0.27043286413119655,
    0.19167202239106657,
    0.2550896489579429,
    0.19059740133947256,
    0.2349960203310089,
    0.22574904193749,
    0.195676576051332,
    0.22497807820079593,
    0.1960307478370178,
    0.25497585511628607
  ],
  "val_dice": [
    0.6159612363663821,
    0.7801628237784449,
    0.7935711579595709,
    0.7297763480796594,
    0.8082353454937375,
    0.7625196880313772,
    0.7609441696856303,
    0.8110881696328432,
    0.8214802879553574,
    0.7856372046551651,
    0.8072273877956326,
    0.8098383014525711,
    0.7795698629890585,
    0.816794602503482,
    0.8117433754099015,
    0.8303878076495768,
    0.8310185238035649,
    0.7975030139904227,
    0.8535605518026113,
    0.7934552687964231,
    0.7714395060551149,
    0.8378330314388642,
    0.7811502499213806,
    0.8364087886579291,
    0.8023841650013057,
    0.8084824479697548,
    0.8348194884973958,
    0.8090594744932501,
    0.8391322085424464,
    0.7880262170185351
  ],
  "val_fpr": [
    0.034324942791762014,
    0.19221967963386727,
    0.19336384439359267,
    0.11212814645308924,
    0.17162471395881007,
    0.09267734553775744,
    0.09382151029748284,
    0.13729977116704806,
    0.2608695652173913,
    0.11784897025171624,
    0.19107551487414187,
    0.2139588100686499,
    0.09153318077803203,
    0.2482837528604119,
    0.18649885583524028,
    0.2242562929061785,
    0.2299771167048055,
    0.19908466819221968,
    0.2585812356979405,
    0.08810068649885583,
    0.09725400457665904,
    0.11556064073226545,
    0.14416475972540047,
    0.19221967963386727,
    0.10526315789473684,
    0.1853546910755149,
    0.19908466819221968,
    0.16361556064073227,
    0.2048054919908467,
    0.2551487414187643
  ],
  "val_fnr": [
    0.17307692307692307,
    0.05621301775147929,
    0.04585798816568047,
    0.09911242603550297,
    0.04585798816568047,
    0.0695266272189349,
    0.042899408284023666,
    0.03698224852071006,
    0.023668639053254437,
    0.051775147928994084,
    0.03550295857988166,
    0.038461538461538464,
    0.07840236686390532,
    0.019230769230769232,
    0.03698224852071006,
    0.019230769230769232,
    0.01775147928994083,
    0.020710059171597635,
    0.022189349112426034,
    0.0650887573964497,
    0.051775147928994084,
    0.020710059171597635,
    0.03550295857988166,
    0.016272189349112426,
    0.042899408284023666,
    0.026627218934911243,
    0.023668639053254437,
    0.01775147928994083,
    0.0073964497041420114,
    0.01775147928994083
  ],
  "train_bce_loss": [
    0.06324354819354969,
    0.04125538869377468,
    0.03803435702214249,
    0.03414215699124444,
    0.032847238934520594,
    0.029984781984962856,
    0.027969818951282442,
    0.026649293088498373,
    0.02569203865601759,
    0.02500468104402776,
    0.02398850557445383,
    0.023213934081485404,
    0.022619271419251345,
    0.022149133597383023,
    0.021326463208992584,
    0.020879893031678948,
    0.020442020003165893,
    0.020078038371027222,
    0.01962945271889012,
    0.01979840887719026,
    0.019051421231224296,
    0.018702313784612554,
    0.018718703538885814,
    0.018427203252103765,
    0.01821947472099866,
    0.017894272941930824,
    0.017952557003516285,
    0.017851538409064834,
    0.017495521563670395,
    0.01718504546277864
  ],
  "val_bce_loss": [
    0.06877385623807404,
    0.029341909461942317,
    0.02439732505886429,
    0.035217193808431906,
    0.03240079913718368,
    0.03498731709991929,
    0.03830033683364614,
    0.029104437728348042,
    0.03166800929746107,
    0.03473312650247427,
    0.029868225196184255,
    0.032001255935696214,
    0.038929694610175654,
    0.031825532729250275,
    0.028999542289234584,
    0.03233477767612358,
    0.03157594303671786,
    0.036531437363892486,
    0.023134922351835903,
    0.036280288418294955,
    0.04166537025723312,
    0.028585594836808465,
    0.03727847972987068,
    0.025570204315082647,
    0.037189674715553865,
    0.033839154355217615,
    0.02910995162974305,
    0.03333883788659666,
    0.03454347900163173,
    0.042897258578107715
  ],