{
  "thresholds": [
    0.5,
    0.55,
    0.6,
    0.65,
    0.7
  ],
  "val_dice_by_threshold": {
    "0.50": 0.8535605518026113,
    "0.55": 0.8531471607302861,
    "0.60": 0.8521109979169873,
    "0.65": 0.8511456761498158,
    "0.70": 0.8500643585610187
  },
  "best_threshold": 0.5,
  "best_val_dice": 0.8535605518026113
}