{
  "thresholds": [
    0.5,
    0.55,
    0.6,
    0.65,
    0.7
  ],
  "val_dice_by_threshold": {
    "0.50": 0.787963025147441,
    "0.55": 0.7877100310167457,
    "0.60": 0.7873713558119798,
    "0.65": 0.7870247749737956,
    "0.70": 0.7865664214391245
  },
  "best_threshold": 0.5,
  "best_val_dice": 0.787963025147441
}