{
  "dice": 0.8045883323315809,
  "hd95_mean": 6.835904598236084,
  "hd95_median": 3.605551242828369,
  "hd95_count": 5952,
  "fpr": 0.021830673758865247,
  "fnr": 0.08091414453366276
}