{
  "dice": 0.8060807129084518,
  "hd95_mean": 6.78120756149292,
  "hd95_median": 3.605551242828369,
  "hd95_count": 5954,
  "fpr": 0.021941489361702128,
  "fnr": 0.08060531192093885,
  "selected_threshold": 0.5
}