{
  "selected_threshold": 0.5,
  "dice": 0.8060807129084518,
  "hd95_median": 3.605551242828369,
  "fnr": 0.08060531192093885,
  "fpr": 0.021941489361702128
}