{
  "train_loss": [
    0.33422801641299615,
    0.25837346052647303,
    0.23635747968504947,
    0.2657710220952309,
    0.2528138786759977,
    0.23952041546604302,
    0.23442846834880784,
    0.23067325598691155,
    0.22732949574296293,
    0.2232601873642184,
    0.2225278681692196,
    0.21625874496771919,
    0.2149698124727354,
    0.21481200517933516,
    0.20878113099966425,
    0.20968009451321556,
    0.20978030965102798,
    0.2081285749352962,
    0.20277003332940413,
    0.20253830560688507,
    0.20173079856918918,
    0.20172494589557569,
    0.19694260048059345,
    0.19373366834879682,
    0.19442269990535585,
    0.19630564417677912,
    0.19425392216785115,
    0.1958233900239597,
    0.19300285439241094,
    0.19135175208666969
  ],
  "train_dice": [
    0.7296038501494322,
    0.778061877590709,
    0.7948934471838902,
    0.7770449831344489,
    0.784026795203089,
    0.7933828386457196,
    0.7970013508759561,
    0.7995271670227132,
    0.80208450580966,
    0.8054916960832853,
    0.8057720351665086,
    0.8108881892014376,
    0.8117506191488025,
    0.8117898555089514,
    0.8168142700900471,
    0.8161202034971147,
    0.8157449626309703,
    0.817354460768377,
    0.8218476302203045,
    0.8218740567171396,
    0.8225059062548484,
    0.8222205991187673,
    0.8262886370919187,
    0.8292443958472822,
    0.8286627124246241,
    0.8266211230775404,
    0.8285803327206144,
    0.8268941267648796,
    0.8293902183773723,
    0.8306600628707448
  ],
  "train_fpr": [
    0.32834068479675055,
    0.2799162250499794,
    0.27620347158315617,
    0.08872528797639069,
    0.06226001967442008,
    0.06711941861572149,
    0.0653698473645797,
    0.06305334306476693,
    0.05756354520356678,
    0.058991527306191095,
    0.05455064737242955,
    0.0618792244470536,
    0.0550601377296817,
    0.05013962934755014,
    0.06337067242090566,
    0.056551680365586623,
    0.05163112465092663,
    0.04937644781518738,
    0.0568989591266819,
    0.05071084031480071,
    0.05261654660277364,
    0.04985402386392485,
    0.0515041888804265,
    0.05930885666232983,
    0.04979055597867479,
    0.051088405153265216,
    0.04959700450593387,
    0.044841483926247976,
    0.04553676260590867,
    0.048648134044173647
  ],
  "train_fnr": [
    0.026698922366395424,
    0.02318011875962173,
    0.020628986144710797,
    0.07129975808225203,
    0.07666593358258192,
    0.0654879711483485,
    0.06492192654497471,
    0.06505388168022873,
    0.0652298218605674,
    0.06149109302837035,
    0.065490851513019,
    0.05876402023312074,
    0.06100189119057044,
    0.06461118930330753,
    0.05524521662634704,
    0.059022738268021284,
    0.06038881069669247,
    0.06052342203650759,
    0.05405524278676988,
    0.055374736101337085,
    0.0559000747679993,
    0.056738212526389865,
    0.053615411681914145,
    0.04961513085550913,
    0.053967276565798736,
    0.05612738629365708,
    0.054323920119644584,
    0.05827505827505827,
    0.05616890257312514,
    0.05343947923997185
  ],
  "val_loss": [
    0.334530406765418,
    0.2797128825812371,
    0.287434781325876,
    0.4057019707806375,
    0.3750704362294846,
    0.37813200995248186,
    0.340386130431805,
    0.2939855358353978,
    0.307872690125342,
    0.2986483328062699,
    0.29268043626104545,
    0.2861040487765742,
    0.2976132413163602,
    0.32196045064139095,
    0.312785405335338,
    0.347078877535989,
    0.30499711208531494,
    0.2605421465566173,
    0.27375104201649697,
    0.30161150505570455,
    0.2773803776823706,
    0.26631663244764986,
    0.31014690418215146,
    0.25622542161332884,
    0.3231290803609995,
    0.3058123000318856,
    0.2623001270785343,
    0.30133170002370724,
    0.24897902163023988,
    0.2911577935792397
  ],
  "val_dice": [
    0.7165993409058193,
    0.7572462915497737,
    0.7530547364326188,
    0.6883958101875967,
    0.7076767565643602,
    0.7047090797367764,
    0.7272134522203783,
    0.7551004389339133,
    0.7460274472620345,
    0.7488851051947469,
    0.7554725201952639,
    0.7629546218323435,
    0.7510350090619636,
    0.7336850883645619,
    0.7411175349407592,
    0.7321213093333234,
    0.7498033740018046,
    0.7786233689160599,
    0.771712876668765,
    0.7466883765754159,
    0.7692167761548646,
    0.7720558699267605,
    0.7487833632157432,
    0.7823983090808775,
    0.7413398043687224,
    0.7496451781266396,
    0.7764012664709856,
    0.747983962658998,
    0.787963025147441,
    0.7589339648525009
  ],
  "val_fpr": [
    0.15918989547038329,
    0.1291376306620209,
    0.2737369337979094,
    0.010235191637630661,
    0.025261324041811847,
    0.0039198606271777,
    0.01328397212543554,
    0.022430313588850174,
    0.014372822299651568,
    0.018945993031358885,
    0.021994773519163763,
    0.027221254355400695,
    0.0156794425087108,
    0.011759581881533102,
    0.01633275261324042,
    0.0156794425087108,
    0.011977351916376307,
    0.03484320557491289,
    0.036803135888501745,
    0.010670731707317074,
    0.024825783972125436,
    0.020905923344947737,
    0.01633275261324042,
    0.029181184668989547,
    0.013066202090592335,
    0.020470383275261322,
    0.017857142857142856,
    0.006750871080139373,
    0.02613240418118467,
    0.01524390243902439
  ],
  "val_fnr": [
    0.06744775174160861,
    0.06681443951868271,
    0.028499050031665613,
    0.17827739075364155,
    0.1611779607346422,
    0.181760607979734,
    0.15231158961367955,
    0.11779607346421786,
    0.136478784040532,
    0.13394553514882837,
    0.11589613679544016,
    0.10354654844838505,
    0.1396453451551615,
    0.15864471184293857,
    0.12919569347688412,
    0.13996200126662445,
    0.1358454718176061,
    0.10797973400886637,
    0.1019632678910703,
    0.14439518682710575,
    0.11051298290056998,
    0.11811272957568081,
    0.13299556681443953,
    0.09594680177327422,
    0.13837872070930968,
    0.12824572514249524,
    0.1124129195693477,
    0.1447118429385687,
    0.09309689677010766,
    0.11526282457251424
  ],
  "train_bce_loss": [
    0.03822345960776372,
    0.027232042218163683,
    0.023861552243701727,
    0.03723146265062918,
    0.03136053529094444,
    0.027422887113580784,
    0.026216055062119277,
    0.02513934072249274,
    0.024571368313467942,
    0.024016679619184685,
    0.023681214579151372,
    0.022546263987519966,
    0.022228419718555475,
    0.022239969129071877,
    0.021143286561424997,
    0.021428064430363776,
    0.021190328643363864,
    0.02125610560257805,
    0.0203726766903702,
    0.020290505392114924,
    0.020097076175311906,
    0.019874236150248664,
    0.019183422832864998,
    0.018933581198019724,
    0.019113465241479274,
    0.018991518342328602,
    0.018894916734325088,
    0.018866633241459253,
    0.018593446191240516,
    0.018210781575791316
  ],
  "val_bce_loss": [
    0.04287819703591149,
    0.029797401973970534,
    0.03286487129569799,
    0.08869023618663131,
    0.07858514881982501,
    0.0783739983314716,
    0.06352334328617962,
    0.04459796353954059,
    0.04972440620188756,
    0.043655756436772525,
    0.04383702503935377,
    0.0456909417472375,
    0.04397708132994722,
    0.0521283696895673,
    0.05023791339966743,
    0.07491810819119518,
    0.051503273159136644,
    0.03516269218454979,
    0.04184191758311308,
    0.044923972584041925,
    0.04291381390868601,
    0.034591093524367185,
    0.055541065867761405,
    0.034573193848441416,
    0.060633773034502784,
    0.05263686211094013,
    0.03534691482609289,
    0.04616238211364799,
    0.03395950636526607,
    0.04670579095908797
  ],