{
  "dice": 0.7961906889941603,
  "hd95_mean": 18.656145095825195,
  "hd95_median": 6.87179708480835,
  "hd95_count": 744,
  "fpr": 0.3653366583541147,
  "fnr": 0.0053475935828877
}