{
  "thresholds": [
    0.5,
    0.55,
    0.6,
    0.65,
    0.7
  ],
  "val_dice_by_threshold": {
    "0.50": 0.7646742922407512,
    "0.55": 0.7659311088779042,
    "0.60": 0.7672010473132045,
    "0.65": 0.7683323211635824,
    "0.70": 0.769352995816834
  },
  "best_threshold": 0.7,
  "best_val_dice": 0.769352995816834
}