{
  "selected_threshold": 0.7,
  "dice": 0.8095598935254197,
  "hd95_median": 6.87179708480835,
  "fnr": 0.0053475935828877,
  "fpr": 0.3653366583541147
}