{
  "dice": 0.7961906889941603,
  "hd95_mean": 21.270950317382812,
  "hd95_median": 8.062257766723633,
  "hd95_count": 747,
  "fpr": 0.42144638403990026,
  "fnr": 0.001336898395721925,
  "selected_threshold": 0.5
}