{
  "train_loss": [
    1.1660169932036206,
    1.0133756570464958,
    0.8879104651876543,
    0.7761047552877303,
    0.6977202421224591,
    0.6771566509499565,
    0.6221713121390388,
    0.5652031351692103,
    0.562153593723619,
    0.5216509548869023,
    0.5130458770953733,
    0.49111011163212887,
    0.47483240440697305,
    0.4538677556536578,
    0.4499469316352265,
    0.43301607499030353,
    0.4232213606037244,
    0.4151517384241557,
    0.40185641906904185,
    0.38903381723793284,
    0.387253999495055,
    0.37458430994944325,
    0.36571332521742206,
    0.36099486149054416,
    0.3500695967496894,
    0.3527116359978065,
    0.3413852876899806,
    0.3312975535283739,
    0.32754442262333416,
    0.3222349606820199
  ],
  "train_dice": [
    0.6332722834387,
    0.6827237161267877,
    0.7031614159702846,
    0.7225456035141951,
    0.7359802842308101,
    0.7418523009799629,
    0.7521941553523734,
    0.7592607125640962,
    0.7635384885163756,
    0.7695969619512114,
    0.7724971168915737,
    0.7773055959131807,
    0.7796805508332145,
    0.7827518905999594,
    0.7874404097745974,
    0.7903311451704338,
    0.7921336582144761,
    0.7957853272582043,
    0.7991371114650668,
    0.8020007113985979,
    0.803779258513879,
    0.8069604818859383,
    0.8089977156030883,
    0.8118396198793805,
    0.815649247484067,
    0.8153838063840687,
    0.8176430497162123,
    0.8196331107512645,
    0.8222648379381752,
    0.8244745433983299
  ],
  "train_fpr": [
    0.47296149490373723,
    0.4161947904869762,
    0.351925254813137,
    0.320356738391846,
    0.282559456398641,
    0.2838335220838052,
    0.2917197452229299,
    0.2885050962627407,
    0.30152887882219703,
    0.3023782559456399,
    0.32559456398640996,
    0.3237542468856172,
    0.33196489241223104,
    0.3522083805209513,
    0.3417327293318233,
    0.36452434881087203,
    0.3667893544733862,
    0.32913363533408835,
    0.3301245753114383,
    0.32885050962627405,
    0.3187995469988675,
    0.3353624009060023,
    0.3162514156285391,
    0.3346545866364666,
    0.33418259023354563,
    0.32516987542468856,
    0.32672706681766706,
    0.31780860702151753,
    0.3043601359003397,
    0.287797281993205
  ],
  "train_fnr": [
    0.02792353823088456,
    0.025487256371814093,
    0.03504497751124438,
    0.030547226386806597,
    0.03335832083958021,
    0.03110944527736132,
    0.027741330834114338,
    0.025487256371814093,
    0.021926536731634184,
    0.02230134932533733,
    0.022113943028485756,
    0.02042728635682159,
    0.019490254872563718,
    0.017616191904047975,
    0.017616191904047975,
    0.015179910044977511,
    0.014992503748125937,
    0.014992503748125937,
    0.012743628185907047,
    0.013493253373313344,
    0.015929535232383808,
    0.013305847076461768,
    0.012368815592203899,
    0.013118440779610194,
    0.012558575445173383,
    0.01199400299850075,
    0.009932533733133433,
    0.010119940029985007,
    0.010307346326836582,
    0.010494752623688156
  ],
  "val_loss": [
    2.2929444874776594,
    2.7567770189285987,
    1.7908767916339645,
    2.0338305131951553,
    1.6947724062224288,
    1.758140164002621,
    2.437543911042929,
    1.8741021931758164,
    2.143110187101506,
    2.0296160867562265,
    1.9890873816534103,
    1.7956176809966564,
    1.479911357214201,
    2.3345246904185055,
    1.968747450700265,
    1.4340480589826783,
    2.3921124386707704,
    1.8435950178879952,
    2.2995718050565443,
    1.6634915610457068,
    2.4847438071437877,
    2.180325202671548,
    2.225017998860194,
    2.10959158319133,
    2.7291291966746503,
    2.6028544665168956,
    3.518041730419709,
    2.294003871234928,
    2.87056609559223,
    2.493427382452748
  ],
  "val_dice": [
    0.6261259566627189,
    0.6146394897163756,
    0.6594583863118473,
    0.6809107339947884,
    0.7015428033644917,
    0.7156554320951671,
    0.6914182773626577,
    0.7230303762771222,
    0.716376198458459,
    0.7303959162460216,
    0.7258781612605787,
    0.7393016625599822,
    0.7646742922407512,
    0.7186526073167795,
    0.7359453553214869,
    0.7507005453533195,
    0.7204976451367328,
    0.7439898526708403,
    0.7266045323508012,
    0.7627901143185452,
    0.7329130097448737,
    0.7394698908605113,
    0.738912198992161,
    0.7441910038893159,
    0.7123021925650787,
    0.7368363333854929,
    0.7058398452370164,
    0.7316957222682494,
    0.7391750093599309,
    0.7499269522217283
  ],
  "val_fpr": [
    0.443557582668187,
    0.17559863169897377,
    0.35347776510832385,
    0.30786773090079816,
    0.29304446978335236,
    0.19270239452679588,
    0.05017103762827822,
    0.22120866590649943,
    0.1904218928164196,
    0.2576966932725199,
    0.3215507411630559,
    0.2508551881413911,
    0.4321550741163056,
    0.17103762827822122,
    0.14709236031927023,
    0.26567844925883694,
    0.24857468643101482,
    0.3090079817559863,
    0.18358038768529075,
    0.2839224629418472,
    0.3694412770809578,
    0.20866590649942987,
    0.18586088939566706,
    0.2645381984036488,
    0.2314709236031927,
    0.21550741163055873,
    0.19156214367160776,
    0.3055872291904219,
    0.3888255416191562,
    0.19270239452679588
  ],
  "val_fnr": [
    0.017830609212481426,
    0.09212481426448738,
    0.04011887072808321,
    0.031203566121842496,
    0.03863298662704309,
    0.07429420505200594,
    0.10549777117384844,
    0.0549777117384844,
    0.06240713224368499,
    0.06092124814264487,
    0.0475482912332838,
    0.04606240713224369,
    0.02674591381872214,
    0.09063893016344725,
    0.07429420505200594,
    0.02823179791976226,
    0.06835066864784546,
    0.05200594353640416,
    0.09658246656760773,
    0.06686478454680535,
    0.0475482912332838,
    0.06835066864784546,
    0.06983655274888559,
    0.07578008915304606,
    0.10104011887072809,
    0.0713224368499257,
    0.10549777117384844,
    0.06240713224368499,
    0.06686478454680535,
    0.07429420505200594
  ],
  "train_bce_loss": [
    0.7225316785891349,
    0.6616672590870235,
    0.5632885315046123,
    0.4742080068092767,
    0.4120359037176973,
    0.39896407209008977,
    0.354045288804517,
    0.30527148964523193,
    0.30596099016398004,
    0.27240343499138764,
    0.26637635906479573,
    0.24990585499405676,
    0.23647237053081044,
    0.21904729312592788,
    0.2199855291243954,
    0.20646142507006165,
    0.19918555510935052,
    0.1949931999013621,
    0.18509611414698848,
    0.17597765740046606,
    0.17589188479348292,
    0.16666927191955414,
    0.1605538342186158,
    0.15868637614679798,
    0.15157673672228292,
    0.15488844971473847,
    0.14572890071128355,
    0.13838097974835167,
    0.13699789475461532,
    0.13398992171898916
  ],
  "val_bce_loss": [
    1.8789416697238852,
    2.3607289024378226,
    1.4254801016941634,
    1.6910094169852772,
    1.3723443251597538,
    1.4523266616833008,
    2.1168941174428646,
    1.5813357670581103,
    1.8453649472613731,
    1.7480086539001902,
    1.700155547910154,
    1.523530183687431,
    1.2288626944224168,
    2.0464516385296845,
    1.695545709240292,
    1.172527857094015,
    2.1084261418145185,
    1.5766368188343827,
    2.0183801245040165,
    1.4180795046466959,
    2.2084282325502183,
    1.9127752521688695,
    1.9560928283119852,
    1.8461406177488768,
    2.437191307071609,
    2.335155231194373,
    3.2216728183914483,
    2.0146009588418985,
    2.6026243659664905,
    2.2381983835559427
  ],