{
  "dice": 0.7635111920929775,
  "hd95_mean": 14.858259201049805,
  "hd95_median": 4.242640495300293,
  "hd95_count": 734,
  "fpr": 0.2040302267002519,
  "fnr": 0.0291005291005291,
  "selected_threshold": 0.5
}