{
  "train_loss": [
    0.4466771411776704,
    0.3187695355289366,
    0.30324219218669124,
    0.2848112642573101,
    0.2728793559918005,
    0.2631138040317889,
    0.25307393079103824,
    0.24928465150684964,
    0.24246945366369785,
    0.23769392374297657,
    0.23288069036744308,
    0.22809650073858107,
    0.22622554123564112,
    0.2206803844698544,
    0.21967931982975947,
    0.2165497379273944,
    0.2165301367575795,
    0.2134862301112032,
    0.2100171632708896,
    0.20977183484728618,
    0.20793228442408648,
    0.20567856088211664,
    0.20495465895630469,
    0.2029393183896681,
    0.20115672227531523,
    0.19967725891307203,
    0.19873243991489728,
    0.1970114743161626,
    0.19549291037380356,
    0.19596693922493452
  ],
  "train_dice": [
    0.6690739328336418,
    0.7278015885198549,
    0.7397478292515838,
    0.7543475164139348,
    0.7637467579317643,
    0.7716495494604642,
    0.7786304471706623,
    0.7805096563451529,
    0.785991983497323,
    0.7901185016615611,
    0.7937778624563451,
    0.7974980465973617,
    0.7988422334216468,
    0.8036239435748905,
    0.8047082355610425,
    0.8075809200031691,
    0.8073035741285272,
    0.8093795450682857,
    0.8128385335864411,
    0.8128483950121623,
    0.8142060110996439,
    0.8165755771504537,
    0.8167272681889416,
    0.8181904456842387,
    0.8199396970032509,
    0.821173975057253,
    0.8220994887686259,
    0.8235676073505526,
    0.8247329866114985,
    0.8243114751663356
  ],
  "train_fpr": [
    0.4010806317539485,
    0.3149071765031865,
    0.2975893599334996,
    0.31227486838459406,
    0.299113327791632,
    0.2880299251870324,
    0.3104738154613466,
    0.31638731126194763,
    0.2995289553893045,
    0.3089498476032142,
    0.358132446661125,
    0.314491548905514,
    0.31102798559157663,
    0.3297312274868385,
    0.327930174563591,
    0.3285773652860507,
    0.3187863674147963,
    0.3121363258520366,
    0.3113050706566916,
    0.31587697423108896,
    0.2891382654474924,
    0.32363535605430865,
    0.32696037683568857,
    0.3034081463009144,
    0.3480188417844278,
    0.31573843169853144,
    0.285674702133555,
    0.314491548905514,
    0.30520919922416184,
    0.2914934885009698
  ],
  "train_fnr": [
    0.03473562331146276,
    0.029718255499807025,
    0.029911231184870705,
    0.027981474334233886,
    0.028174450019297567,
    0.027981474334233886,
    0.026437668853724432,
    0.026828797529434473,
    0.027016595908915475,
    0.025665766113469702,
    0.016788884600540333,
    0.02219220378232343,
    0.022964106522578156,
    0.023157082207641837,
    0.019876495561559245,
    0.017178150936112718,
    0.01968351987649556,
    0.019876495561559245,
    0.018525665766113468,
    0.018332690081049787,
    0.018911617136240833,
    0.016209957545349287,
    0.018718641451177152,
    0.019104592821304514,
    0.016788884600540333,
    0.018139714395986106,
    0.01736781165573138,
    0.019104592821304514,
    0.017946738710922425,
    0.021999228097259745
  ],
  "val_loss": [
    0.427772834668854,
    0.350043416129388,
    0.4369065852257346,
    0.3644847645771894,
    0.2882326501832898,
    0.47078002794006274,
    0.27594953248452425,
    0.32705415921694364,
    0.3350752576432082,
    0.2747345982103521,
    0.26065630371817666,
    0.33531738359194535,
    0.25487144409209234,
    0.3965157155754135,
    0.2900647314429877,
    0.24381816706638731,
    0.24243075693519706,
    0.24061151756308016,
    0.26401203950373536,
    0.27937236683512173,
    0.2732220052176306,
    0.24678706499267677,
    0.2693410960166712,
    0.23070361871176806,
    0.26740909942778684,
    0.2641152864974788,
    0.2897112231988173,
    0.2286581594783526,
    0.2591316842466083,
    0.233042464196215
  ],
  "val_dice": [
    0.6498913477331485,
    0.6949445678828619,
    0.6334418386918761,
    0.6866966281285207,
    0.7556915609086425,
    0.5999637000697885,
    0.7686955556485727,
    0.7299176731984001,
    0.7164229822857173,
    0.7659716305569706,
    0.7782569505550243,
    0.7179190235376952,
    0.7868351222485559,
    0.6764663611790775,
    0.7502217399503006,
    0.7925492297735947,
    0.7975257163034205,
    0.7953181825684347,
    0.7773577443448736,
    0.7683998124801323,
    0.7687915940384282,
    0.7929522587647104,
    0.7746119548134145,
    0.8076242432104387,
    0.7816017716061695,
    0.7764694736872473,
    0.7578753514952978,
    0.8054011549768795,
    0.7831707002642827,
    0.8042617664338113
  ],
  "val_fpr": [
    0.2429245283018868,
    0.1733490566037736,
    0.05778301886792453,
    0.09669811320754718,
    0.1474056603773585,
    0.07900943396226415,
    0.13089622641509435,
    0.14976415094339623,
    0.08962264150943396,
    0.18278301886792453,
    0.1792452830188679,
    0.11320754716981132,
    0.2099056603773585,
    0.12028301886792453,
    0.15212264150943397,
    0.2429245283018868,
    0.2641509433962264,
    0.31721698113207547,
    0.18514150943396226,
    0.19103773584905662,
    0.22641509433962265,
    0.20872641509433962,
    0.21933962264150944,
    0.2653301886792453,
    0.21933962264150944,
    0.17452830188679244,
    0.17099056603773585,
    0.2511792452830189,
    0.1615566037735849,
    0.24882075471698112
  ],
  "val_fnr": [
    0.042735042735042736,
    0.06125356125356125,
    0.13817663817663817,
    0.09971509971509972,
    0.05555555555555555,
    0.1581196581196581,
    0.05270655270655271,
    0.05270655270655271,
    0.07834757834757834,
    0.04843304843304843,
    0.04985754985754986,
    0.05270655270655271,
    0.03561253561253561,
    0.06552706552706553,
    0.05555555555555555,
    0.02849002849002849,
    0.019943019943019943,
    0.017094017094017096,
    0.037037037037037035,
    0.03133903133903134,
    0.045584045584045586,
    0.027065527065527065,
    0.03276353276353276,
    0.014245014245014245,
    0.02564102564102564,
    0.045584045584045586,
    0.06125356125356125,
    0.021367521367521368,
    0.04131054131054131,
    0.027065527065527065
  ],
  "train_bce_loss": [
    0.06134149208019914,
    0.04070833367625916,
    0.03814565039591114,
    0.03457730698868726,
    0.03290897198474987,
    0.03124618893475987,
    0.028573813985404442,
    0.026994994277255043,
    0.025738033328174186,
    0.025002540821056986,
    0.024198934153078975,
    0.023181373122584514,
    0.0229109547051442,
    0.022107923239632538,
    0.022071545298846102,
    0.02202853688967141,
    0.021715418320254073,
    0.02108742284144261,
    0.020840271815576582,
    0.020652953332714826,
    0.020302141605165268,
    0.02038331359037574,
    0.019993447278084983,
    0.019436582233457768,
    0.019414187846361147,
    0.019182138794582936,
    0.01927375577455585,
    0.018980747892245492,
    0.018581296445924222,
    0.01870253923123216
  ],
  "val_bce_loss": [
    0.07410431352272853,
    0.04531044969436357,
    0.07130253529911175,
    0.05024382565916779,
    0.042118130029444326,
    0.0717423351978768,
    0.04262691411769573,
    0.05382881183113387,
    0.05047842587002399,
    0.03823969353488222,
    0.0365692414189339,
    0.05256459220527954,
    0.039522538734346226,
    0.07300907271581522,
    0.040085205866634666,
    0.034301959765005635,
    0.03842973006642795,
    0.03298514506723145,
    0.04085676319301583,
    0.045149637062951296,
    0.0410751398399315,
    0.03821957464910068,
    0.043275408205376245,
    0.03650831910895159,
    0.04738455760967072,
    0.03850567102156925,
    0.045761014334629445,
    0.03122295830275252,
    0.041056457694103404,
    0.035238092145076595
  ],