{
  "thresholds": [
    0.5,
    0.55,
    0.6,
    0.65,
    0.7
  ],
  "val_dice_by_threshold": {
    "0.50": 0.8076242432104387,
    "0.55": 0.8072628823143465,
    "0.60": 0.8066614624802713,
    "0.65": 0.8061270687485013,
    "0.70": 0.8049631922418236
  },
  "best_threshold": 0.5,
  "best_val_dice": 0.8076242432104387
}