{
  "dice": 0.7635111920929775,
  "hd95_mean": 14.757684707641602,
  "hd95_median": 4.242640495300293,
  "hd95_count": 733,
  "fpr": 0.190176322418136,
  "fnr": 0.03042328042328042
}