{
  "selected_threshold": 0.5,
  "dice": 0.7635111920929775,
  "hd95_median": 4.242640495300293,
  "fnr": 0.0291005291005291,
  "fpr": 0.2040302267002519
}