{
  "thresholds": [
    0.5,
    0.55,
    0.6,
    0.65,
    0.7
  ],
  "val_dice_by_threshold": {
    "0.50": 0.7388923998872291,
    "0.55": 0.7362486962644165,
    "0.60": 0.7334275707231632,
    "0.65": 0.7303860678045525,
    "0.70": 0.7266591015129307
  },
  "best_threshold": 0.5,
  "best_val_dice": 0.7388923998872291
}