{
  "selected_threshold": 0.5,
  "dice": 0.8225673000343183,
  "hd95_median": 3.983919620513916,
  "fnr": 0.026737967914438502,
  "fpr": 0.12468827930174564
}