{
  "train_loss": [
    0.5502926411702461,
    0.4199207661725089,
    0.38092086953329246,
    0.355087382757333,
    0.3324101194760286,
    0.32077742554456823,
    0.3105934070684351,
    0.2983040503055874,
    0.29076672017839655,
    0.2830937634811442,
    0.280494604947529,
    0.2737020129667841,
    0.2686628099891177,
    0.26300801004247343,
    0.2595922809425871,
    0.25698069195003853,
    0.25435861183754616,
    0.2493088030344488,
    0.24564738725432528,
    0.2673860757445534,
    0.30186606664786636,
    0.28537441319868073,
    0.2813599457717066,
    0.2751161658136674,
    0.2733369059735041,
    0.26592470796075285,
    0.2671411726777365,
    0.2672561378983716,
    0.25723379637024957,
    0.2569546964275153
  ],
  "train_dice": [
    0.651393322119563,
    0.7139281321977924,
    0.7403027900913852,
    0.7574556278942043,
    0.7722865419123811,
    0.7803372685703088,
    0.7871650092218143,
    0.795667665973557,
    0.8005162464425093,
    0.8066632911969414,
    0.8075498293264792,
    0.8128744055971768,
    0.8163335751686274,
    0.820775594862899,
    0.8218913035394821,
    0.8241850661253513,
    0.826284318150221,
    0.8293046529037352,
    0.8323614304020294,
    0.8214988565671772,
    0.8044920365168122,
    0.8119868691711637,
    0.8136037000879941,
    0.8175093699902899,
    0.8174740084507356,
    0.822021637833219,
    0.820382211532589,
    0.821131220429214,
    0.826465703868267,
    0.8262032582377439
  ],
  "train_fpr": [
    0.30776935183860354,
    0.24527761877504292,
    0.2167381974248927,
    0.19856938483547926,
    0.20463651974813968,
    0.182169433314253,
    0.1890383514596451,
    0.18159702346880366,
    0.18815281156102448,
    0.1720091585575272,
    0.18042638431821434,
    0.17498926885105165,
    0.16871780194619349,
    0.18858205751895837,
    0.16926598941193305,
    0.16211189011303476,
    0.1674059235942195,
    0.16111031621118901,
    0.17410586552217452,
    0.1469662278191185,
    0.039347546143940475,
    0.04220314735336195,
    0.041630901287553645,
    0.04178591871780195,
    0.038065254722381224,
    0.043210759765345545,
    0.029765311963365768,
    0.03848905422807269,
    0.03834048640915594,
    0.034620886981402005
  ],
  "train_fnr": [
    0.061668228678537954,
    0.048163418290854576,
    0.04030746156730409,
    0.03449568803899512,
    0.03129685157421289,
    0.03654422788605697,
    0.030547226386806597,
    0.027736131934032984,
    0.030365510777881913,
    0.028298350824587707,
    0.028116213683223992,
    0.027366447985004688,
    0.027361319340329836,
    0.0232427366447985,
    0.02549203373945642,
    0.02436738519212746,
    0.023055295220243674,
    0.024742268041237112,
    0.024371953505811773,
    0.035794602698650674,
    0.0697282099343955,
    0.05830521184851894,
    0.05905511811023622,
    0.053598200899550225,
    0.05622188905547226,
    0.05285848172446111,
    0.05734632683658171,
    0.05567010309278351,
    0.05174353205849269,
    0.05043119610048744
  ],
  "val_loss": [
    0.5734544515521176,
    0.6588692995449763,
    0.46421578212089026,
    0.4545253726029644,
    0.40280367104117976,
    0.46371066829336344,
    0.41372302347271084,
    0.4590123463615797,
    0.3885703634409812,
    0.39624170423173977,
    0.4595700801083096,
    0.4179476827914435,
    0.4285507738191695,
    0.43725213999645496,
    0.40927966800345356,
    0.4305220963917728,
    0.42044278837596505,
    0.40029509192855717,
    0.4905327178349644,
    0.7633241486983349,
    0.6686168768917824,
    0.5835801373287083,
    0.6647030603788229,
    0.49727900290825744,
    0.5762954879258753,
    0.6948524354161337,
    0.5592637608965297,
    0.641753493765311,
    0.7447756461544519,
    0.6069004684243833
  ],
  "val_dice": [
    0.6141177764671674,
    0.5534863309723008,
    0.6915726938615671,
    0.6989333572206579,
    0.7279479546945703,
    0.6909250861136201,
    0.7224815833073712,
    0.6922141502252925,
    0.7388923998872291,
    0.7363051950134458,
    0.6935913072135106,
    0.720483469446764,
    0.7123075413571623,
    0.7015891590738257,
    0.7238716226549236,
    0.7152615761353923,
    0.7173922384008322,
    0.731481718160987,
    0.6784164280275002,
    0.6750662757462945,
    0.6782170168966897,
    0.7076835444233038,
    0.6802808013571673,
    0.72210148415275,
    0.7045394539941008,
    0.6623610171086721,
    0.7110691598213844,
    0.6771655962850904,
    0.6415478619532369,
    0.6943457553434403
  ],
  "val_fpr": [
    0.3956670467502851,
    0.03534777651083238,
    0.30444697833523376,
    0.10490307867730901,
    0.11174458380843785,
    0.08323831242873432,
    0.10832383124287344,
    0.06043329532497149,
    0.13683010262257697,
    0.12542759407069556,
    0.06043329532497149,
    0.10262257696693272,
    0.07525655644241733,
    0.07069555302166476,
    0.13911060433295325,
    0.055872291904218926,
    0.05473204104903079,
    0.10832383124287344,
    0.05473204104903079,
    0.0011402508551881414,
    0.0011402508551881414,
    0.002280501710376283,
    0.0034207525655644243,
    0.012542759407069556,
    0.009122006841505131,
    0.0068415051311288486,
    0.01710376282782212,
    0.027366020524515394,
    0.004561003420752566,
    0.002280501710376283
  ],
  "val_fnr": [
    0.0475482912332838,
    0.13670133729569092,
    0.008915304606240713,
    0.07578008915304606,
    0.05052005943536404,
    0.10549777117384844,
    0.06983655274888559,
    0.11738484398216939,
    0.03714710252600297,
    0.07280832095096583,
    0.09955423476968796,
    0.0861812778603269,
    0.08320950965824665,
    0.09212481426448738,
    0.05646359583952452,
    0.09955423476968796,
    0.11738484398216939,
    0.06686478454680535,
    0.1099554234769688,
    0.19910846953937592,
    0.18424962852897475,
    0.1263001485884101,
    0.15601783060921248,
    0.12332838038632987,
    0.14413075780089152,
    0.18722139673105498,
    0.12332838038632987,
    0.16344725111441308,
    0.20059435364041606,
    0.14710252600297177
  ]
}