{
  "dice": 0.8225673000343183,
  "hd95_mean": 9.845684051513672,
  "hd95_median": 3.605551242828369,
  "hd95_count": 722,
  "fpr": 0.09725685785536159,
  "fnr": 0.034759358288770054
}