{
  "thresholds": [
    0.5,
    0.55,
    0.6,
    0.65,
    0.7
  ],
  "val_dice_by_threshold": {
    "0.50": 0.746969444410845,
    "0.55": 0.7465159931755659,
    "0.60": 0.745852148708338,
    "0.65": 0.7452368261309875,
    "0.70": 0.7445510025101577
  },
  "best_threshold": 0.5,
  "best_val_dice": 0.746969444410845
}