{
  "dice": 0.8370792042603468,
  "hd95_mean": 14.830979347229004,
  "hd95_median": 3.605551242828369,
  "hd95_count": 741,
  "fpr": 0.19825436408977556,
  "fnr": 0.009358288770053475
}