{
  "dice": 0.8370792042603468,
  "hd95_mean": 16.889774322509766,
  "hd95_median": 4.00606632232666,
  "hd95_count": 742,
  "fpr": 0.21321695760598502,
  "fnr": 0.008021390374331552,
  "selected_threshold": 0.5
}