{
  "selected_threshold": 0.5,
  "dice": 0.8370792042603468,
  "hd95_median": 4.00606632232666,
  "fnr": 0.008021390374331552,
  "fpr": 0.21321695760598502
}