{
  "train_loss": [
    0.47207125043287046,
    0.35647951685397633,
    0.3254691548366239,
    0.3087598323358455,
    0.28990486996510867,
    0.28025742703273815,
    0.27075372205972115,
    0.2613380957538656,
    0.2512710650330703,
    0.24475472155438996,
    0.23929989986356232,
    0.23463827586555477,
    0.22796804087258865,
    0.2250473924852821,
    0.22214108854242512,
    0.21660510471301514,
    0.21653020027323278,
    0.21295189026658,
    0.20990883207211838,
    0.2074237452925363,
    0.2061825744230705,
    0.20103942889076515,
    0.2015342317023098,
    0.1988747334730849,
    0.19687683319458224,
    0.1962271318462017,
    0.1946662477278004,
    0.1924449530117021,
    0.1908767810285111,
    0.18872156231545437
  ],
  "train_dice": [
    0.6435154972491403,
    0.6979375758725483,
    0.7229356313994098,
    0.7360279508497664,
    0.7503450247552054,
    0.7571717091480681,
    0.7648808856663183,
    0.7718186954492678,
    0.7801262696966182,
    0.7849672694721157,
    0.7895634666651088,
    0.7933585216903695,
    0.7987790534418003,
    0.800825919091319,
    0.8038353330788734,
    0.8078388432951887,
    0.8077678054260827,
    0.8112466563220203,
    0.8141879097530982,
    0.8160422274934839,
    0.816745926051455,
    0.8215261694975721,
    0.8208407027803283,
    0.8231217808900345,
    0.8249519163070573,
    0.8252554859413983,
    0.8266214566630614,
    0.8285567961859928,
    0.829743681352996,
    0.8320866546644571
  ],
  "train_fpr": [
    0.4238391845979615,
    0.39580973952434884,
    0.3523499433748584,
    0.3261608154020385,
    0.28680634201585503,
    0.29940543601359004,
    0.2816702052370842,
    0.282559456398641,
    0.26812004530011324,
    0.27477349943374857,
    0.2737825594563986,
    0.25014156285390715,
    0.2638731596828992,
    0.2524065685164213,
    0.2507078142695357,
    0.25028312570781425,
    0.23839184597961494,
    0.23782559456398641,
    0.26288221970554926,
    0.259484711211778,
    0.2695356738391846,
    0.25934314835787087,
    0.25056625141562855,
    0.24872593431483578,
    0.23906581740976646,
    0.2456115515288788,
    0.25537938844847113,
    0.25920158550396377,
    0.2601925254813137,
    0.2576443941109853
  ],
  "train_fnr": [
    0.04591454272863568,
    0.03129685157421289,
    0.02848575712143928,
    0.026424287856071964,
    0.031484257871064465,
    0.028298350824587707,
    0.02717900656044986,
    0.027361319340329836,
    0.028673163418290855,
    0.02923538230884558,
    0.02848575712143928,
    0.028673163418290855,
    0.026424287856071964,
    0.02848575712143928,
    0.026986506746626688,
    0.02792353823088456,
    0.025487256371814093,
    0.02717391304347826,
    0.02361319340329835,
    0.020989505247376312,
    0.02267616191904048,
    0.02230134932533733,
    0.024175412293853074,
    0.024362818590704646,
    0.023055295220243674,
    0.02586206896551724,
    0.02136431784107946,
    0.0239880059970015,
    0.021551724137931036,
    0.01911544227886057
  ],
  "val_loss": [
    0.6245124458458502,
    0.41687991421110654,
    0.3922565213887555,
    0.37666354646123007,
    0.3703955615943998,
    0.4014136325014426,
    0.3727234080710613,
    0.3809540125432066,
    0.4071808795252314,
    0.34514922894299427,
    0.3450899684904102,
    0.35401408340543905,
    0.3241557469024125,
    0.3014901216947273,
    0.328134993045559,
    0.29366057560977044,
    0.37822799216319336,
    0.32069622209146176,
    0.3131043865126772,
    0.31415386987299304,
    0.2987831202439443,
    0.3221276626959554,
    0.3358424249040115,
    0.2974545181511637,
    0.3355093848425203,
    0.3765078356647297,
    0.3657004383695692,
    0.32193537313563064,
    0.34899770042251516,
    0.32857102749074907
  ],
  "val_dice": [
    0.5001466572296807,
    0.650531645457746,
    0.6732772756077317,
    0.6866418011790975,
    0.6933806229820046,
    0.6644026787029953,
    0.6795093568670183,
    0.6795085004321888,
    0.6592428877750443,
    0.7137807826795248,
    0.7096861888298884,
    0.6943330484405049,
    0.7272270986558468,
    0.7420175378591398,
    0.7170660089684808,
    0.746891397946856,
    0.6788317157013721,
    0.7246727685085643,
    0.7284718684680528,
    0.7307873022940459,
    0.746969444410845,
    0.7239496601501758,
    0.7126856786752449,
    0.742811484749458,
    0.7120610678922745,
    0.6810624626081819,
    0.6927253060460777,
    0.7250607388625461,
    0.7074415147564697,
    0.7190277814577274
  ],
  "val_fpr": [
    0.28734321550741165,
    0.15849486887115166,
    0.1961231470923603,
    0.29646522234891676,
    0.3010262257696693,
    0.09920182440136831,
    0.08665906499429875,
    0.15051311288483465,
    0.04903078677309008,
    0.20182440136830102,
    0.24743443557582667,
    0.08437856328392246,
    0.25997719498289623,
    0.20524515393386544,
    0.10718358038768529,
    0.2291904218928164,
    0.08323831242873432,
    0.09007981755986318,
    0.14823261117445838,
    0.18814139110604333,
    0.26225769669327254,
    0.14709236031927023,
    0.13112884834663627,
    0.17445838084378562,
    0.12428734321550741,
    0.08665906499429875,
    0.13112884834663627,
    0.1516533637400228,
    0.18129988597491448,
    0.17103762827822122
  ],
  "val_fnr": [
    0.07726597325408618,
    0.06983655274888559,
    0.06092124814264487,
    0.03863298662704309,
    0.01634472511144131,
    0.06686478454680535,
    0.10104011887072809,
    0.10104011887072809,
    0.1352154531946508,
    0.06686478454680535,
    0.04903417533432392,
    0.09063893016344725,
    0.05794947994056464,
    0.04606240713224369,
    0.0713224368499257,
    0.02674591381872214,
    0.10698365527488855,
    0.08023774145616643,
    0.0475482912332838,
    0.05943536404160475,
    0.041604754829123326,
    0.0549777117384844,
    0.09806835066864784,
    0.0638930163447251,
    0.08915304606240713,
    0.11292719167904904,
    0.09806835066864784,
    0.06835066864784546,
    0.06983655274888559,
    0.10401188707280833
  ],
  "train_bce_loss": [
    0.0659651020654799,
    0.04700231967787919,
    0.042326228334726726,
    0.04024236644343647,
    0.03583261268485667,
    0.03404449284549475,
    0.032199382628482216,
    0.030116768685671133,
    0.02866451736067363,
    0.027388543835198717,
    0.026599563459795805,
    0.02596451385189325,
    0.02493987096460441,
    0.02438170759434887,
    0.02433728722436094,
    0.023265661971102813,
    0.02313497441092517,
    0.02307152157279971,
    0.0229179559123111,
    0.022526127127667845,
    0.02209498486188605,
    0.02177971847756645,
    0.02165509283754934,
    0.021292786708064674,
    0.021157220248579186,
    0.020865280417949023,
    0.020816719870187888,
    0.02045701730118696,
    0.020142653504187313,
    0.020330126361883666
  ],
  "val_bce_loss": [
    0.11294751845294662,
    0.06397124736360603,
    0.06223832954533078,
    0.060889823245296994,
    0.061953535615009866,
    0.06434025693264303,
    0.05275718701184214,
    0.05887594530651246,
    0.06685605148116164,
    0.05770965783062314,
    0.0533497539660653,
    0.04908581709843489,
    0.04977141977604382,
    0.043357142901252525,
    0.045640176520440265,
    0.03943314338004338,
    0.057290564197045805,
    0.04501926921703126,
    0.042034824816383806,
    0.04501085426384392,
    0.04486944065750147,
    0.0460691066366342,
    0.049315576720883325,
    0.04090430421179907,
    0.049082618858440355,
    0.059108134366278355,
    0.058639242320116,
    0.047673937753310816,
    0.05791013598295305,
    0.04897442614241229
  ],