{
  "thresholds": [
    0.5,
    0.55,
    0.6,
    0.65,
    0.7
  ],
  "val_dice_by_threshold": {
    "0.50": 0.8357036658321623,
    "0.55": 0.8354811111145471,
    "0.60": 0.8346375092180699,
    "0.65": 0.8340272425436939,
    "0.70": 0.8330818771924713
  },
  "best_threshold": 0.5,
  "best_val_dice": 0.8357036658321623
}