{
  "train_loss": [
    1.0654533213100663,
    0.8618836200100856,
    0.8223430374826717,
    0.7556836965722681,
    0.6630699769542764,
    0.6260981927268755,
    0.5705385004783833,
    0.5387048708633498,
    0.5044051647078427,
    0.480635564718891,
    0.45760204208831134,
    0.465697050046508,
    0.4431976592093502,
    0.42223053606859584,
    0.41291783320395414,
    0.3975995699051587,
    0.4062374909634298,
    0.3859494567191477,
    0.37361577960352105,
    0.3681916679534041,
    0.3660580336651145,
    0.3589594001518869,
    0.35794011948569,
    0.34300904251133707,
    0.33996054591794667,
    0.33281138737675775,
    0.32843004720262214,
    0.3252606418831454,
    0.3198986215828823,
    0.31465660619003344
  ],
  "train_dice": [
    0.5770646836003571,
    0.6447249238692382,
    0.6718684252064606,
    0.6845442904167625,
    0.7005177620083826,
    0.709497435628553,
    0.7194308078069127,
    0.7262564677576948,
    0.7317367569288,
    0.7393664900971,
    0.7447676850814031,
    0.7487874013639496,
    0.7546244751048119,
    0.7573873144333981,
    0.7628483306835165,
    0.7650386955316145,
    0.7639774160987242,
    0.7708753574897581,
    0.7734475668942583,
    0.7762129735285401,
    0.7790217884290265,
    0.7820710462387958,
    0.7824474938967336,
    0.7875760972488187,
    0.7876436120466291,
    0.7908374801411473,
    0.7921645701356401,
    0.7967627072343109,
    0.7984395522414925,
    0.8006444113996705
  ],
  "train_fpr": [
    0.5432217343578485,
    0.467755214050494,
    0.41863336992316136,
    0.39050493962678373,
    0.36745334796926454,
    0.3405598243688255,
    0.3556531284302964,
    0.3258781558726674,
    0.3287596048298573,
    0.3267014270032931,
    0.3260153677277717,
    0.32917124039517015,
    0.326382219783235,
    0.32409440175631177,
    0.33562019758507133,
    0.32999451152579584,
    0.3040614709110867,
    0.3074495815612567,
    0.3245060373216246,
    0.32848518111964875,
    0.3026893523600439,
    0.3065312843029638,
    0.3029637760702525,
    0.2818331503841932,
    0.29459385290889134,
    0.29816136114160263,
    0.29733809001097694,
    0.2704074633008643,
    0.26056531284302964,
    0.26780079571957743
  ],
  "train_fnr": [
    0.015062597809076683,
    0.017018779342723004,
    0.019561815336463225,
    0.020735524256651018,
    0.021517996870109544,
    0.02034428794992175,
    0.017605633802816902,
    0.017996870109546165,
    0.018388106416275432,
    0.018583724569640064,
    0.017018779342723004,
    0.014084507042253521,
    0.01428291919389552,
    0.013888888888888888,
    0.009780907668231613,
    0.01310641627543036,
    0.012519561815336464,
    0.009587164938368226,
    0.011932707355242567,
    0.008998435054773083,
    0.010758998435054772,
    0.011150234741784037,
    0.011150234741784037,
    0.011541471048513302,
    0.010367762128325509,
    0.009780907668231613,
    0.011541471048513302,
    0.009782821365681862,
    0.011150234741784037,
    0.009587164938368226
  ],
  "val_loss": [
    1.6624674920720108,
    1.1561029584604432,
    0.506338814571059,
    0.6703921701957488,
    0.530428974013004,
    0.8427204927043802,
    0.69563504342629,
    0.5802086298657063,
    1.105268912940953,
    0.5636881414977227,
    0.5050806478437411,
    0.7529421225741241,
    0.5104236507226201,
    0.5105434195000744,
    1.0106869203936772,
    0.6379366203282888,
    1.0413302111511047,
    1.3545092361257274,
    0.7011170032593979,
    0.9098522399260095,
    0.9638120397682902,
    0.7891626781040042,
    0.8208434264445622,
    0.7562460690384081,
    0.959179245001642,
    1.6085780812372295,
    1.2967590146185555,
    0.5972790328796799,
    0.905638469294948,
    0.9540414881490215
  ],
  "val_dice": [
    0.706170719793375,
    0.7102226241527555,
    0.7421621798851786,
    0.7868483337689434,
    0.7999321696590963,
    0.7821788598945882,
    0.77266417757867,
    0.7877585573794221,
    0.760621778237132,
    0.8305538271680563,
    0.8092008962119605,
    0.7962764381877416,
    0.8104887701041953,
    0.8286326374285496,
    0.8020696982124148,
    0.8296802761529148,
    0.8221203082064773,
    0.7957374378267301,
    0.8098559324469792,
    0.8357036658321623,
    0.791264067971583,
    0.8020587083635599,
    0.8005046334514427,
    0.8232737759998917,
    0.8015404825688467,
    0.7917179442747887,
    0.8121607277133177,
    0.826855000182876,
    0.8019470664391504,
    0.8270777559821278
  ],
  "val_fpr": [
    0.09382151029748284,
    0.2482837528604119,
    0.2288329519450801,
    0.16132723112128147,
    0.14073226544622425,
    0.08237986270022883,
    0.17391304347826086,
    0.2459954233409611,
    0.11556064073226545,
    0.10640732265446225,
    0.18878718535469108,
    0.11327231121281464,
    0.2311212814645309,
    0.33981693363844395,
    0.10526315789473684,
    0.14416475972540047,
    0.14073226544622425,
    0.11670480549199085,
    0.14302059496567507,
    0.10983981693363844,
    0.13615560640732266,
    0.09153318077803203,
    0.09267734553775744,
    0.16819221967963388,
    0.06407322654462243,
    0.06292906178489703,
    0.09038901601830664,
    0.23569794050343248,
    0.07437070938215103,
    0.18077803203661327
  ],
  "val_fnr": [
    0.1242603550295858,
    0.060650887573964495,
    0.03550295857988166,
    0.042899408284023666,
    0.04437869822485207,
    0.057692307692307696,
    0.029585798816568046,
    0.020710059171597635,
    0.05325443786982249,
    0.03550295857988166,
    0.016272189349112426,
    0.038461538461538464,
    0.016272189349112426,
    0.008875739644970414,
    0.028106508875739646,
    0.020710059171597635,
    0.026627218934911243,
    0.02514792899408284,
    0.023668639053254437,
    0.020710059171597635,
    0.022189349112426034,
    0.03106508875739645,
    0.03106508875739645,
    0.022189349112426034,
    0.028106508875739646,
    0.04437869822485207,
    0.03550295857988166,
    0.01775147928994083,
    0.04142011834319527,
    0.014792899408284023
  ],
  "train_bce_loss": [
    0.5614671378426694,
    0.4691957949110251,
    0.4607311412074012,
    0.4108649204724553,
    0.33581995597806596,
    0.30983669635630157,
    0.26465668561095,
    0.2409874024290478,
    0.21306172161236356,
    0.19745553074183608,
    0.18073628626405647,
    0.19289673357592213,
    0.1750315699417117,
    0.15850760065463113,
    0.15552562566820047,
    0.14327556393884452,
    0.15187566512935566,
    0.1380755487915591,
    0.1284241359126142,
    0.126677023653632,
    0.12789574222591743,
    0.12386402282263105,
    0.12324390250378116,
    0.11454516390228957,
    0.11149584759021164,
    0.10791748810682668,
    0.10521555603634863,
    0.10694277650851872,
    0.10414036878642258,
    0.1003655634852213
  ],
  "val_bce_loss": [
    1.353507707492013,
    0.8519681023575707,
    0.22101638365203527,
    0.43342590404015874,
    0.3130707933382164,
    0.6116570240594777,
    0.44875502973015163,
    0.34019087945089055,
    0.8561164356148857,
    0.374025073065698,
    0.29668073832903324,
    0.5368368230662282,
    0.3036649426036878,
    0.3165738772443832,
    0.8014395856422499,
    0.4545360153631208,
    0.8519377464656898,
    1.141670269766938,
    0.5000823409225621,
    0.7344004726016717,
    0.7448569161272552,
    0.5813221267955626,
    0.6130213165368482,
    0.567567085988128,
    0.751844510896553,
    1.3930272029266078,
    1.1014836672872592,
    0.40895336310237307,
    0.6986397168686553,
    0.7698300342453015
  ],