{
  "selected_threshold": 0.5,
  "dice": 0.7981310621791499,
  "hd95_median": 5.8648529052734375,
  "fnr": 0.048589341692789965,
  "fpr": 0.22916666666666666
}