{
  "dice": 0.7981310621791499,
  "hd95_mean": 8.719724655151367,
  "hd95_median": 5.8648529052734375,
  "hd95_count": 607,
  "fpr": 0.22916666666666666,
  "fnr": 0.048589341692789965,
  "selected_threshold": 0.5
}