{
  "dice": 0.7981310621791499,
  "hd95_mean": 7.77019739151001,
  "hd95_median": 5.009902000427246,
  "hd95_count": 598,
  "fpr": 0.19078947368421054,
  "fnr": 0.06269592476489028
}