{
  "thresholds": [
    0.5,
    0.55,
    0.6,
    0.65,
    0.7
  ],
  "val_dice_by_threshold": {
    "0.50": 0.8371934638406239,
    "0.55": 0.8368782153529842,
    "0.60": 0.8364516296961012,
    "0.65": 0.8358414046955804,
    "0.70": 0.8349653240537992
  },
  "best_threshold": 0.5,
  "best_val_dice": 0.8371934638406239
}