{
  "dice": 0.7292057782170558,
  "hd95_mean": 12.570759773254395,
  "hd95_median": 6.541381359100342,
  "hd95_count": 681,
  "fpr": 0.2431466030989273,
  "fnr": 0.04219409282700422
}