{
  "selected_threshold": 0.5,
  "dice": 0.7292057782170558,
  "hd95_median": 6.7082037925720215,
  "fnr": 0.040787623066104076,
  "fpr": 0.26460071513706795
}