{
  "train_loss": [
    0.4219195150591207,
    0.30257352852838576,
    0.27900743933001043,
    0.2635693648264282,
    0.2559677245316305,
    0.24380618849577865,
    0.23586324609242312,
    0.230321797698218,
    0.22641829663476748,
    0.21733267746244753,
    0.21510446431389996,
    0.21130872079756985,
    0.20586722646687966,
    0.2029585107458009,
    0.20173333914594774,
    0.19713306400080097,
    0.19492896866649334,
    0.1913579127103724,
    0.18752523143686328,
    0.18633021104250067,
    0.1844610203196106,
    0.1801938111569094,
    0.17867754079483458,
    0.17592912367780372,
    0.17451786050726156,
    0.17137055862111492,
    0.17193502379880368,
    0.16717215770855892,
    0.1670238108718193,
    0.16491586848421036
  ],
  "train_dice": [
    0.6909401150654831,
    0.7413100728441433,
    0.7598324055803769,
    0.7725498330607974,
    0.778454021111715,
    0.7883568593078077,
    0.7946765263733853,
    0.7986389347519667,
    0.8019257434221384,
    0.8093516042788758,
    0.8115172941566248,
    0.8138593989149161,
    0.818551726036377,
    0.8215444539252508,
    0.8220977234365456,
    0.825660854731907,
    0.82746756442847,
    0.8309634813698331,
    0.8337495130041008,
    0.8344994626867055,
    0.8366026340466158,
    0.8402370643712901,
    0.8411772737542451,
    0.8436733136891641,
    0.8449554348459289,
    0.8474545526944633,
    0.8470383766912162,
    0.8510491825718014,
    0.8512378451324973,
    0.8529835411331993
  ],
  "train_fpr": [
    0.434986499928947,
    0.35085974136705983,
    0.3340912320591161,
    0.327696461560324,
    0.3255186132423984,
    0.3080858320306949,
    0.318175358817678,
    0.30638055989768365,
    0.2823646440244422,
    0.28449623419070624,
    0.29174364075600395,
    0.2984226232769646,
    0.284354128179622,
    0.2952962910331107,
    0.263000852514919,
    0.26626882637112814,
    0.2746909194258917,
    0.2933068068779309,
    0.2825067500355265,
    0.2719909052152906,
    0.26772772488276253,
    0.27312775330396477,
    0.25508028989626264,
    0.25536450191843113,
    0.2555066079295154,
    0.25721188006252665,
    0.2590592582066221,
    0.25404944586530265,
    0.24868551939747052,
    0.25223816967457724
  ],
  "train_fnr": [
    0.030579899310087637,
    0.02946112250606004,
    0.024986015289949655,
    0.025545403691963453,
    0.023685192092502798,
    0.022002610479209397,
    0.021070296475853068,
    0.023121387283236993,
    0.026477717695319782,
    0.02368077568525079,
    0.01995151967182547,
    0.020324445273168002,
    0.017900428864441546,
    0.01715457766175648,
    0.01939574785527788,
    0.01976874300634092,
    0.016035800857728884,
    0.015289949655043818,
    0.01752750326309901,
    0.019392131269811673,
    0.016781652060413946,
    0.014357635651687487,
    0.014917024053701287,
    0.01379824724967369,
    0.016035800857728884,
    0.013238858847659891,
    0.014544098452358755,
    0.013427825438269302,
    0.012493007644974827,
    0.014171172851016222
  ],
  "val_loss": [
    0.5426870996336433,
    0.3612593608643234,
    0.4965039175520413,
    0.34477641184671515,
    0.39742340199975634,
    0.3407137357215159,
    0.3587698645645032,
    0.30350112088269343,
    0.38795086622618846,
    0.30127913175545035,
    0.2790951374156849,
    0.3039777119066158,
    0.3019367258044055,
    0.2748709035398316,
    0.2685370490838685,
    0.2878964720878505,
    0.2935048070239977,
    0.25097175003403294,
    0.2336244018653231,
    0.28658449529078756,
    0.2784607446188257,
    0.3224101608551114,
    0.24006499478144802,
    0.24756805823340902,
    0.33864344469387164,
    0.23071643255215926,
    0.24629996186870076,
    0.21414702351674111,
    0.18894782709705568,
    0.28476634422303554
  ],
  "val_dice": [
    0.556854401878931,
    0.7110290349617492,
    0.6152189239016632,
    0.7217770067662218,
    0.6962570252182493,
    0.7361959235294022,
    0.7126474783368354,
    0.7490938585278761,
    0.6958443160338776,
    0.7494884099185902,
    0.7726092297012789,
    0.7558522341677743,
    0.7585159727691734,
    0.7699221459128995,
    0.7763299648996688,
    0.7617225163174371,
    0.7674764268154646,
    0.7921723489778756,
    0.8077078641548644,
    0.7597887074425272,
    0.7655999191921122,
    0.749150989503756,
    0.7995728996548339,
    0.800220201463595,
    0.7318751183848311,
    0.8093249707543937,
    0.80014668831425,
    0.8216150512878042,
    0.8371934638406239,
    0.7695569703613755
  ],
  "val_fpr": [
    0.11098265895953757,
    0.27630057803468205,
    0.13410404624277455,
    0.2832369942196532,
    0.11907514450867052,
    0.2092485549132948,
    0.19421965317919074,
    0.261271676300578,
    0.1653179190751445,
    0.2161849710982659,
    0.25549132947976877,
    0.24971098265895952,
    0.19190751445086704,
    0.12023121387283237,
    0.14797687861271677,
    0.13872832369942195,
    0.20578034682080926,
    0.14682080924855492,
    0.2,
    0.10404624277456648,
    0.15375722543352602,
    0.15722543352601157,
    0.19190751445086704,
    0.20115606936416186,
    0.10635838150289018,
    0.23930635838150288,
    0.2277456647398844,
    0.25780346820809247,
    0.2682080924855491,
    0.13988439306358383
  ],
  "val_fnr": [
    0.11386861313868613,
    0.029197080291970802,
    0.059854014598540145,
    0.032116788321167884,
    0.059854014598540145,
    0.040875912408759124,
    0.049635036496350364,
    0.026277372262773723,
    0.052554744525547446,
    0.032116788321167884,
    0.024817518248175182,
    0.027737226277372264,
    0.030656934306569343,
    0.06423357664233577,
    0.04817518248175182,
    0.030656934306569343,
    0.01897810218978102,
    0.027737226277372264,
    0.014598540145985401,
    0.059854014598540145,
    0.049635036496350364,
    0.0364963503649635,
    0.026277372262773723,
    0.021897810218978103,
    0.043795620437956206,
    0.013138686131386862,
    0.02335766423357664,
    0.010218978102189781,
    0.016058394160583942,
    0.0364963503649635
  ],
  "train_bce_loss": [
    0.0557397946172959,
    0.03710078245570924,
    0.03363987031717079,
    0.0316409680228312,
    0.030435402194809627,
    0.028562553758809027,
    0.02694207382510331,
    0.0262204574153383,
    0.025536102754840292,
    0.02429473811080246,
    0.02388838224272307,
    0.023012628794048244,
    0.022339200652329923,
    0.022550205412743236,
    0.021936008595980206,
    0.021065870545505017,
    0.02098256635184347,
    0.020707800313772146,
    0.019896266378883802,
    0.019699348718256203,
    0.019724328512028853,
    0.019191218944194025,
    0.018916957289204426,
    0.01862312074149244,
    0.01836386884172225,
    0.01797290498868904,
    0.018027428717776347,
    0.017532137234583488,
    0.01751180016254496,
    0.017204982810371555
  ],
  "val_bce_loss": [
    0.10762177608120357,
    0.06658236959583319,
    0.11261402984106417,
    0.06365566609646568,
    0.08992191277135055,
    0.075082190549358,
    0.06965748284872023,
    0.05122923052896929,
    0.08463946661482145,
    0.05010982113393248,
    0.051317086388496344,
    0.05936975725425108,
    0.059470347639591345,
    0.04497525008725866,
    0.045558450070259084,
    0.04932224635208148,
    0.06055745844530404,
    0.04295067258177488,
    0.04086134387673062,
    0.0480594550453366,
    0.04478581285284302,
    0.07311729619272705,
    0.038800159344461536,
    0.04763232501942569,
    0.07217690276953283,
    0.04037495030067482,
    0.04756736890357634,
    0.0373157944975516,
    0.026143862533444254,
    0.05504488213196818
  ],