{
  "dice": 0.7292057782170558,
  "hd95_mean": 12.666537284851074,
  "hd95_median": 6.7082037925720215,
  "hd95_count": 682,
  "fpr": 0.26460071513706795,
  "fnr": 0.040787623066104076,
  "selected_threshold": 0.5
}