{
  "dice": 0.8185209693463058,
  "hd95_mean": 9.017115592956543,
  "hd95_median": 4.762461185455322,
  "hd95_count": 618,
  "fpr": 0.40789473684210525,
  "fnr": 0.03134796238244514
}