{
  "train_loss": [
    0.48618535571680616,
    0.3702560812183867,
    0.32738210070304025,
    0.30851423134034195,
    0.29535401894540436,
    0.2836707022892973,
    0.27540668044151834,
    0.2669068085148505,
    0.2570275358636375,
    0.249093835744555,
    0.24205211065716878,
    0.23444189663563966,
    0.22791612483101936,
    0.22488396275782715,
    0.21934478419303824,
    0.2182354319866904,
    0.21775342156479,
    0.2151327135077064,
    0.21082163789106972,
    0.21014156313729654,
    0.206144092554964,
    0.20419796928690517,
    0.20211652526704824,
    0.20180773658332082,
    0.19887825529464792,
    0.1970041802343191,
    0.19651448526416054,
    0.19320809042681714,
    0.1914523589706809,
    0.1889088198860323
  ],
  "train_dice": [
    0.6332815564718499,
    0.6854848713528512,
    0.717641174635017,
    0.7332854674559803,
    0.7430495442401276,
    0.7525162695844567,
    0.759478899507125,
    0.7670885222072746,
    0.7741163174919813,
    0.7807454627330804,
    0.7871240583792801,
    0.7927505336829398,
    0.7979011273511477,
    0.8006159820399321,
    0.804826714262601,
    0.8052843392493949,
    0.8057247919799999,
    0.8087934912810468,
    0.8117251494645793,
    0.8129666923040288,
    0.8160708331379454,
    0.8180493345266975,
    0.8195257826206523,
    0.8196384284737886,
    0.822459470911629,
    0.8241929294202981,
    0.8246104982827319,
    0.8275585791503454,
    0.8287797632573627,
    0.8312200603508194
  ],
  "train_fpr": [
    0.4496432491767289,
    0.38048847420417126,
    0.3423435784851811,
    0.3247359034161065,
    0.31613611416026344,
    0.3258781558726674,
    0.31558726673984633,
    0.32917124039517015,
    0.31682217343578484,
    0.31051042810098795,
    0.3245060373216246,
    0.3180570801317234,
    0.3072173435784852,
    0.3018660812294182,
    0.34440175631174536,
    0.31682217343578484,
    0.32199204280422555,
    0.3223106476399561,
    0.31627332601536773,
    0.3218990120746433,
    0.3150384193194292,
    0.3218990120746433,
    0.3267014270032931,
    0.35313486074907396,
    0.3657566195637262,
    0.3524972557628979,
    0.3519484083424808,
    0.34495060373216246,
    0.31339187705817784,
    0.3158616904500549
  ],
  "train_fnr": [
    0.04107981220657277,
    0.032081377151799685,
    0.037363067292644755,
    0.033261592643318336,
    0.03599374021909233,
    0.03384194053208138,
    0.03169014084507042,
    0.029538341158059468,
    0.02992957746478873,
    0.02797339593114241,
    0.02621283255086072,
    0.02699530516431925,
    0.028169014084507043,
    0.02543035993740219,
    0.025039123630672927,
    0.025039123630672927,
    0.026217961260027393,
    0.02171361502347418,
    0.025821596244131457,
    0.021517996870109544,
    0.022887323943661973,
    0.020735524256651018,
    0.02014866979655712,
    0.01917432987673645,
    0.020543924867931912,
    0.01936619718309859,
    0.019757433489827857,
    0.016040688575899843,
    0.019561815336463225,
    0.018974960876369327
  ],
  "val_loss": [
    0.2932164195825803,
    0.29566920404294894,
    0.25995342150198286,
    0.2637754185318109,
    0.22396509518251706,
    0.2478804689826521,
    0.2261303958769601,
    0.2255347722468997,
    0.2551380644232784,
    0.216431308975829,
    0.24976229923639512,
    0.27927752493015495,
    0.20627842423059708,
    0.29217395023856113,
    0.25057232449073674,
    0.23448014259613917,
    0.26547361362020117,
    0.2245885731112322,
    0.2554359309920854,
    0.22002455276663047,
    0.22608817116351876,
    0.2776515749889321,
    0.25590753450317405,
    0.20261346887433407,
    0.2359021951295656,
    0.2568336914227339,
    0.23928564969731286,
    0.21003003107637344,
    0.22224333911814545,
    0.26999526100299326
  ],
  "val_dice": [
    0.7553174246058485,
    0.7385763204381002,
    0.7747930167628639,
    0.7814378620527641,
    0.8093138939574273,
    0.7832381524608509,
    0.7984307666761062,
    0.8078146722476335,
    0.7840003727125169,
    0.8103185710194107,
    0.7883876865266783,
    0.7546929199325704,
    0.821318846662803,
    0.7524271440215563,
    0.7883469342700475,
    0.7943463561031416,
    0.7716949567303458,
    0.8103402636438255,
    0.784103481944915,
    0.8080069317796527,
    0.806804909949472,
    0.7640023682233409,
    0.7818886791659001,
    0.8259525281217324,
    0.7967674170879746,
    0.7821328202813599,
    0.7931621983955951,
    0.8154073823353595,
    0.8085430126152271,
    0.7745191113797386
  ],
  "val_fpr": [
    0.4839816933638444,
    0.09382151029748284,
    0.23684210526315788,
    0.41762013729977115,
    0.2940503432494279,
    0.16247139588100687,
    0.16933638443935928,
    0.2482837528604119,
    0.14416475972540047,
    0.1956521739130435,
    0.16819221967963388,
    0.09610983981693363,
    0.2505720823798627,
    0.11327231121281464,
    0.16933638443935928,
    0.2551487414187643,
    0.13043478260869565,
    0.2139588100686499,
    0.19221967963386727,
    0.15560640732265446,
    0.08810068649885583,
    0.14187643020594964,
    0.10068649885583524,
    0.2551487414187643,
    0.13157894736842105,
    0.08009153318077804,
    0.15217391304347827,
    0.3009153318077803,
    0.14416475972540047,
    0.2803203661327231
  ],
  "val_fnr": [
    0.016272189349112426,
    0.08284023668639054,
    0.05621301775147929,
    0.008875739644970414,
    0.016272189349112426,
    0.07988165680473373,
    0.07396449704142012,
    0.028106508875739646,
    0.051775147928994084,
    0.03550295857988166,
    0.04142011834319527,
    0.07100591715976332,
    0.022189349112426034,
    0.0650887573964497,
    0.04585798816568047,
    0.03550295857988166,
    0.07544378698224852,
    0.029585798816568046,
    0.03994082840236687,
    0.028106508875739646,
    0.03106508875739645,
    0.038461538461538464,
    0.047337278106508875,
    0.010355029585798817,
    0.034023668639053255,
    0.060650887573964495,
    0.03106508875739645,
    0.016272189349112426,
    0.03994082840236687,
    0.03698224852071006
  ],
  "train_bce_loss": [
    0.0657737035513728,
    0.04608385693856109,
    0.03825749209156331,
    0.035976839161842675,
    0.03356338687477825,
    0.031653509132614804,
    0.03064500439482082,
    0.029581635688088692,
    0.027324668076003443,
    0.02612870313004292,
    0.025519801318216528,
    0.02397325753929938,
    0.022733928034129103,
    0.02256673555448017,
    0.021475379123061633,
    0.021010279353020377,
    0.020817732879731706,
    0.021207890389961452,
    0.02005297519173128,
    0.020564485177473356,
    0.019673225617865886,
    0.019796314247608894,
    0.019350267297831947,
    0.019177225092481178,
    0.019061911450016275,
    0.018859979949159427,
    0.018817173036136274,
    0.018504078165315775,
    0.01810893292273642,
    0.01803424033010694
  ],
  "val_bce_loss": [
    0.030710817531499318,
    0.032517444655886775,
    0.031515020499031404,
    0.040791283552467715,
    0.02945293719190057,
    0.027637052761698894,
    0.022178970391313772,
    0.03217314566444597,
    0.038809854824455196,
    0.026033822478274966,
    0.037218977436206314,
    0.035478402198329,
    0.02683027700965617,
    0.04544926818674027,
    0.03759732206423351,
    0.02879182359773029,
    0.0368491241037589,
    0.033577849045453544,
    0.039624377565874135,
    0.027802804033681832,
    0.03291120960072083,
    0.042194783655452484,
    0.038198247532802494,
    0.0279282472548354,
    0.03281680304050265,
    0.038990636483934735,
    0.032688565762914526,
    0.026215502801224675,
    0.030378462172584532,
    0.04405376002573602
  ],