{
  "selected_threshold": 0.5,
  "dice": 0.8185209693463058,
  "hd95_median": 4.788854598999023,
  "fnr": 0.029780564263322883,
  "fpr": 0.4375
}