{
  "dice": 0.8185209693463058,
  "hd95_mean": 9.407934188842773,
  "hd95_median": 4.788854598999023,
  "hd95_count": 619,
  "fpr": 0.4375,
  "fnr": 0.029780564263322883,
  "selected_threshold": 0.5
}