{
  "thresholds": [
    0.5,
    0.55,
    0.6,
    0.65,
    0.7
  ],
  "val_dice_by_threshold": {
    "0.50": 0.8259525281217324,
    "0.55": 0.8237502485866377,
    "0.60": 0.8219025135701578,
    "0.65": 0.8199510085203591,
    "0.70": 0.8179175656884027
  },
  "best_threshold": 0.5,
  "best_val_dice": 0.8259525281217324
}