{
  "train_loss": [
    0.5386648261793812,
    0.4003444962632044,
    0.3826260131974363,
    0.37112018547389897,
    0.36121356605338767,
    0.35528466156152677,
    0.35013994995610315,
    0.3392431707547636,
    0.3302717776746133,
    0.3234294341896513,
    0.3185149871684356,
    0.30889255467864113,
    0.3035175846314281,
    0.30008408301599815,
    0.2893657212858724,
    0.28609106978869003,
    0.27956644124898805,
    0.32077748063721595,
    0.3350800695295188,
    0.3178515342164686,
    0.31767610931412016,
    0.30949119815551857,
    0.308774849331976,
    0.31473561231952174,
    0.3047629533922654,
    0.3004093350749103,
    0.2918169081570674,
    0.28989968794658477,
    0.2876436649400985,
    0.28885538039466196
  ],
  "train_dice": [
    0.6626382779102621,
    0.7240962160364206,
    0.7358457189432658,
    0.7435551836712423,
    0.7483787338289472,
    0.7512913812868188,
    0.7550627239215835,
    0.7620650164344752,
    0.7677872145591613,
    0.7719440163260639,
    0.775044407036182,
    0.7806111544676898,
    0.7853608432222288,
    0.7872242483747296,
    0.7936879235293369,
    0.7970262116624912,
    0.8010225007896519,
    0.7863610120413332,
    0.7779495383291462,
    0.7843754954468564,
    0.7852749867867006,
    0.7897596493325998,
    0.7881728955022337,
    0.7873691129609184,
    0.7929636083965371,
    0.7948259689109796,
    0.7985515297093864,
    0.799938169096073,
    0.8012140226754014,
    0.8009042825058744
  ],
  "train_fpr": [
    0.3503275420108231,
    0.2881959276662395,
    0.27420273348519364,
    0.2565855047700413,
    0.2383596753524135,
    0.22910437135127437,
    0.22141534956571265,
    0.21614694574967963,
    0.20671981776765375,
    0.2099117060666477,
    0.21415349565712657,
    0.21261748789518656,
    0.20486902050113895,
    0.20472665148063782,
    0.21059376334899615,
    0.21426537585421412,
    0.19635483411647445,
    0.13582004555808655,
    0.07758007117437722,
    0.07418482130143814,
    0.06934358536238075,
    0.06679008829393335,
    0.06621102093122597,
    0.05795244197636338,
    0.06250889933077032,
    0.06463553530751709,
    0.06435079726651481,
    0.06322084579239641,
    0.06050683371298406,
    0.055531824006834686
  ],
  "train_fnr": [
    0.048436896950984173,
    0.03493534066782474,
    0.03474903474903475,
    0.03223315962169465,
    0.034549314804091874,
    0.03647944412275622,
    0.030689056166763172,
    0.03204014668982822,
    0.03301158301158301,
    0.032419915090698574,
    0.034356301872225437,
    0.02759552296410652,
    0.02857142857142857,
    0.030694980694980695,
    0.028372900984365953,
    0.026447876447876446,
    0.027021810461300907,
    0.04884169884169884,
    0.07511102529445839,
    0.07064273306311523,
    0.07160779772244741,
    0.06831339251254342,
    0.0754680563597761,
    0.07855626326963906,
    0.07334491410924532,
    0.07181467181467181,
    0.06756756756756757,
    0.06794055201698514,
    0.06621621621621622,
    0.07218683651804671
  ],
  "val_loss": [
    0.7433360531034633,
    0.5375777638578347,
    0.7255295705676419,
    0.4727242577322188,
    0.376238006854329,
    0.3856334555098134,
    0.370906158093034,
    0.36269480435766727,
    0.4279604246388813,
    0.3468091769987701,
    0.3452358487409744,
    0.3365947082426473,
    0.3618825530988878,
    0.3856610891401258,
    0.3558156563345863,
    0.31487284685641614,
    0.31869860923188364,
    0.369489532441665,
    0.387361810035855,
    0.5831851045630256,
    0.3897966015712488,
    0.5630552969724364,
    0.41237812113558125,
    0.37123376288135507,
    0.371130345638661,
    0.3762852560590815,
    0.3638034323681454,
    0.3670678210903776,
    0.36070367545313986,
    0.345633437321057
  ],
  "val_dice": [
    0.5406185709805018,
    0.6397510615261696,
    0.538071671472942,
    0.6974649025688473,
    0.7577262079831414,
    0.7546542869347475,
    0.7617362656980816,
    0.7699812720211334,
    0.7208056523128973,
    0.7718760945338045,
    0.7856932289505701,
    0.78395255799392,
    0.7682898614417624,
    0.7528802735088898,
    0.7644565091746994,
    0.7903162251688285,
    0.7924545851146054,
    0.7780825349388172,
    0.7607821570311346,
    0.7155819068161341,
    0.7588048628252796,
    0.7219319639255178,
    0.7608809133519304,
    0.77560703040358,
    0.766724605378602,
    0.7693332301564196,
    0.7742954007060694,
    0.7713364508491211,
    0.7794684427034142,
    0.7887204120869608
  ],
  "val_fpr": [
    0.08018867924528301,
    0.12028301886792453,
    0.06839622641509434,
    0.1875,
    0.2641509433962264,
    0.11674528301886793,
    0.419811320754717,
    0.17099056603773585,
    0.08018867924528301,
    0.17688679245283018,
    0.2028301886792453,
    0.2511792452830189,
    0.11674528301886793,
    0.11438679245283019,
    0.05778301886792453,
    0.1474056603773585,
    0.12617924528301888,
    0.0695754716981132,
    0.05070754716981132,
    0.009433962264150943,
    0.06839622641509434,
    0.008254716981132075,
    0.07311320754716981,
    0.07193396226415094,
    0.10023584905660378,
    0.04245283018867924,
    0.08490566037735849,
    0.09080188679245282,
    0.10849056603773585,
    0.11556603773584906
  ],
  "val_fnr": [
    0.19943019943019943,
    0.09259259259259259,
    0.24643874643874644,
    0.05698005698005698,
    0.039886039886039885,
    0.04700854700854701,
    0.011396011396011397,
    0.038461538461538464,
    0.07834757834757834,
    0.04415954415954416,
    0.02849002849002849,
    0.029914529914529916,
    0.04843304843304843,
    0.04700854700854701,
    0.06267806267806268,
    0.038461538461538464,
    0.037037037037037035,
    0.0584045584045584,
    0.0811965811965812,
    0.13105413105413105,
    0.07264957264957266,
    0.11396011396011396,
    0.0754985754985755,
    0.05982905982905983,
    0.06552706552706553,
    0.07834757834757834,
    0.06837606837606838,
    0.06837606837606838,
    0.06695156695156695,
    0.04985754985754986
  ]
}