{
  "thresholds": [
    0.5,
    0.55,
    0.6,
    0.65,
    0.7
  ],
  "val_dice_by_threshold": {
    "0.50": 0.7924545851146054,
    "0.55": 0.7905461569648353,
    "0.60": 0.78853055158699,
    "0.65": 0.7860311739932099,
    "0.70": 0.7827085974305189
  },
  "best_threshold": 0.5,
  "best_val_dice": 0.7924545851146054
}