{
  "dice": 0.75239220816918,
  "hd95_mean": 13.377610206604004,
  "hd95_median": 5.0,
  "hd95_count": 707,
  "fpr": 0.10075566750629723,
  "fnr": 0.06481481481481481
}