{
  "selected_threshold": 0.5,
  "dice": 0.75239220816918,
  "hd95_median": 5.0,
  "fnr": 0.0582010582010582,
  "fpr": 0.11712846347607053
}