{
  "dice": 0.8200608893312553,
  "hd95_mean": 10.159927368164062,
  "hd95_median": 4.0,
  "hd95_count": 705,
  "fpr": 0.06234413965087282,
  "fnr": 0.05748663101604278
}