{
  "selected_threshold": 0.5,
  "dice": 0.8200608893312553,
  "hd95_median": 3.605551242828369,
  "fnr": 0.05748663101604278,
  "fpr": 0.06359102244389027
}