{
  "thresholds": [
    0.5,
    0.55,
    0.6,
    0.65,
    0.7
  ],
  "val_dice_by_threshold": {
    "0.50": 0.7231184397208301,
    "0.55": 0.7221177675654727,
    "0.60": 0.7210665079578203,
    "0.65": 0.7197166838659663,
    "0.70": 0.7181410567522226
  },
  "best_threshold": 0.5,
  "best_val_dice": 0.7231184397208301
}