{
  "train_loss": [
    0.461554416373805,
    0.3622393232188711,
    0.34259600987546857,
    0.3274498206179521,
    0.30505052114302095,
    0.29053826497607993,
    0.2756999491632258,
    0.26605099749037886,
    0.2956700048705296,
    0.2950990309515016,
    0.28738420319611657,
    0.27881195085906996,
    0.2736926998955657,
    0.2677426909006636,
    0.26865677111088226,
    0.2597407589592354,
    0.2595080480475289,
    0.2538051755706088,
    0.2523951887159724,
    0.2542801746118373,
    0.25030992284780257,
    0.24663974513534775,
    0.24071933874699075,
    0.2403601478436903,
    0.23353070983589197,
    0.23901955610823722,
    0.2370000331246502,
    0.22847818288438881,
    0.2282966792651211,
    0.23202791177700152
  ],
  "train_dice": [
    0.6542099300727873,
    0.6934894000842123,
    0.7089070322686603,
    0.7203682994358779,
    0.7381718379421462,
    0.7494591164462747,
    0.7620358422567518,
    0.7695308987318638,
    0.7523696367643711,
    0.751853951952187,
    0.7562927927446552,
    0.7622275824854963,
    0.7658714267355948,
    0.7700123657585028,
    0.7684567566311655,
    0.7750757696097429,
    0.776221381233099,
    0.780644596975398,
    0.7808412860549587,
    0.7796758773506792,
    0.7824265839010058,
    0.7857675580136733,
    0.790115753300474,
    0.791318791407067,
    0.7957174820412725,
    0.7919333019104438,
    0.7927477159282553,
    0.8000410962462313,
    0.8009700026116249,
    0.7968806633545923
  ],
  "train_fpr": [
    0.41551008728001143,
    0.36734401831711505,
    0.33032904148783976,
    0.3144492131616595,
    0.29221522610188894,
    0.2617344018317115,
    0.2551516886090441,
    0.2475672581568403,
    0.1549577908141365,
    0.06854607899255867,
    0.051509514952067535,
    0.06352840177421662,
    0.05580995993131082,
    0.04564315352697095,
    0.04550007154099299,
    0.05236800686793533,
    0.04364000572327944,
    0.04764630133066247,
    0.046065808297567956,
    0.03706353749284488,
    0.03648590642438117,
    0.04248927038626609,
    0.04248927038626609,
    0.034058385804235834,
    0.05180309101316543,
    0.039633710115896406,
    0.035346307956496854,
    0.04077836600372013,
    0.03876967095851216,
    0.02832618025751073
  ],
  "train_fnr": [
    0.03355201499531396,
    0.026611694152923537,
    0.028871391076115485,
    0.03262092238470191,
    0.0341079460269865,
    0.037481259370314844,
    0.03260869565217391,
    0.033170914542728636,
    0.06916588566073102,
    0.09089205397301349,
    0.09634489222118088,
    0.08491096532333646,
    0.08808095952023988,
    0.08884723523898781,
    0.09165885660731021,
    0.08191190253045923,
    0.09259606373008435,
    0.08003748828491096,
    0.08623922009748781,
    0.09164167916041979,
    0.08716026241799438,
    0.08361454818147732,
    0.07930258717660292,
    0.08227136431784109,
    0.07008995502248876,
    0.08322399250234301,
    0.08133433283358321,
    0.07310215557638237,
    0.06974128233970754,
    0.08098987626546682
  ],
  "val_loss": [
    0.5218854844127332,
    0.4412539600661747,
    0.47443823279455904,
    0.5683774709435842,
    0.39222072105838146,
    0.4309401203716315,
    0.37740415680107353,
    0.3503660457360975,
    0.42800458380052986,
    0.5298045013005808,
    0.5310924377785041,
    0.3535807275422261,
    0.40403186083725623,
    0.4622504789753088,
    0.4026938610963446,
    0.44908494332924287,
    0.4533883694885921,
    0.38997710847128375,
    0.4521752616382283,
    0.49711211575928627,
    0.45120326228118757,
    0.43804915672248396,
    0.40407223361828,
    0.3617690482341517,
    0.42805366446146464,
    0.4999758305490283,
    0.38389926985526157,
    0.3732725050283754,
    0.4187134825368516,
    0.44743600955999624
  ],
  "val_dice": [
    0.5834444104465497,
    0.638365030853302,
    0.6195012336987089,
    0.5588131535481412,
    0.6718982894161791,
    0.637366695924597,
    0.6814568570080209,
    0.7064544292274768,
    0.6835659356209357,
    0.6229569307496607,
    0.6205309611284361,
    0.7168166354896409,
    0.6805066010550793,
    0.6668152706406978,
    0.6969785363002394,
    0.6722203993513892,
    0.6630210763765125,
    0.7033763282543483,
    0.6589502573766113,
    0.6382834033882813,
    0.6618042556793162,
    0.6671016591021246,
    0.6860492381794492,
    0.7231184397208301,
    0.6659832256794236,
    0.6201393627499356,
    0.6973812974668364,
    0.7076139224895219,
    0.674769693742026,
    0.6597602134695024
  ],
  "val_fpr": [
    0.548460661345496,
    0.3990877993158495,
    0.4811858608893957,
    0.508551881413911,
    0.15621436716077536,
    0.13340935005701254,
    0.16077537058152794,
    0.18244013683010263,
    0.10034207525655645,
    0.0,
    0.0,
    0.09578107183580388,
    0.15051311288483465,
    0.0011402508551881414,
    0.002280501710376283,
    0.002280501710376283,
    0.020524515393386546,
    0.005701254275940707,
    0.0,
    0.0011402508551881414,
    0.0011402508551881414,
    0.005701254275940707,
    0.004561003420752566,
    0.02280501710376283,
    0.013683010262257697,
    0.0,
    0.010262257696693273,
    0.005701254275940707,
    0.002280501710376283,
    0.0011402508551881414
  ],
  "val_fnr": [
    0.0029717682020802376,
    0.010401188707280832,
    0.005943536404160475,
    0.004457652303120356,
    0.08766716196136701,
    0.11292719167904904,
    0.08766716196136701,
    0.031203566121842496,
    0.10698365527488855,
    0.24071322436849926,
    0.2674591381872214,
    0.0713224368499257,
    0.08320950965824665,
    0.20802377414561665,
    0.1812778603268945,
    0.1961367013372957,
    0.2139673105497771,
    0.16047548291233285,
    0.2050520059435364,
    0.24219910846953938,
    0.21545319465081725,
    0.2065378900445765,
    0.1664190193164933,
    0.0950965824665676,
    0.1961367013372957,
    0.24962852897473997,
    0.1812778603268945,
    0.1649331352154532,
    0.1901931649331352,
    0.23179791976225855
  ]
}