{
  "dice": 0.7793934250135335,
  "hd95_mean": 19.357206344604492,
  "hd95_median": 5.126911163330078,
  "hd95_count": 609,
  "fpr": 0.1708378672470076,
  "fnr": 0.03486529318541997,
  "selected_threshold": 0.5
}