{
  "dice": 0.775348931704478,
  "hd95_mean": 19.24908447265625,
  "hd95_median": 5.385164737701416,
  "hd95_count": 608,
  "fpr": 0.16104461371055495,
  "fnr": 0.03645007923930269
}