{
  "train_loss": [
    0.42939587062614765,
    0.325180337161723,
    0.3036159853447603,
    0.28991953178778973,
    0.27651486828442223,
    0.2692634194665467,
    0.2613176450088186,
    0.24970370087531402,
    0.2423147356838682,
    0.236588893194825,
    0.22975725088083734,
    0.2268995008964139,
    0.22456505932393445,
    0.21854220007732086,
    0.21520166962792964,
    0.211904255628504,
    0.21102825847032258,
    0.20748002382086672,
    0.2047360990001104,
    0.2010990987995474,
    0.19861493851715858,
    0.20036207397624609,
    0.19524384906793765,
    0.1956573815244241,
    0.1922965178136396,
    0.1899193003262361,
    0.18841451191368405,
    0.18476171985047135,
    0.1841757717878769,
    0.18127788514123128
  ],
  "train_dice": [
    0.6838855670025115,
    0.723602226271709,
    0.7399883898134423,
    0.750853921652097,
    0.7619719760034365,
    0.767425531936497,
    0.7736515561928913,
    0.7831647049836037,
    0.7892573014261756,
    0.793258281348824,
    0.7992699579847077,
    0.8016765436422644,
    0.8033831617272142,
    0.8083450818224184,
    0.8111243338058504,
    0.8143772742542092,
    0.814980788930788,
    0.8181909785382527,
    0.8202793427899238,
    0.823241932219033,
    0.8254887079421553,
    0.8239879522755879,
    0.8287359265459088,
    0.8281560822153177,
    0.8309837700241937,
    0.832877368696735,
    0.8340358221300429,
    0.837539860446236,
    0.8379346096598315,
    0.8405671498522413
  ],
  "train_fpr": [
    0.4155661702725485,
    0.33698553167579715,
    0.29905885658098047,
    0.2901095813430739,
    0.30036527114357964,
    0.26847429053104804,
    0.278589491430177,
    0.2746558021916269,
    0.28772127001966846,
    0.27479629109300363,
    0.28406855858387187,
    0.27672425902514397,
    0.28715931441416126,
    0.28561393649901656,
    0.27704411351503233,
    0.2790109581343074,
    0.28772127001966846,
    0.2914735215620171,
    0.27212700196684464,
    0.26801517067003794,
    0.2777465580219163,
    0.2728294464737286,
    0.27588144402303694,
    0.27026267734232334,
    0.2593425119415566,
    0.27521775779713403,
    0.2592020230401798,
    0.26046642315257096,
    0.2663669570103962,
    0.2562517561112672
  ],
  "train_fnr": [
    0.03672851192730026,
    0.039765195985608785,
    0.04014391213785268,
    0.041461567588034834,
    0.03540325634229458,
    0.03937902309731162,
    0.03653918970087088,
    0.03275274517228323,
    0.031238167360848165,
    0.03218477849299508,
    0.029344945096554335,
    0.030486650255633404,
    0.029344945096554335,
    0.02631578947368421,
    0.02688375615297236,
    0.024422567209390383,
    0.024990533888678532,
    0.023859117591365272,
    0.021772056039379022,
    0.024237833743609164,
    0.02290798939795532,
    0.02290798939795532,
    0.02158682067790191,
    0.02272296913463359,
    0.022529344945096553,
    0.019878833775085196,
    0.02158273381294964,
    0.019310867095797046,
    0.01609238924649754,
    0.0176069670579326
  ],
  "val_loss": [
    0.2850932081178747,
    0.3122954886726143,
    0.4896945763548119,
    0.33587890073150684,
    0.2968322906438201,
    0.29646873992225786,
    0.38356137423682657,
    0.28343545713290136,
    0.28028489195991874,
    0.31029691391030756,
    0.30094604925960783,
    0.26470782329301235,
    0.3056398424919707,
    0.26980193896659177,
    0.2480360668086263,
    0.2788150169552096,
    0.2660343374990674,
    0.24303382249928793,
    0.26577566609292935,
    0.26513672425957174,
    0.26931913191615375,
    0.2965335447588351,
    0.25781859999709433,
    0.26444806104592233,
    0.2343069800600699,
    0.35035216402033387,
    0.2879617656324915,
    0.26599142739464887,
    0.24741879702940536,
    0.2597111170406191
  ],
  "val_dice": [
    0.7453141010104163,
    0.720175990611797,
    0.5629987838771495,
    0.6961389358357367,
    0.7369226761294897,
    0.7297302499069895,
    0.6599008025945101,
    0.7510174215397524,
    0.7465380456262422,
    0.7232525255817401,
    0.727402896521625,
    0.764073053230215,
    0.7297339545250916,
    0.7634715086201803,
    0.7782635433828416,
    0.7485629606955838,
    0.7664453781550467,
    0.7783261839794688,
    0.7648170800445583,
    0.7626969876283219,
    0.761690601103707,
    0.7340128065771077,
    0.7729327133871784,
    0.7649234753722945,
    0.7920454239177376,
    0.6899476036953839,
    0.7386342989262736,
    0.7641934224503856,
    0.7777418892560858,
    0.7695386945465911
  ],
  "val_fpr": [
    0.26394849785407726,
    0.1555793991416309,
    0.02575107296137339,
    0.03969957081545064,
    0.20600858369098712,
    0.07510729613733906,
    0.0536480686695279,
    0.20708154506437768,
    0.1555793991416309,
    0.06223175965665236,
    0.09227467811158799,
    0.21888412017167383,
    0.10193133047210301,
    0.27896995708154504,
    0.15343347639484978,
    0.12017167381974249,
    0.20064377682403434,
    0.20708154506437768,
    0.26931330472103004,
    0.14914163090128754,
    0.17381974248927037,
    0.09549356223175966,
    0.1405579399141631,
    0.11051502145922747,
    0.12017167381974249,
    0.05042918454935622,
    0.0944206008583691,
    0.23605150214592274,
    0.20278969957081544,
    0.19313304721030042
  ],
  "val_fnr": [
    0.045307443365695796,
    0.10841423948220065,
    0.2022653721682848,
    0.11003236245954692,
    0.08090614886731391,
    0.10355987055016182,
    0.10841423948220065,
    0.042071197411003236,
    0.0970873786407767,
    0.11974110032362459,
    0.10194174757281553,
    0.02750809061488673,
    0.0970873786407767,
    0.012944983818770227,
    0.03398058252427184,
    0.09870550161812297,
    0.03559870550161812,
    0.025889967637540454,
    0.030744336569579287,
    0.05663430420711974,
    0.05177993527508091,
    0.07119741100323625,
    0.05501618122977346,
    0.06472491909385113,
    0.032362459546925564,
    0.11974110032362459,
    0.10841423948220065,
    0.032362459546925564,
    0.045307443365695796,
    0.040453074433656956
  ],
  "train_bce_loss": [
    0.06106256591803771,
    0.04134819513984222,
    0.03767075484361543,
    0.035078433086421064,
    0.03326069866111199,
    0.03170013066376874,
    0.03039780667661564,
    0.028551008822937974,
    0.027533809379454537,
    0.02613533189778626,
    0.025206769343009295,
    0.02473990513783569,
    0.024185641390039658,
    0.023347268574083854,
    0.02303192925197262,
    0.0229460739910623,
    0.02278649121395975,
    0.02222673561067794,
    0.021671135333511914,
    0.021285253350036334,
    0.020949972834922656,
    0.02129386850103607,
    0.02087447330627653,
    0.02071181743377675,
    0.020297767590045916,
    0.019881737124989397,
    0.019711975210250778,
    0.019518169481651092,
    0.019262716513933003,
    0.019113703217223263
  ],
  "val_bce_loss": [
    0.023944232619723945,
    0.02856964163349762,
    0.05545974183369136,
    0.031215342042480165,
    0.03150367218410313,
    0.024864920073179045,
    0.04276633399902635,
    0.028898470240735906,
    0.02568898130285299,
    0.03272788104855792,
    0.02837863503754686,
    0.027004523822952223,
    0.032864479828912434,
    0.029807374563584673,
    0.024507648585333896,
    0.026476982791085266,
    0.030521880104732068,
    0.02129233812684989,
    0.026237053505516486,
    0.025571590735685174,
    0.027825502387525267,
    0.03096893701679186,
    0.02833053288568967,
    0.027630045901937635,
    0.023969249631158412,
    0.039095717220216604,
    0.026459637698740022,
    0.027943556286277052,
    0.022048918309052246,
    0.027997955717285795
  ],