{
  "selected_threshold": 0.7,
  "dice": 0.7493623839297071,
  "hd95_median": 5.0,
  "fnr": 0.042328042328042326,
  "fpr": 0.14105793450881612
}