{
  "dice": 0.7424165703671635,
  "hd95_mean": 14.569534301757812,
  "hd95_median": 5.0,
  "hd95_count": 724,
  "fpr": 0.14105793450881612,
  "fnr": 0.042328042328042326
}