{
  "dice": 0.7424165703671635,
  "hd95_mean": 15.24139404296875,
  "hd95_median": 5.974221229553223,
  "hd95_count": 730,
  "fpr": 0.16498740554156172,
  "fnr": 0.03439153439153439,
  "selected_threshold": 0.5
}