{
  "thresholds": [
    0.5,
    0.55,
    0.6,
    0.65,
    0.7
  ],
  "val_dice_by_threshold": {
    "0.50": 0.7598968755023984,
    "0.55": 0.7611865719695419,
    "0.60": 0.7620288365204789,
    "0.65": 0.7625859765617171,
    "0.70": 0.7630893123253882
  },
  "best_threshold": 0.7,
  "best_val_dice": 0.7630893123253882
}