{
  "train_loss": [
    1.07637340032263,
    0.9039853699189018,
    0.8292059969589752,
    0.6824604345896055,
    0.6216010121159207,
    0.5902055635867156,
    0.5390666445457696,
    0.5258399152262195,
    0.5012867119693816,
    0.47898825828096714,
    0.4672339287479036,
    0.45282688397455517,
    0.4534065469607728,
    0.42548064956393356,
    0.4272554924101247,
    0.414520208395786,
    0.40295158718852453,
    0.3934880313565951,
    0.386395656821846,
    0.37734524805755837,
    0.3711956553635612,
    0.3655592132861529,
    0.3605305125547946,
    0.34749580328095747,
    0.345366680344034,
    0.3459136742452934,
    0.3415110372021271,
    0.3328704959179146,
    0.32745295328374585,
    0.3253086198269401
  ],
  "train_dice": [
    0.6015493598076064,
    0.6484380884925941,
    0.6708699315814668,
    0.6884643892693434,
    0.6969672339409086,
    0.7099889175344003,
    0.7123406592198291,
    0.7177851040272556,
    0.7238559381315551,
    0.7263598418028056,
    0.7302857665556247,
    0.7332094048776396,
    0.7356049225954803,
    0.7438486543088553,
    0.7438612097298453,
    0.7488840782277529,
    0.7528995085156476,
    0.7561500199459563,
    0.7594113292210113,
    0.7625475717952531,
    0.766195325914426,
    0.7685218033786441,
    0.77033763745295,
    0.7765833198762165,
    0.7780905698652698,
    0.7802208396473153,
    0.7811608464681389,
    0.7858822521831249,
    0.7875070066965142,
    0.7899601364588966
  ],
  "train_fpr": [
    0.4905791077860903,
    0.42421723469105016,
    0.40953172623995565,
    0.38196176226101414,
    0.36658354114713215,
    0.3596564145192574,
    0.3606262122471599,
    0.3680565175232027,
    0.3640897755610973,
    0.358132446661125,
    0.35356054308672763,
    0.3458021612635079,
    0.3349958437240233,
    0.3226655583264062,
    0.3365198115821557,
    0.3406288959689708,
    0.3114436131892491,
    0.3088113050706567,
    0.32709891936824603,
    0.3198947076752563,
    0.32529786644499864,
    0.33305624826821834,
    0.3255749515101136,
    0.30728733721252427,
    0.3149071765031865,
    0.3088113050706567,
    0.28969243557772234,
    0.314214463840399,
    0.30756442227763925,
    0.32100304793571627
  ],
  "train_fnr": [
    0.014473176379776149,
    0.015052103434967195,
    0.016788884600540333,
    0.017174835970667695,
    0.016016981860285603,
    0.015438054805094558,
    0.017946738710922425,
    0.015055008685581933,
    0.011771516788884601,
    0.010034735623311463,
    0.012350443844075647,
    0.011192589733693555,
    0.011192589733693555,
    0.011964492473948282,
    0.010034735623311463,
    0.007720517274657402,
    0.010420686993438826,
    0.012929370899266693,
    0.010613662678502509,
    0.012350443844075647,
    0.00984175993824778,
    0.008297954457738324,
    0.009455808568120417,
    0.010999614048629872,
    0.008104978772674644,
    0.010806638363566191,
    0.00887688151292937,
    0.010613662678502509,
    0.007912003087610961,
    0.0075260517174835975
  ],
  "val_loss": [
    0.9412636237903538,
    0.9865175281409864,
    0.7323530806477933,
    0.692980055010047,
    0.7330118434296714,
    1.296297290683472,
    1.155805803368404,
    0.99216634466013,
    1.5898609402300286,
    1.129846276062676,
    0.582898608406215,
    1.0099620203516761,
    1.2037416581711877,
    1.5645793242077541,
    1.2222464320878696,
    1.0721929968464747,
    1.1059265330306485,
    0.9619081783456,
    0.8788656090357025,
    0.9887998323792067,
    1.1669706969901368,
    0.9008735334580271,
    1.6750363884467174,
    2.27332285846825,
    1.092162365162814,
    1.3969295552462084,
    1.542687680147737,
    1.0626232304591738,
    1.0236432525167438,
    1.590906276853166
  ],
  "val_dice": [
    0.6969292067267276,
    0.6796054350599604,
    0.7098548805830003,
    0.6913569639466751,
    0.7233234054615928,
    0.6968179855739799,
    0.7180085682716125,
    0.6172593015742268,
    0.7033050024717452,
    0.703480060273341,
    0.7058491669661575,
    0.7292718831333663,
    0.7598968755023984,
    0.7136765072583897,
    0.7244967197033542,
    0.7127303784232895,
    0.7273422016150602,
    0.7201073855683048,
    0.7115985645854214,
    0.7234249745848512,
    0.7311341201878575,
    0.744494981819663,
    0.7421815641797506,
    0.6822871303569228,
    0.7458895721606793,
    0.7354040546422331,
    0.7480703959283963,
    0.7573143202052625,
    0.7349325920577211,
    0.7598178652022299
  ],
  "val_fpr": [
    0.2959905660377358,
    0.24410377358490565,
    0.2818396226415094,
    0.3113207547169811,
    0.24882075471698112,
    0.20518867924528303,
    0.2794811320754717,
    0.2358490566037736,
    0.13089622641509435,
    0.15683962264150944,
    0.32193396226415094,
    0.2665094339622642,
    0.1957547169811321,
    0.19929245283018868,
    0.27476415094339623,
    0.2794811320754717,
    0.20400943396226415,
    0.2959905660377358,
    0.2511792452830189,
    0.37028301886792453,
    0.2665094339622642,
    0.294811320754717,
    0.2240566037735849,
    0.14386792452830188,
    0.25943396226415094,
    0.18396226415094338,
    0.2205188679245283,
    0.27004716981132076,
    0.3113207547169811,
    0.27122641509433965
  ],
  "val_fnr": [
    0.03276353276353276,
    0.04700854700854701,
    0.02564102564102564,
    0.022792022792022793,
    0.03418803418803419,
    0.03418803418803419,
    0.027065527065527065,
    0.03276353276353276,
    0.05413105413105413,
    0.04700854700854701,
    0.01566951566951567,
    0.022792022792022793,
    0.03418803418803419,
    0.037037037037037035,
    0.014245014245014245,
    0.02564102564102564,
    0.03276353276353276,
    0.024216524216524215,
    0.018518518518518517,
    0.011396011396011397,
    0.022792022792022793,
    0.01282051282051282,
    0.02564102564102564,
    0.07977207977207977,
    0.022792022792022793,
    0.03133903133903134,
    0.027065527065527065,
    0.017094017094017096,
    0.018518518518518517,
    0.02849002849002849
  ],
  "train_bce_loss": [
    0.5898348950117392,
    0.512770725795708,
    0.4649585896029289,
    0.3408602926317949,
    0.2913009278159567,
    0.2727400431817808,
    0.2267008235970845,
    0.2189058205648941,
    0.20098624893770395,
    0.18277342131910237,
    0.17525084162798082,
    0.1650012969618986,
    0.16789086571746675,
    0.14801714373517938,
    0.1508354843940639,
    0.14437428269623565,
    0.136876269199985,
    0.1314660775431082,
    0.12800950013525786,
    0.12316980548837413,
    0.1202857135710138,
    0.11759437760201148,
    0.11466942729241679,
    0.1083357635419007,
    0.10778842011219683,
    0.11122815298812538,
    0.10785157704172406,
    0.10370727070653164,
    0.10046018266714124,
    0.10099217777925557
  ],
  "val_bce_loss": [
    0.5908687092938283,
    0.6464730743123113,
    0.4094386969429661,
    0.36508154609748705,
    0.43692254102251565,
    0.9707068374441497,
    0.8485376752297423,
    0.596847275974152,
    1.2744055759630026,
    0.8184321199718231,
    0.27123898950152026,
    0.7219758461424524,
    0.9427505532635159,
    1.2666153361652035,
    0.9313798068022286,
    0.766717572226534,
    0.8200053344228626,
    0.6682217358412523,
    0.5784787142203531,
    0.6990920231857356,
    0.8842551766210196,
    0.6300281139874719,
    1.4049973310789947,
    1.951215366671058,
    0.8267509629437501,
    1.1213151220447168,
    1.27990120013332,
    0.8089826478459673,
    0.7449771294926169,
    1.3400650380571981
  ],