{
  "selected_threshold": 0.5,
  "dice": 0.8312734747778644,
  "hd95_median": 3.8422205448150635,
  "fnr": 0.0066844919786096255,
  "fpr": 0.29301745635910226
}