{
  "dice": 0.8312734747778644,
  "hd95_mean": 13.869230270385742,
  "hd95_median": 3.743608236312866,
  "hd95_count": 743,
  "fpr": 0.2817955112219451,
  "fnr": 0.0066844919786096255
}