{
  "thresholds": [
    0.5,
    0.55,
    0.6,
    0.65,
    0.7
  ],
  "val_dice_by_threshold": {
    "0.50": 0.7412012362407097,
    "0.55": 0.7403400039679494,
    "0.60": 0.7393254056119015,
    "0.65": 0.7382907589446382,
    "0.70": 0.7369315555003675
  },
  "best_threshold": 0.5,
  "best_val_dice": 0.7412012362407097
}