{
  "train_loss": [
    0.4569691150690774,
    0.3429711232830336,
    0.3218188518588466,
    0.305676397438492,
    0.29387726655859653,
    0.2797674766428925,
    0.2706886744573489,
    0.26146947222585876,
    0.254785763683437,
    0.25064860633748964,
    0.2451372504453531,
    0.24042320522414087,
    0.23523456479682459,
    0.23218499950546564,
    0.22844392406360442,
    0.22653574252070377,
    0.22353989526984105,
    0.21986975462344857,
    0.21722108929633055,
    0.21667746268212795,
    0.2118049996358383,
    0.21158053271536684,
    0.21136491598576765,
    0.20919734512499744,
    0.20588143578153859,
    0.20925607951776845,
    0.2046140675719917,
    0.20343521110974588,
    0.2009067756017025,
    0.1996926002140189
  ],
  "train_dice": [
    0.6610457135240798,
    0.7108467563117067,
    0.7263743660491357,
    0.7389444987154516,
    0.7475089545034792,
    0.7587438519611938,
    0.7657625828251784,
    0.7725130940329862,
    0.777984998713,
    0.7815559971222383,
    0.785615172416755,
    0.7894786622194082,
    0.7940083259876853,
    0.7966523048933246,
    0.7993644120381458,
    0.8009783121489471,
    0.8036760375638649,
    0.8067278032003646,
    0.8089834842504078,
    0.8093051884904213,
    0.8135484270578686,
    0.8136327270827867,
    0.8138785933579333,
    0.8156137840037452,
    0.8189921453165804,
    0.815500767139866,
    0.8196538111337739,
    0.8205223028245068,
    0.8226562072980221,
    0.8238220045914122
  ],
  "train_fpr": [
    0.41180634201585503,
    0.34668742921857304,
    0.3195073612684032,
    0.31526047565118914,
    0.3045016987542469,
    0.29501698754246886,
    0.3086070215175538,
    0.27802944507361266,
    0.29374292185730466,
    0.3039354473386183,
    0.29388448471121176,
    0.2706681766704417,
    0.2903454133635334,
    0.2984144960362401,
    0.2988391845979615,
    0.2885050962627407,
    0.29544167610419025,
    0.2900622876557191,
    0.2953001132502831,
    0.27095130237825593,
    0.28114382785956965,
    0.2876557191392978,
    0.29374292185730466,
    0.30336919592298983,
    0.2836919592298981,
    0.3020951302378256,
    0.2880804077010192,
    0.2838335220838052,
    0.3029445073612684,
    0.2900622876557191
  ],
  "train_fnr": [
    0.035982008995502246,
    0.02886056971514243,
    0.031859070464767617,
    0.035982008995502246,
    0.0356071964017991,
    0.03373313343328336,
    0.030359820089955022,
    0.03110944527736132,
    0.03110944527736132,
    0.02623688155922039,
    0.029985007496251874,
    0.028673163418290855,
    0.02848575712143928,
    0.027361319340329836,
    0.025299850074962518,
    0.025487256371814093,
    0.024175412293853074,
    0.026049475262368817,
    0.02492503748125937,
    0.026049475262368817,
    0.024362818590704646,
    0.023425787106446775,
    0.022113943028485756,
    0.024175412293853074,
    0.023238380809595203,
    0.02230134932533733,
    0.021926536731634184,
    0.02361319340329835,
    0.022488755622188907,
    0.021739130434782608
  ],
  "val_loss": [
    0.480501513834074,
    0.39990193191168477,
    0.39774199514850467,
    0.3684674833733782,
    0.37731853658042813,
    0.35456855862192466,
    0.35299112588543596,
    0.35478551118990287,
    0.35144687287044474,
    0.33683302345648297,
    0.3930235108413234,
    0.42103530692675584,
    0.3279321902496588,
    0.33986500595567576,
    0.33590143823783075,
    0.3543617789720754,
    0.3135979584574611,
    0.3286301134068403,
    0.3704993688677165,
    0.3100177128100422,
    0.3584396763030788,
    0.3103379756710416,
    0.3176251050876384,
    0.3867656889594372,
    0.3577427722231373,
    0.3192861042114149,
    0.37100017407596286,
    0.3603901669526968,
    0.32324570179384143,
    0.30468296946855306
  ],
  "val_dice": [
    0.6049081333594627,
    0.6706923498048337,
    0.6723381869036865,
    0.6947448948636252,
    0.6890057354319957,
    0.708889958032173,
    0.7029115496439248,
    0.7018636481097469,
    0.7077583535523347,
    0.7113367637500366,
    0.661629302994546,
    0.6440476905478422,
    0.7265591291713502,
    0.7071165779015993,
    0.7131927358277175,
    0.6953139455593226,
    0.7303487194250898,
    0.7136933675082885,
    0.6832953456980052,
    0.7334002113896235,
    0.6988141671180127,
    0.7360436599923057,
    0.7330595121676045,
    0.6704480302358188,
    0.7007610735443336,
    0.7290658358357194,
    0.6854296841161854,
    0.6919696555095123,
    0.7232770007076005,
    0.7412012362407097
  ],
  "val_fpr": [
    0.20524515393386544,
    0.37058152793614596,
    0.24287343215507412,
    0.2451539338654504,
    0.17217787913340935,
    0.27366020524515394,
    0.18015963511972635,
    0.1949828962371722,
    0.22805017103762829,
    0.1653363740022805,
    0.09350057012542759,
    0.0661345496009122,
    0.23261117445838084,
    0.14139110604332952,
    0.1459521094640821,
    0.08665906499429875,
    0.1961231470923603,
    0.1733181299885975,
    0.10718358038768529,
    0.15279361459521096,
    0.10148232611174458,
    0.21550741163055873,
    0.3204104903078677,
    0.08779931584948689,
    0.23717217787913342,
    0.2542759407069555,
    0.09920182440136831,
    0.16419612314709237,
    0.27366020524515394,
    0.2862029646522235
  ],
  "val_fnr": [
    0.07280832095096583,
    0.0549777117384844,
    0.05349182763744428,
    0.05349182763744428,
    0.07578008915304606,
    0.05349182763744428,
    0.08915304606240713,
    0.08320950965824665,
    0.0713224368499257,
    0.08320950965824665,
    0.13818722139673106,
    0.1188707280832095,
    0.05200594353640416,
    0.09806835066864784,
    0.05200594353640416,
    0.10846953937592868,
    0.04903417533432392,
    0.09063893016344725,
    0.12481426448736999,
    0.05349182763744428,
    0.06240713224368499,
    0.02526002971768202,
    0.02823179791976226,
    0.12035661218424963,
    0.06537890044576523,
    0.03566121842496285,
    0.11144130757800892,
    0.1025260029717682,
    0.05349182763744428,
    0.03566121842496285
  ],
  "train_bce_loss": [
    0.06358538275199116,
    0.044610975347480694,
    0.04093378462885071,
    0.0376752153155383,
    0.034941033235231476,
    0.03274525706473233,
    0.03109829785577655,
    0.029212784775571682,
    0.028237924481143057,
    0.027581452737911474,
    0.026980138944559005,
    0.02602153855593275,
    0.025582427858490905,
    0.02511253139446712,
    0.02438438425867363,
    0.024071095879811235,
    0.023866602011111935,
    0.023298434995509276,
    0.0229959641286035,
    0.02290277198159762,
    0.022387399400015065,
    0.022384895048855123,
    0.02238132120897796,
    0.021826405120538503,
    0.021805219070195614,
    0.021971061524127273,
    0.02143447285072597,
    0.021264254428341723,
    0.02089335848192142,
    0.020823087506912977
  ],
  "val_bce_loss": [
    0.0786026482381076,
    0.061715883302054665,
    0.063954707361719,
    0.05657621505892528,
    0.06133480398525812,
    0.05695377058542595,
    0.052152702678185246,
    0.052154115772747124,
    0.05658095910891622,
    0.04576199453167187,
    0.054031685219344115,
    0.06619610792572929,
    0.05092795911988601,
    0.04643123862040179,
    0.048467436206079385,
    0.04940596708156847,
    0.04256916524284349,
    0.04103419196410613,
    0.052515570488000735,
    0.042063362939341375,
    0.05610304966122746,
    0.04421710577598125,
    0.04924058895282216,
    0.056740562599542396,
    0.057730914447816396,
    0.04682920390828602,
    0.055824241170968084,
    0.05166409611426063,
    0.04572594318067361,
    0.043692628270600484
  ],