{
  "dice": 0.8312734747778644,
  "hd95_mean": 14.446879386901855,
  "hd95_median": 3.8422205448150635,
  "hd95_count": 743,
  "fpr": 0.29301745635910226,
  "fnr": 0.0066844919786096255,
  "selected_threshold": 0.5
}