{
  "dice": 0.8075025871652981,
  "hd95_mean": 7.1500020027160645,
  "hd95_median": 4.0,
  "hd95_count": 602,
  "fpr": 0.21052631578947367,
  "fnr": 0.05642633228840126
}