{
  "train_loss": [
    1.169485080504604,
    0.8762330274090512,
    0.7258253727867001,
    0.6175883254690474,
    0.5681580760487254,
    0.5332241366416758,
    0.5010437137200985,
    0.4902645902224563,
    0.46163361124305125,
    0.44878944536872656,
    0.43487112951809415,
    0.4244621940069389,
    0.41908069686664223,
    0.408791840251377,
    0.3934144997982754,
    0.3879709904977005,
    0.38628106809623364,
    0.3742165900038115,
    0.36868189934752643,
    0.3619364058841956,
    0.35576121569487246,
    0.35000149828566424,
    0.3472282910234716,
    0.34515172744877204,
    0.3384894503510801,
    0.3322486940899599,
    0.3296076604458567,
    0.32745718800524193,
    0.3233954221926956,
    0.3189165395358304
  ],
  "train_dice": [
    0.625963729315785,
    0.6950105011272125,
    0.7284685558697959,
    0.7524758398270837,
    0.765103193253517,
    0.774119791819861,
    0.7830578225813456,
    0.7873897389698747,
    0.795127109324877,
    0.7989573657492978,
    0.8039834438592611,
    0.8087010989967837,
    0.8099534755129519,
    0.8147796415571708,
    0.8199820189269027,
    0.8225131251780733,
    0.8241251318315906,
    0.8279266348303586,
    0.8294276092912126,
    0.8336507398412841,
    0.8358464434863897,
    0.8357082938178105,
    0.8387502129699984,
    0.8387182805493307,
    0.8420217654438972,
    0.8438484592152634,
    0.8456859821895203,
    0.8473129942750796,
    0.8496411019893937,
    0.849198371050205
  ],
  "train_fpr": [
    0.4120434903819348,
    0.3297560975609756,
    0.2901157116966402,
    0.2572145545796738,
    0.23449045029973511,
    0.2257075142896975,
    0.21597880646960402,
    0.2081416422696222,
    0.22905339467447372,
    0.22369337979094076,
    0.22497909116253137,
    0.21469399135647568,
    0.21692457827965983,
    0.19963752962498257,
    0.19670988428830335,
    0.19380925822643613,
    0.20939634741391328,
    0.2020356943669827,
    0.19880105952878852,
    0.1848598912588875,
    0.18711656441717792,
    0.17844695385473303,
    0.18915528296626707,
    0.1820716576049073,
    0.17136084774121585,
    0.1741494701617401,
    0.1690827989963758,
    0.17607695524884986,
    0.1634132738427217,
    0.16880401449679397
  ],
  "train_fnr": [
    0.04657534246575343,
    0.04149540027402623,
    0.04128350616317746,
    0.0383486597534729,
    0.038153003326159264,
    0.03541381334376834,
    0.032081377151799685,
    0.033261592643318336,
    0.027196243396595578,
    0.02759835584263065,
    0.026614481409001956,
    0.022891801995695557,
    0.021913519859127373,
    0.02563099197808648,
    0.020348268440618274,
    0.022496087636932706,
    0.02132655057718646,
    0.017605633802816902,
    0.019761299158677362,
    0.018783017022109175,
    0.018192488262910797,
    0.01858736059479554,
    0.01722113502935421,
    0.019761299158677362,
    0.017018779342723004,
    0.01741001564945227,
    0.015459882583170255,
    0.01565251418509098,
    0.01643192488262911,
    0.015655577299412915
  ],
  "val_loss": [
    0.5395792898606266,
    0.8314785704281203,
    1.0285290501703173,
    0.5815464972832499,
    0.4358921761696155,
    0.6679175030550307,
    0.7098331937687636,
    0.6242917489987858,
    0.7174274075842468,
    0.557330834795032,
    0.6543595836712763,
    0.5758654163522128,
    0.6214236458818588,
    0.9308194236157561,
    0.630821920578649,
    0.7255249230202133,
    0.70159431114881,
    0.74823167086882,
    0.6751296213613107,
    0.8264937466726854,
    0.8385964045245972,
    0.8460994585907671,
    0.6836732207141685,
    0.6056029904391286,
    0.9520680734656266,
    0.9186702490999148,
    0.662524379900045,
    0.7634891327139894,
    0.7740238116469962,
    0.710699054153537
  ],
  "val_dice": [
    0.7410907723869269,
    0.7550669821728704,
    0.748306843567882,
    0.835820193352872,
    0.8330509152274425,
    0.7899312603331485,
    0.8030050417860232,
    0.8375725186259083,
    0.8078987969184769,
    0.8100553326055231,
    0.8144222365681236,
    0.8478918989249588,
    0.8358396094887567,
    0.797908077446314,
    0.8251180966858637,
    0.8070313269052015,
    0.8221633616371973,
    0.8292518113932666,
    0.8470114365725684,
    0.827158931736454,
    0.8061656438932925,
    0.8186017600571484,
    0.8151367670696603,
    0.8321867551965937,
    0.7874739305419329,
    0.814847308326755,
    0.8546838807410522,
    0.833046164393932,
    0.82482266686471,
    0.8343672870917345
  ],
  "val_fpr": [
    0.3234946871310508,
    0.09917355371900827,
    0.031877213695395513,
    0.12868949232585597,
    0.14285714285714285,
    0.09681227863046045,
    0.0448642266824085,
    0.10035419126328217,
    0.04132231404958678,
    0.08736717827626919,
    0.06139315230224321,
    0.10625737898465171,
    0.07792207792207792,
    0.05785123966942149,
    0.09445100354191263,
    0.02833530106257379,
    0.06257378984651712,
    0.03423848878394333,
    0.06375442739079103,
    0.09681227863046045,
    0.03778040141676505,
    0.0743801652892562,
    0.04250295159386069,
    0.08500590318772137,
    0.06729634002361275,
    0.03305785123966942,
    0.09917355371900827,
    0.10035419126328217,
    0.03778040141676505,
    0.09327036599763873
  ],
  "val_fnr": [
    0.029585798816568046,
    0.07988165680473373,
    0.11242603550295859,
    0.042899408284023666,
    0.03550295857988166,
    0.04437869822485207,
    0.0621301775147929,
    0.034023668639053255,
    0.05325443786982249,
    0.03698224852071006,
    0.05029585798816568,
    0.028106508875739646,
    0.03106508875739645,
    0.05621301775147929,
    0.038461538461538464,
    0.05621301775147929,
    0.03698224852071006,
    0.04585798816568047,
    0.023668639053254437,
    0.03550295857988166,
    0.05029585798816568,
    0.03698224852071006,
    0.04881656804733728,
    0.03550295857988166,
    0.03698224852071006,
    0.05029585798816568,
    0.01775147928994083,
    0.02514792899408284,
    0.04437869822485207,
    0.03698224852071006
  ]
}