{
  "thresholds": [
    0.5,
    0.55,
    0.6,
    0.65,
    0.7
  ],
  "val_dice_by_threshold": {
    "0.50": 0.8546838807410522,
    "0.55": 0.8530686311423779,
    "0.60": 0.8515340739629678,
    "0.65": 0.8492053434715645,
    "0.70": 0.8465627962998914
  },
  "best_threshold": 0.5,
  "best_val_dice": 0.8546838807410522
}