{
  "selected_threshold": 0.5,
  "dice": 0.8075025871652981,
  "hd95_median": 4.123105525970459,
  "fnr": 0.047021943573667714,
  "fpr": 0.24780701754385964
}