{
  "dice": 0.7795708983860634,
  "hd95_mean": 13.572933197021484,
  "hd95_median": 4.1470770835876465,
  "hd95_count": 727,
  "fpr": 0.19143576826196473,
  "fnr": 0.03835978835978836,
  "selected_threshold": 0.5
}