{
  "thresholds": [
    0.5,
    0.55,
    0.6,
    0.65,
    0.7
  ],
  "val_dice_by_threshold": {
    "0.50": 0.810112695451136,
    "0.55": 0.8097469213384169,
    "0.60": 0.8078929352072569,
    "0.65": 0.8072859159010088,
    "0.70": 0.8067567747967196
  },
  "best_threshold": 0.5,
  "best_val_dice": 0.810112695451136
}