{
  "selected_threshold": 0.5,
  "dice": 0.7795708983860634,
  "hd95_median": 4.1470770835876465,
  "fnr": 0.03835978835978836,
  "fpr": 0.19143576826196473
}