{
  "train_loss": [
    0.44435674723112667,
    0.3398192198109565,
    0.3256207127052182,
    0.31903717332903836,
    0.30488686365967194,
    0.29426809250000063,
    0.28310364380260317,
    0.27931789248531746,
    0.26889997962445294,
    0.26675014660684,
    0.2605615249888512,
    0.25675784620276315,
    0.2522750362507289,
    0.24661037251903214,
    0.24383657134778938,
    0.23915722998172978,
    0.23438926025130938,
    0.23126869604267564,
    0.22798899669970832,
    0.22375822386376212,
    0.22230474791690472,
    0.21793763853705894,
    0.21736350989282643,
    0.21348489875161525,
    0.21341436285854812,
    0.21139348816846915,
    0.2094631033893121,
    0.20891582757732047,
    0.20700006345028166,
    0.20551265222683623
  ],
  "train_dice": [
    0.671819992867485,
    0.7113400293392012,
    0.7215553082228615,
    0.7264288848414097,
    0.737283491124789,
    0.7456998380754015,
    0.7544419894613892,
    0.7568123862116772,
    0.7650298179507479,
    0.7670589851895103,
    0.7717712286522591,
    0.7745947540567492,
    0.7784093219176904,
    0.7830754942514541,
    0.7849648231344815,
    0.7891419931604116,
    0.792658343615707,
    0.795142434361642,
    0.7978759293769033,
    0.8009003837808927,
    0.8026876837252925,
    0.8065116320635523,
    0.8066438790093098,
    0.8099659289213078,
    0.8099282276273904,
    0.8114487890747927,
    0.8134097442126519,
    0.8137510391764575,
    0.815354085175823,
    0.8168497489188736
  ],
  "train_fpr": [
    0.37558880576336934,
    0.313937378775284,
    0.3229426433915212,
    0.3232197284566362,
    0.3081185924078692,
    0.2849819894707675,
    0.27805486284289277,
    0.26305582490649676,
    0.2683568855638681,
    0.27847049044056527,
    0.2726517040731505,
    0.2647547797173732,
    0.2820725962870601,
    0.3054862842892768,
    0.3104738154613466,
    0.28480398947222607,
    0.2948185092823497,
    0.2938487115544472,
    0.2629537267941258,
    0.2860903297312275,
    0.3003602105846495,
    0.2793017456359102,
    0.3096425602660017,
    0.30798004987531175,
    0.31850928234968134,
    0.3230811859240787,
    0.2694652258243281,
    0.29883624272651704,
    0.2855361596009975,
    0.29883624272651704
  ],
  "train_fnr": [
    0.040331918178309535,
    0.038788112697800074,
    0.03184098803550753,
    0.02836742570436125,
    0.029911231184870705,
    0.03627942879197221,
    0.03550752605171748,
    0.034549314804091874,
    0.03261289077576225,
    0.02740254727904284,
    0.029525279814743344,
    0.030683133925125436,
    0.026437668853724432,
    0.027016595908915475,
    0.023543033577769202,
    0.030303030303030304,
    0.02720957159397916,
    0.02277113083751447,
    0.029911231184870705,
    0.025858741798533386,
    0.023928984947896564,
    0.020841373986877652,
    0.023543033577769202,
    0.018139714395986106,
    0.01968351987649556,
    0.01949054419143188,
    0.0214203010420687,
    0.019876495561559245,
    0.01949054419143188,
    0.018718641451177152
  ],
  "val_loss": [
    0.43715396823833813,
    0.3125747324622892,
    0.3035593246165504,
    0.32954128323244913,
    0.3562635189914635,
    0.35053419460810487,
    0.4083694219907634,
    0.43253510168347603,
    0.3738460947740876,
    0.38267418183916996,
    0.25057776960573475,
    0.304904105056852,
    0.25274676619431913,
    0.3856726077005819,
    0.31123602017760277,
    0.2980278726147111,
    0.30250989302907916,
    0.2841021114710899,
    0.3021691893240665,
    0.3046088928616794,
    0.2392507252944076,
    0.29586737169923943,
    0.24682848967420748,
    0.269904384134799,
    0.2427712632528907,
    0.22479028035581453,
    0.2817210500046314,
    0.23998507593049961,
    0.24178544830987256,
    0.271500306660336
  ],
  "val_dice": [
    0.6279071159236281,
    0.7334212087031103,
    0.7452225656791901,
    0.716151264397974,
    0.6949565524183627,
    0.6935850064846637,
    0.6420730082212053,
    0.6315214814766817,
    0.6806940216202279,
    0.6687408531697578,
    0.7849310372857924,
    0.7374006706154627,
    0.7854873782244015,
    0.6798113942745956,
    0.7319761711820175,
    0.7475193196594545,
    0.7396051715303245,
    0.7619060684543401,
    0.7386794951823978,
    0.7471697539558099,
    0.7983194606171714,
    0.7511935358140034,
    0.7903569519434899,
    0.7730016475052511,
    0.7968951112290903,
    0.810112695451136,
    0.7590479326893461,
    0.7989426261434952,
    0.7973496958698303,
    0.7728663630826011
  ],
  "val_fpr": [
    0.2028301886792453,
    0.27712264150943394,
    0.3738207547169811,
    0.3443396226415094,
    0.1733490566037736,
    0.19811320754716982,
    0.07665094339622641,
    0.08254716981132075,
    0.1474056603773585,
    0.09905660377358491,
    0.25825471698113206,
    0.11084905660377359,
    0.3242924528301887,
    0.1721698113207547,
    0.26297169811320753,
    0.25589622641509435,
    0.1403301886792453,
    0.2818396226415094,
    0.1580188679245283,
    0.1721698113207547,
    0.2830188679245283,
    0.18985849056603774,
    0.2016509433962264,
    0.267688679245283,
    0.34787735849056606,
    0.23820754716981132,
    0.14268867924528303,
    0.3313679245283019,
    0.2240566037735849,
    0.19339622641509435
  ],
  "val_fnr": [
    0.10398860398860399,
    0.05698005698005698,
    0.019943019943019943,
    0.037037037037037035,
    0.06125356125356125,
    0.07977207977207977,
    0.13675213675213677,
    0.11823361823361823,
    0.08547008547008547,
    0.11965811965811966,
    0.039886039886039885,
    0.08404558404558404,
    0.021367521367521368,
    0.08262108262108261,
    0.05555555555555555,
    0.05698005698005698,
    0.06125356125356125,
    0.03418803418803419,
    0.06695156695156695,
    0.06267806267806268,
    0.027065527065527065,
    0.07407407407407407,
    0.037037037037037035,
    0.02849002849002849,
    0.019943019943019943,
    0.03276353276353276,
    0.0584045584045584,
    0.017094017094017096,
    0.03276353276353276,
    0.03561253561253561
  ],
  "train_bce_loss": [
    0.06128409040126644,
    0.04481583410169137,
    0.042104886621740924,
    0.04039166048384354,
    0.03767204737731824,
    0.03574703512103211,
    0.033359364512849515,
    0.032395973156278526,
    0.030540247324499004,
    0.030294486892894806,
    0.029104610585627987,
    0.0282319358098167,
    0.027587664366465453,
    0.0266187737485075,
    0.02591480244379743,
    0.02537362918374578,
    0.024244933520302298,
    0.02386152000498266,
    0.023081408899781188,
    0.02228287689090627,
    0.0224309080329484,
    0.021850600318041292,
    0.02167001071519753,
    0.021119859378265004,
    0.02095147926552902,
    0.02061019856038324,
    0.02049125821400262,
    0.020438084710857812,
    0.020089821000408913,
    0.02016229656768615
  ],
  "val_bce_loss": [
    0.06489367414201362,
    0.04124492662332778,
    0.043583584555477485,
    0.04202194261373594,
    0.050343295385037214,
    0.04457962236116674,
    0.051070273394748324,
    0.06454433007413296,
    0.05555043106653978,
    0.05219829265986177,
    0.033006800073094915,
    0.04127448992134553,
    0.0342942261065511,
    0.06446348914199232,
    0.041793966025206596,
    0.042052151354242374,
    0.04203201943000698,
    0.04432741753063649,
    0.04081928462327262,
    0.050186841423454774,
    0.03546124208744906,
    0.044704672051053045,
    0.03548349011405019,
    0.04144339202362593,
    0.036368150333260345,
    0.03208397849024462,
    0.04083229895572356,
    0.03685728613109105,
    0.038115690085449495,
    0.04180720789002555
  ],