{
  "dice": 0.7795708983860634,
  "hd95_mean": 13.286422729492188,
  "hd95_median": 4.0,
  "hd95_count": 725,
  "fpr": 0.17002518891687657,
  "fnr": 0.041005291005291
}