{
  "dice": 0.7784347484174602,
  "hd95_mean": 18.685321807861328,
  "hd95_median": 5.0,
  "hd95_count": 601,
  "fpr": 0.2219804134929271,
  "fnr": 0.04754358161648178
}