{
  "train_loss": [
    0.4321111968934638,
    0.330767457949587,
    0.30740095898184533,
    0.2929192799894969,
    0.28034445998180957,
    0.26984450081310424,
    0.26805399757249593,
    0.2604382578167177,
    0.2531255562068589,
    0.25297975787573446,
    0.2447085941096839,
    0.2391910322216498,
    0.23697052305456376,
    0.233638178772268,
    0.2308651202018713,
    0.22593474045074244,
    0.22324749242319714,
    0.21474908010727628,
    0.21173394855643618,
    0.2089737586347646,
    0.20746173206519297,
    0.2019908217017125,
    0.20077167158776038,
    0.20081814174776477,
    0.1965411741230799,
    0.19503133079874238,
    0.19230345147423833,
    0.19095968265902422,
    0.19035938819105125,
    0.18682542316924494
  ],
  "train_dice": [
    0.6820343312444129,
    0.7196742261373194,
    0.736562528099905,
    0.7484411357044899,
    0.7582123478401498,
    0.7672927795965062,
    0.7688064684968657,
    0.7745916364863582,
    0.7803271444121112,
    0.7801362476613132,
    0.7870910822827156,
    0.7915687828649535,
    0.7926181900971426,
    0.7953424445248185,
    0.7979576984083736,
    0.8020508960540914,
    0.8034801624092213,
    0.8117544526079784,
    0.8137035386066722,
    0.8164819063234505,
    0.8175657689310427,
    0.8225715452281843,
    0.8239617911506923,
    0.8235443353334108,
    0.8269851323681228,
    0.8281628929631518,
    0.8306778979493712,
    0.8318694675228095,
    0.8322541422148216,
    0.8352597866867504
  ],
  "train_fpr": [
    0.42441697105928633,
    0.36493889591234724,
    0.3289787891557803,
    0.31666198370328746,
    0.30401798257937623,
    0.285332958696263,
    0.27479629109300363,
    0.29039055914582745,
    0.27549873559988763,
    0.25892104523742626,
    0.2582186007305423,
    0.2675937631689844,
    0.25189660016858667,
    0.24782242202865973,
    0.2545658892947457,
    0.2525990446754706,
    0.24754144422590615,
    0.2639415648265206,
    0.26327620118010675,
    0.2614131198201995,
    0.2525990446754706,
    0.2548468670974993,
    0.2445568197780587,
    0.26632954066582387,
    0.2607474009553245,
    0.24613655521213823,
    0.2433267771846024,
    0.24121944366395054,
    0.256392245012644,
    0.2386906434391683
  ],
  "train_fnr": [
    0.03653918970087088,
    0.035409960234804014,
    0.04014391213785268,
    0.03426732298371829,
    0.03786444528587656,
    0.03805376751230594,
    0.03767512305944718,
    0.03351003407800076,
    0.03464596743657705,
    0.03767512305944718,
    0.03464596743657705,
    0.031054724483999242,
    0.03672851192730026,
    0.03464596743657705,
    0.03294206739871261,
    0.030670200681560015,
    0.0340780007572889,
    0.029350501798901724,
    0.025369178341537298,
    0.025184624124218898,
    0.028587656190836804,
    0.023665278303672852,
    0.02442719181973111,
    0.026131414504828632,
    0.02290798939795532,
    0.02555850056796668,
    0.020068156001514577,
    0.022340022718667172,
    0.021204089360090876,
    0.021961378265808407
  ],
  "val_loss": [
    0.31676338653420744,
    0.29149381977635586,
    0.4069679591437036,
    0.31300001316869625,
    0.3602674471087826,
    0.34518750548712357,
    0.3256325223377656,
    0.27825372518133673,
    0.3234955921383352,
    0.29992704428913236,
    0.2646642394641167,
    0.2715373529862721,
    0.3541339547433634,
    0.2959558909614254,
    0.2522096927322954,
    0.25790286764297576,
    0.2605084943024496,
    0.2507528821126977,
    0.28751999286868424,
    0.2787418938226829,
    0.25456943654705405,
    0.23962414988337694,
    0.2513553201700154,
    0.23295865817339095,
    0.2540471284140902,
    0.3233505604234087,
    0.2705914744365852,
    0.24975996760615302,
    0.2433171595015765,
    0.25485946872485593
  ],
  "val_dice": [
    0.7195365832075717,
    0.7430096728226899,
    0.6288277991236606,
    0.719114245708224,
    0.6964174773767108,
    0.6905068230489722,
    0.7082083678614457,
    0.7541932120533437,
    0.7075994054102686,
    0.7300866243209461,
    0.760899177532414,
    0.7521350549588215,
    0.6838178700469073,
    0.7344728566805642,
    0.7753141539888667,
    0.7709197227791867,
    0.7675661954510367,
    0.7768285353110446,
    0.7378168290474943,
    0.7477740042369728,
    0.7782615683852276,
    0.7859234989147549,
    0.7738284978014944,
    0.7926162572451008,
    0.7735281273674425,
    0.7103767608259247,
    0.7534851705034574,
    0.7773758137664941,
    0.7827988211517629,
    0.7693386794306024
  ],
  "val_fpr": [
    0.33047210300429186,
    0.16952789699570817,
    0.03862660944206009,
    0.0890557939914163,
    0.33905579399141633,
    0.02467811158798283,
    0.06866952789699571,
    0.17274678111587982,
    0.09978540772532189,
    0.059012875536480686,
    0.19313304721030042,
    0.10407725321888411,
    0.012875536480686695,
    0.11051502145922747,
    0.19527896995708155,
    0.2886266094420601,
    0.12660944206008584,
    0.21888412017167383,
    0.09334763948497854,
    0.10836909871244635,
    0.0890557939914163,
    0.12017167381974249,
    0.08261802575107297,
    0.1963519313304721,
    0.13841201716738197,
    0.11909871244635194,
    0.06223175965665236,
    0.1963519313304721,
    0.24356223175965666,
    0.08476394849785408
  ],
  "val_fnr": [
    0.0372168284789644,
    0.08576051779935275,
    0.156957928802589,
    0.10032362459546926,
    0.03398058252427184,
    0.1407766990291262,
    0.11650485436893204,
    0.04692556634304207,
    0.11488673139158576,
    0.09223300970873786,
    0.06957928802588997,
    0.09546925566343042,
    0.156957928802589,
    0.10517799352750809,
    0.02750809061488673,
    0.024271844660194174,
    0.04854368932038835,
    0.02912621359223301,
    0.06472491909385113,
    0.08576051779935275,
    0.04692556634304207,
    0.05016181229773463,
    0.07605177993527508,
    0.042071197411003236,
    0.059870550161812294,
    0.11003236245954692,
    0.10194174757281553,
    0.05177993527508091,
    0.01779935275080906,
    0.06634304207119741
  ],
  "train_bce_loss": [
    0.06132233824483006,
    0.043012086761867095,
    0.03809032511761736,
    0.03591426221849931,
    0.03382080598805762,
    0.03246226149863048,
    0.032139940057943635,
    0.03078991294246736,
    0.0295032805502606,
    0.029394655601353434,
    0.028165148300085596,
    0.027274187425664172,
    0.026522023165076604,
    0.025702095658296585,
    0.02570218753630954,
    0.02490645680217509,
    0.023988530287029346,
    0.023451071390806964,
    0.022693602614973475,
    0.022766272260248768,
    0.022195490233186715,
    0.021844790149437788,
    0.02194272667494932,
    0.021684828552565726,
    0.02121115837647517,
    0.020592308064685056,
    0.020598401085900227,
    0.02046490537054653,
    0.020243078575688786,
    0.01986365406260535
  ],
  "val_bce_loss": [
    0.029831652183117327,
    0.026778287427578255,
    0.03906325410737303,
    0.03022654040552326,
    0.05213267532456817,
    0.03485688332795666,
    0.032593293821382256,
    0.027611218226420268,
    0.030058382309622485,
    0.029579131278073004,
    0.024162992665790545,
    0.022745569923671844,
    0.036757894291340534,
    0.029692965063012527,
    0.024552374268097588,
    0.026180867680334705,
    0.02557935270953725,
    0.02522502631892022,
    0.024659402895372957,
    0.025603882466478864,
    0.027925397669299336,
    0.022967177112232652,
    0.022823366762415247,
    0.021252141153559684,
    0.025903352371716124,
    0.03279724893515062,
    0.02280211439839388,
    0.02594079138785691,
    0.023509736038355645,
    0.02325530777309349
  ],