{
  "dice": 0.7784347484174602,
  "hd95_mean": 18.9322452545166,
  "hd95_median": 5.0,
  "hd95_count": 605,
  "fpr": 0.24918389553862894,
  "fnr": 0.04120443740095087,
  "selected_threshold": 0.5
}