{
  "thresholds": [
    0.5,
    0.55,
    0.6,
    0.65,
    0.7
  ],
  "val_dice_by_threshold": {
    "0.50": 0.7926162572451008,
    "0.55": 0.791292404484691,
    "0.60": 0.7903307913938193,
    "0.65": 0.7889233929222649,
    "0.70": 0.7875126932648201
  },
  "best_threshold": 0.5,
  "best_val_dice": 0.7926162572451008
}