{
  "selected_threshold": 0.5,
  "dice": 0.7784347484174602,
  "hd95_median": 5.0,
  "fnr": 0.04120443740095087,
  "fpr": 0.24918389553862894
}