{
  "dice": 0.7897695884704122,
  "hd95_mean": 10.958036422729492,
  "hd95_median": 6.4260053634643555,
  "hd95_count": 606,
  "fpr": 0.3355263157894737,
  "fnr": 0.050156739811912224,
  "selected_threshold": 0.5
}