{
  "dice": 0.7897695884704122,
  "hd95_mean": 9.86381721496582,
  "hd95_median": 5.746670722961426,
  "hd95_count": 604,
  "fpr": 0.2916666666666667,
  "fnr": 0.05329153605015674
}