{
  "thresholds": [
    0.5,
    0.55,
    0.6,
    0.65,
    0.7
  ],
  "val_dice_by_threshold": {
    "0.50": 0.8390813057680102,
    "0.55": 0.8393873441840395,
    "0.60": 0.8399337246220493,
    "0.65": 0.8402552671796648,
    "0.70": 0.8404844859339429
  },
  "best_threshold": 0.7,
  "best_val_dice": 0.8404844859339429
}