{
  "train_loss": [
    1.3791559221840963,
    1.1628902252597357,
    1.01992009560751,
    1.002209834392944,
    0.9808309887534412,
    0.8851360718243069,
    0.8155830438876982,
    0.7741670403556667,
    0.7329254973394117,
    0.6829519940005303,
    0.6439046992298,
    0.6207429274956,
    0.5703132715730611,
    0.5326609097804483,
    0.5300349449252065,
    0.5024058822832466,
    0.48189558225443885,
    0.4925601858943001,
    0.4529201331058683,
    0.4586955658539092,
    0.4293403863347192,
    0.42652992182374816,
    0.4228606219381584,
    0.40109265201279176,
    0.40540008953180456,
    0.3914933535131933,
    0.3895915651661876,
    0.37893538987876174,
    0.38076781039964264,
    0.3661049740783964
  ],
  "train_dice": [
    0.6174455701852842,
    0.686938298484387,
    0.6993651325686078,
    0.7088767483537444,
    0.7130802348512079,
    0.7234528812101396,
    0.7313531449268476,
    0.7402390388218782,
    0.7443363170331877,
    0.7501201557711675,
    0.7548505908651831,
    0.7579543555938058,
    0.7635902154442661,
    0.7708618680557384,
    0.7716149107830166,
    0.7764597757278937,
    0.778143828314649,
    0.7816173470854549,
    0.7865273745185608,
    0.7897575589879569,
    0.7921049459212487,
    0.7930731053474317,
    0.7956472174913064,
    0.7975988829781023,
    0.8016540706559477,
    0.8044611726177372,
    0.8060312125006915,
    0.808495934345761,
    0.8091781248013505,
    0.8134525059671353
  ],
  "train_fpr": [
    0.509742041712404,
    0.3995609220636663,
    0.36731613611416025,
    0.34449169982164907,
    0.3404226125137212,
    0.32766190998902306,
    0.3236827661909989,
    0.33218990120746433,
    0.31462678375411635,
    0.31270581778265644,
    0.3021405049396268,
    0.29171240395170145,
    0.3063940724478595,
    0.29431942919868276,
    0.3061196487376509,
    0.287596048298573,
    0.2819316778707642,
    0.2870472008781559,
    0.2844401756311745,
    0.2874588364434687,
    0.288556531284303,
    0.29733809001097694,
    0.2955543358946213,
    0.30113870215393057,
    0.28508711757442723,
    0.2892425905598244,
    0.2991218441273326,
    0.2829308452250274,
    0.27648188803512624,
    0.2670142700329308
  ],
  "train_fnr": [
    0.023278560250391236,
    0.0297339593114241,
    0.03266823161189358,
    0.03384856192525924,
    0.036189358372456966,
    0.03266823161189358,
    0.03227699530516432,
    0.029342723004694836,
    0.029538341158059468,
    0.027582159624413145,
    0.030320813771517997,
    0.029342723004694836,
    0.028364632237871674,
    0.026604068857589983,
    0.02523474178403756,
    0.024061032863849766,
    0.024065740559577383,
    0.02171361502347418,
    0.021322378716744913,
    0.02190923317683881,
    0.017801251956181534,
    0.021517996870109544,
    0.022496087636932706,
    0.01702210917628644,
    0.01936998630405009,
    0.018192488262910797,
    0.01662754303599374,
    0.01741001564945227,
    0.01995305164319249,
    0.018974960876369327
  ],
  "val_loss": [
    1.2223798950263383,
    0.6729627303206004,
    0.6609014198184013,
    1.0038453627091188,
    0.6153531624830862,
    0.5915426546983289,
    0.5771646420498924,
    0.604601887192511,
    0.8260196457181633,
    0.6050865453221566,
    1.608530431677251,
    1.558535065182303,
    0.6808128585961796,
    1.134563888241289,
    0.6990804722058702,
    0.7852416703775085,
    1.2479262012966286,
    0.6342842635428588,
    1.0708511361036692,
    0.46917325877667176,
    0.821562128075393,
    0.8556648661222683,
    0.941621207003895,
    0.6494468830018882,
    0.8073094676540801,
    1.0559843497339791,
    0.6736099354856642,
    0.9531216027556791,
    1.0590873522540698,
    1.4703458603747057
  ],
  "val_dice": [
    0.7516040455538934,
    0.7899291398191064,
    0.7886482391674512,
    0.7957976494182849,
    0.8033634553382383,
    0.7816269330834672,
    0.784516433876603,
    0.7615592456140319,
    0.7958750891218171,
    0.8090092600819231,
    0.7726017872351029,
    0.7254295043520541,
    0.8137340114159873,
    0.7893869902321397,
    0.8347427496333888,
    0.8286422579962562,
    0.7775925763017504,
    0.8177485620484484,
    0.8343828224836016,
    0.826613973735242,
    0.8368275916815554,
    0.8275904218892197,
    0.8213873317784811,
    0.8323187192339869,
    0.8167079889474536,
    0.8159345366148907,
    0.8390813057680102,
    0.8101426299086899,
    0.8080138688653531,
    0.8103860332410143
  ],
  "val_fpr": [
    0.2139588100686499,
    0.2311212814645309,
    0.17848970251716248,
    0.10755148741418764,
    0.28718535469107553,
    0.17734553775743708,
    0.17276887871853547,
    0.16590389016018306,
    0.21853546910755148,
    0.23684210526315788,
    0.07780320366132723,
    0.05835240274599542,
    0.14759725400457666,
    0.15102974828375287,
    0.12013729977116705,
    0.11212814645308924,
    0.05835240274599542,
    0.09496567505720824,
    0.11098398169336385,
    0.2551487414187643,
    0.08924485125858124,
    0.13615560640732266,
    0.10297482837528604,
    0.18077803203661327,
    0.07208237986270023,
    0.05835240274599542,
    0.19679633867276888,
    0.14073226544622425,
    0.10526315789473684,
    0.04691075514874142
  ],
  "val_fnr": [
    0.060650887573964495,
    0.057692307692307696,
    0.057692307692307696,
    0.07544378698224852,
    0.028106508875739646,
    0.047337278106508875,
    0.05029585798816568,
    0.04437869822485207,
    0.034023668639053255,
    0.03254437869822485,
    0.0621301775147929,
    0.10798816568047337,
    0.034023668639053255,
    0.038461538461538464,
    0.03698224852071006,
    0.04437869822485207,
    0.07100591715976332,
    0.022189349112426034,
    0.03550295857988166,
    0.01775147928994083,
    0.03106508875739645,
    0.023668639053254437,
    0.03254437869822485,
    0.02514792899408284,
    0.042899408284023666,
    0.05029585798816568,
    0.019230769230769232,
    0.038461538461538464,
    0.029585798816568046,
    0.03550295857988166
  ],
  "train_bce_loss": [
    0.9158470609542514,
    0.8215636805068866,
    0.6940594385864949,
    0.6879064162245202,
    0.6718334020383245,
    0.5866931912055456,
    0.5259611840489764,
    0.49241141506531955,
    0.4576949623019822,
    0.4134408590175774,
    0.3789545192039768,
    0.36000126324146897,
    0.31558114519005376,
    0.2853177814151952,
    0.2834891334086976,
    0.26117720840595726,
    0.24319760580861938,
    0.2570736030162815,
    0.22222124294671453,
    0.23202797497935296,
    0.20525767493405775,
    0.20356425383724513,
    0.20261100824380873,
    0.18306440465257312,
    0.1915050049024529,
    0.1808744297761368,
    0.1807607732053399,
    0.17245062664431526,
    0.1767928063095048,
    0.1656632393739339
  ],
  "val_bce_loss": [
    0.9611740520281838,
    0.4426533307483387,
    0.43648897497033007,
    0.7879593358347579,
    0.4039561770410007,
    0.36008958295180554,
    0.3500641213437906,
    0.3487300529639297,
    0.6107904861568192,
    0.39835491458769645,
    1.3776892756839343,
    1.2806136179529406,
    0.48348247176986847,
    0.9149178397626831,
    0.524043454522041,
    0.6032602027059979,
    1.021393750367835,
    0.43958052017584104,
    0.8984710961792441,
    0.27348682178685874,
    0.6485300695316276,
    0.6730556797481434,
    0.7586575694056366,
    0.47191138103426594,
    0.6186785612931439,
    0.8694272462931977,
    0.5014463368322447,
    0.7579827736704968,
    0.8619325235176049,
    1.2793137154172687
  ],