{
  "selected_threshold": 0.7,
  "dice": 0.7962274804337645,
  "hd95_median": 5.746670722961426,
  "fnr": 0.05329153605015674,
  "fpr": 0.2916666666666667
}