{
  "train_loss": [
    0.6369512192246254,
    0.4572547650711067,
    0.39400745744219506,
    0.36772501304195515,
    0.3518464128283714,
    0.34048136962625275,
    0.3246350767965518,
    0.31397517852678475,
    0.3099220221192523,
    0.29621245854759265,
    0.29212054092606893,
    0.28915387382968705,
    0.2802726657279187,
    0.27824263909066826,
    0.2696229907883754,
    0.2633692043052821,
    0.2576515866798479,
    0.2535373853545175,
    0.24857496700351792,
    0.24386481429744797,
    0.23871418657934032,
    0.23476943124888125,
    0.23133433062975653,
    0.22691826607248872,
    0.2215668584607126,
    0.21919747760501812,
    0.2149539532515649,
    0.2143572480382996,
    0.20921919402503547,
    0.20486767844495254
  ],
  "train_dice": [
    0.62743421262129,
    0.6909539545170239,
    0.736848847514669,
    0.7511050892541681,
    0.7628311099382099,
    0.7696993533602398,
    0.7811925547237715,
    0.7869852382295074,
    0.7909544993228552,
    0.8009263767767515,
    0.8027541861589705,
    0.8038558295607743,
    0.8113525077860229,
    0.8115714740022754,
    0.8181649132833639,
    0.8221226713696212,
    0.8267229913765005,
    0.8287786271247449,
    0.8316928744081714,
    0.8352533761404587,
    0.8399339840079572,
    0.8408736641512914,
    0.8428895296428262,
    0.8481745010918859,
    0.8503721140504128,
    0.8528871634153579,
    0.8561684925752248,
    0.856514880400718,
    0.8592401320081797,
    0.8632378599607186
  ],
  "train_fpr": [
    0.3531536537927202,
    0.2838100527631214,
    0.2336111111111111,
    0.23429683157309616,
    0.22228396776882467,
    0.20061128091136426,
    0.19894415115309808,
    0.20083333333333334,
    0.20144484579049737,
    0.19088635732147818,
    0.18694444444444444,
    0.18727424284523478,
    0.19361111111111112,
    0.1828285634898583,
    0.1903835464146748,
    0.18788215675375208,
    0.180050013892748,
    0.17810502917477078,
    0.17800610941405165,
    0.18338427340928035,
    0.17032509030286191,
    0.18,
    0.1802777777777778,
    0.1694915254237288,
    0.16536964980544747,
    0.1686111111111111,
    0.1605109691752291,
    0.1613440710913635,
    0.171158655181995,
    0.1592551417454141
  ],
  "train_fnr": [
    0.05893909626719057,
    0.056232795910342116,
    0.046383647798742135,
    0.0384917517674784,
    0.0412573673870334,
    0.0412573673870334,
    0.03654223968565815,
    0.03419811320754717,
    0.03379174852652259,
    0.02711198428290766,
    0.031053459119496855,
    0.033005893909626716,
    0.031839622641509434,
    0.03614931237721022,
    0.02945797329143755,
    0.030243519245875882,
    0.027897838899803535,
    0.02711198428290766,
    0.028313016122689737,
    0.025147347740667975,
    0.02711198428290766,
    0.02437106918238994,
    0.02279874213836478,
    0.02200392927308448,
    0.025530243519245877,
    0.019654088050314465,
    0.018088871411718443,
    0.01730239874164373,
    0.018467583497053044,
    0.016496465043205028
  ],
  "val_loss": [
    0.5380086030139297,
    0.4542680411065211,
    0.4319785391698118,
    0.3553824651436728,
    0.3808003971811201,
    0.32848565343950614,
    0.3938096013225493,
    0.2942479231807052,
    0.38672310084593103,
    0.34268504767144314,
    0.30585525133570685,
    0.2846652812156521,
    0.2746249043062085,
    0.3003689606658748,
    0.2953671890692633,
    0.278383912610226,
    0.2863487831881789,
    0.3610343506101702,
    0.3116365576865243,
    0.28618396256790785,
    0.28698072501870453,
    0.27049586167101003,
    0.2727564967558032,
    0.27793409150154863,
    0.2523539030649623,
    0.27271761723229143,
    0.26542086005210874,
    0.267026253362171,
    0.2798984000917341,
    0.2980708215080324
  ],
  "val_dice": [
    0.6342860022590298,
    0.7088885204713853,
    0.7124948598810884,
    0.7590956492502181,
    0.7470454488865664,
    0.7866927896366744,
    0.7111097848561944,
    0.8011332710258297,
    0.7295025509644727,
    0.7722804277158174,
    0.787480920846345,
    0.8020359517609487,
    0.8134259009947542,
    0.7984461871326947,
    0.799611550325253,
    0.814028592334419,
    0.8075615546742424,
    0.756549044906116,
    0.7771753100831,
    0.8045388241771791,
    0.8020727743012983,
    0.8163027841292444,
    0.8175079925627005,
    0.8174095143304496,
    0.8289557726901086,
    0.8163332984828559,
    0.8213729967042559,
    0.8156090091975009,
    0.807142669402185,
    0.7991354483683578
  ],
  "val_fpr": [
    0.3702127659574468,
    0.05319148936170213,
    0.01702127659574468,
    0.14680851063829786,
    0.04893617021276596,
    0.04468085106382979,
    0.3127659574468085,
    0.07234042553191489,
    0.24468085106382978,
    0.06595744680851064,
    0.1127659574468085,
    0.13191489361702127,
    0.10212765957446808,
    0.06170212765957447,
    0.0574468085106383,
    0.09361702127659574,
    0.11914893617021277,
    0.07659574468085106,
    0.05106382978723404,
    0.13617021276595745,
    0.19148936170212766,
    0.18723404255319148,
    0.1276595744680851,
    0.1148936170212766,
    0.12127659574468085,
    0.2872340425531915,
    0.2297872340425532,
    0.059574468085106386,
    0.15531914893617021,
    0.19787234042553192
  ],
  "val_fnr": [
    0.03278688524590164,
    0.07213114754098361,
    0.09508196721311475,
    0.036065573770491806,
    0.06557377049180328,
    0.05573770491803279,
    0.02622950819672131,
    0.03934426229508197,
    0.02622950819672131,
    0.05901639344262295,
    0.05245901639344262,
    0.02622950819672131,
    0.036065573770491806,
    0.05245901639344262,
    0.04918032786885246,
    0.029508196721311476,
    0.02622950819672131,
    0.05573770491803279,
    0.09508196721311475,
    0.03278688524590164,
    0.02622950819672131,
    0.009836065573770493,
    0.02622950819672131,
    0.009836065573770493,
    0.02622950819672131,
    0.003278688524590164,
    0.009836065573770493,
    0.03278688524590164,
    0.04262295081967213,
    0.03934426229508197
  ]
}