{
  "dice": 0.7597240401404117,
  "hd95_mean": 12.559510231018066,
  "hd95_median": 5.915475845336914,
  "hd95_count": 323,
  "fpr": 0.13636363636363635,
  "fnr": 0.03582089552238806
}