{
  "thresholds": [
    0.5,
    0.55,
    0.6,
    0.65,
    0.7
  ],
  "val_dice_by_threshold": {
    "0.50": 0.7313054873778265,
    "0.55": 0.7290960531321978,
    "0.60": 0.726343986175589,
    "0.65": 0.7234652453582363,
    "0.70": 0.7199602189804545
  },
  "best_threshold": 0.5,
  "best_val_dice": 0.7313054873778265
}