{
  "train_loss": [
    0.5495101064583243,
    0.4065080780106498,
    0.36946519928536575,
    0.3437904241443172,
    0.3294993740137258,
    0.31736941263568436,
    0.3088264457692917,
    0.30375126171633715,
    0.2974060574413061,
    0.2901366531316723,
    0.2869862878536273,
    0.2796094274474788,
    0.2753619832909319,
    0.27321184615603183,
    0.2691050546022085,
    0.26759926282714325,
    0.32379305158913513,
    0.3100304498095432,
    0.30179166211043995,
    0.3023881766570919,
    0.2917182795912893,
    0.296653706634876,
    0.28838501759397167,
    0.2882532099786382,
    0.285697231354452,
    0.28156157148881505,
    0.2793466500465817,
    0.2768855431009912,
    0.27592551422243433,
    0.2746528882098904
  ],
  "train_dice": [
    0.6563439247507389,
    0.7208894727879921,
    0.7444986569099024,
    0.7624720447552579,
    0.7719883539016519,
    0.7802540624277682,
    0.7864037663386061,
    0.7905271439827041,
    0.7945018656838883,
    0.8005285645335917,
    0.8024683193479086,
    0.8072388837513739,
    0.8107951266567145,
    0.8120831945116738,
    0.8153391421649469,
    0.8160798833294376,
    0.7926326372456141,
    0.796605885670378,
    0.8007640714679461,
    0.8006826074515725,
    0.8061491219459526,
    0.8032205064884811,
    0.8077456886613883,
    0.8081097107930273,
    0.808605815450667,
    0.8113714439237548,
    0.8131659541469044,
    0.8142412165775239,
    0.8151856014227465,
    0.815812585545745
  ],
  "train_fpr": [
    0.2714265274002003,
    0.20718271569609387,
    0.18901130347689227,
    0.17701774470520892,
    0.17112605522964658,
    0.18786664758906854,
    0.2074688796680498,
    0.20048654836863194,
    0.2167381974248927,
    0.19456366237482117,
    0.18986979539276005,
    0.2103305193876091,
    0.21176133924738874,
    0.21193474527761877,
    0.22234940620975818,
    0.20160251824295322,
    0.08128219805380653,
    0.06581771354986407,
    0.06495922163399628,
    0.06253577561534059,
    0.06467305766204035,
    0.05536480686695279,
    0.06038059808270139,
    0.0580829756795422,
    0.054657318643582774,
    0.061525253970525114,
    0.050357653791130184,
    0.05565092989985694,
    0.05036485906424381,
    0.041917024320457796
  ],
  "train_fnr": [
    0.06485473289597,
    0.05360824742268041,
    0.04892221180880975,
    0.04422788605697151,
    0.039737582005623245,
    0.03598875351452671,
    0.03317713214620431,
    0.03335832083958021,
    0.02924634420697413,
    0.029996250468691414,
    0.030927835051546393,
    0.0288659793814433,
    0.026804123711340205,
    0.02492503748125937,
    0.02492970946579194,
    0.0260543580131209,
    0.058095952023988005,
    0.06110590440487348,
    0.059418931583880036,
    0.061094452773613195,
    0.055857544517338334,
    0.0614923134608174,
    0.05923149015932521,
    0.05999250093738283,
    0.06148078725398313,
    0.05360824742268041,
    0.05474315710536183,
    0.05680539932508436,
    0.05754451733833177,
    0.06205474315710536
  ],
  "val_loss": [
    0.5663782890891603,
    0.5318959917967245,
    0.46573764172121107,
    0.49028503516187993,
    0.44997843351619204,
    0.4554670454621492,
    0.41578094572670216,
    0.5254234971165834,
    0.405823636883081,
    0.4220300673508538,
    0.416073520395235,
    0.4350069571303046,
    0.44571865127486954,
    0.43790336655117956,
    0.4270050345655713,
    0.3990622821746928,
    0.5486780878316949,
    0.5663982869235226,
    0.5138254601834965,
    0.7335741548711796,
    0.5290846194169674,
    0.5113270020148375,
    0.5408532572093726,
    0.6896431140081312,
    0.5426095833262929,
    0.515131313370383,
    0.5982425904557397,
    0.6397632480907582,
    0.5994337118752466,
    0.52159161656475
  ],
  "val_dice": [
    0.6059734122900301,
    0.6437031605583996,
    0.6780548811825144,
    0.6637465821961038,
    0.6924617174448221,
    0.6801477925724628,
    0.7176938315671502,
    0.6419889479654151,
    0.7270713546832285,
    0.7122341426986133,
    0.7209662919501493,
    0.705292764119112,
    0.6948468655681329,
    0.7082353048524743,
    0.7126095120263678,
    0.7313054873778265,
    0.7067171081203143,
    0.6986773584057393,
    0.7124117537945465,
    0.6309876002611406,
    0.7123654346586513,
    0.7188228113247417,
    0.688403343950657,
    0.6521444998094799,
    0.6881543426023018,
    0.707214702778727,
    0.685715305991194,
    0.6736359734304062,
    0.6810650055644062,
    0.716714711214954
  ],
  "val_fpr": [
    0.037628278221208664,
    0.05815279361459521,
    0.18244013683010263,
    0.07297605473204105,
    0.05473204104903079,
    0.06043329532497149,
    0.18244013683010263,
    0.011402508551881414,
    0.10376282782212087,
    0.03876852907639681,
    0.13112884834663627,
    0.1322690992018244,
    0.055872291904218926,
    0.08323831242873432,
    0.09350057012542759,
    0.14937286202964653,
    0.036488027366020526,
    0.01710376282782212,
    0.027366020524515394,
    0.002280501710376283,
    0.04446978335233751,
    0.07753705815279362,
    0.00798175598631699,
    0.012542759407069556,
    0.026225769669327253,
    0.0330672748004561,
    0.009122006841505131,
    0.011402508551881414,
    0.011402508551881414,
    0.01710376282782212
  ],
  "val_fnr": [
    0.1426448736998514,
    0.1426448736998514,
    0.09806835066864784,
    0.13075780089153047,
    0.11144130757800892,
    0.1099554234769688,
    0.06686478454680535,
    0.17682020802377416,
    0.06092124814264487,
    0.10549777117384844,
    0.05646359583952452,
    0.08469539375928678,
    0.1025260029717682,
    0.10846953937592868,
    0.09063893016344725,
    0.06983655274888559,
    0.12332838038632987,
    0.1411589895988113,
    0.10401188707280833,
    0.23328380386329867,
    0.11589895988112928,
    0.09212481426448738,
    0.1515601783060921,
    0.1901931649331352,
    0.1352154531946508,
    0.12332838038632987,
    0.17087667161961367,
    0.1664190193164933,
    0.15601783060921248,
    0.11144130757800892
  ]
}