{
  "dice": 0.8319127413240027,
  "hd95_mean": 10.189207077026367,
  "hd95_median": 4.123105525970459,
  "hd95_count": 733,
  "fpr": 0.14962593516209477,
  "fnr": 0.020053475935828877
}