{
  "selected_threshold": 0.5,
  "dice": 0.8319127413240027,
  "hd95_median": 4.123105525970459,
  "fnr": 0.014705882352941176,
  "fpr": 0.18079800498753118
}