{
  "selected_threshold": 0.5,
  "dice": 0.7543224280260256,
  "hd95_median": 5.0,
  "fnr": 0.12361331220285261,
  "fpr": 0.058759521218716
}