{
  "thresholds": [
    0.5,
    0.55,
    0.6,
    0.65,
    0.7
  ],
  "val_dice_by_threshold": {
    "0.50": 0.7668229253679321,
    "0.55": 0.766615277494554,
    "0.60": 0.7662873628359397,
    "0.65": 0.7655207646655033,
    "0.70": 0.7650000422132054
  },
  "best_threshold": 0.5,
  "best_val_dice": 0.7668229253679321
}