{
  "train_loss": [
    0.4382160369818836,
    0.3267196127141409,
    0.3088058785356749,
    0.2836159125632694,
    0.3334308363428845,
    0.3235016573638017,
    0.3020964475618009,
    0.2875554060171309,
    0.2813320778185464,
    0.2750310177175312,
    0.27603458259917657,
    0.2635146248189789,
    0.25944964640690255,
    0.25766560297977037,
    0.25714488071557,
    0.25258511933612693,
    0.25003231177512036,
    0.24725112541197963,
    0.24495987009732437,
    0.23466169857591973,
    0.23540599200210194,
    0.23410576191652863,
    0.23021206662448218,
    0.23528889508322207,
    0.23250892334883919,
    0.2265728940599764,
    0.22620068714184852,
    0.22384718092160552,
    0.223045225768988,
    0.22129952243928802
  ],
  "train_dice": [
    0.6834923693639612,
    0.7233661592512465,
    0.7367786820270749,
    0.757620650942953,
    0.7249131680847791,
    0.7334450523798177,
    0.7481312762648967,
    0.7581549798080607,
    0.7630062597210984,
    0.7663999677695943,
    0.7649012381046593,
    0.7747326853038393,
    0.7777490599331471,
    0.778189188120862,
    0.7792359099737769,
    0.7814501069196271,
    0.7838784784206606,
    0.7856691984997944,
    0.7873258064289403,
    0.7963304303772006,
    0.7954188865699038,
    0.7960023756435375,
    0.799931381741788,
    0.7948162150366013,
    0.7971169338201901,
    0.8016288948964247,
    0.8014362884346158,
    0.8038156225692674,
    0.8045732462542419,
    0.8066846949268035
  ],
  "train_fpr": [
    0.44155661702725485,
    0.3640960809102402,
    0.32940019665683384,
    0.3121663388592301,
    0.15889294745715088,
    0.07754987355998876,
    0.07347569542006181,
    0.07586400674346727,
    0.0817645406012925,
    0.06518685023883113,
    0.060691205394773816,
    0.06798707683663435,
    0.06687271705535262,
    0.06139364990165777,
    0.0512784490025288,
    0.06111267209890418,
    0.07459960663107615,
    0.0620873718218851,
    0.062377072211295306,
    0.08091024020227561,
    0.08597920764259623,
    0.06532733914020793,
    0.06419440932715269,
    0.05843517347942127,
    0.05914582747962911,
    0.06055071649339702,
    0.058583871874121944,
    0.060972183197527396,
    0.05535262714245574,
    0.06153413880303456
  ],
  "train_fnr": [
    0.03351003407800076,
    0.031622798712365084,
    0.03294830524521871,
    0.029155622870124954,
    0.08727754638394547,
    0.10715638015903067,
    0.10204468004543733,
    0.09541840212040893,
    0.09314653540325635,
    0.09371450208254449,
    0.09996213555471413,
    0.09221738307138799,
    0.08670957970465733,
    0.09257856872396819,
    0.09466111321469141,
    0.08992805755395683,
    0.08121923513820523,
    0.08918765385343685,
    0.08595229079893979,
    0.07441772391592501,
    0.07535024611889436,
    0.07951533510034078,
    0.0776368112099981,
    0.08540049233099792,
    0.08424839076107535,
    0.07951533510034078,
    0.07762211283604695,
    0.0747822794396062,
    0.0770541461567588,
    0.0747822794396062
  ],
  "val_loss": [
    0.29706431457525706,
    0.4710319285494996,
    0.2707623497893413,
    0.3287909678198566,
    0.3793852751272878,
    0.3643917015672309,
    0.3720763413790119,
    0.38187689493895544,
    0.47990255044550184,
    0.3145548553088481,
    0.29059562002365935,
    0.2759382619061372,
    0.28798527341384234,
    0.2930790779292342,
    0.2940055760901578,
    0.3383928047565436,
    0.35346840445892613,
    0.3276081637759666,
    0.31971650742126995,
    0.3131573816887962,
    0.279438596324314,
    0.29747673090921056,
    0.32217966187082253,
    0.2895337483637686,
    0.3029851679928287,
    0.40428124360354395,
    0.27459975796176006,
    0.27462681649933934,
    0.2666863333373587,
    0.2680525159535622
  ],
  "val_dice": [
    0.7468228447929169,
    0.5677150534850193,
    0.7638532076314285,
    0.7109697319832434,
    0.6787341200071463,
    0.702893530173848,
    0.6919008400351484,
    0.6905033066868782,
    0.6238616669134608,
    0.7292913294557036,
    0.7508652951917988,
    0.7605833617855816,
    0.7493119874914873,
    0.7446916740158614,
    0.7456190171365213,
    0.7113297031619692,
    0.7059047580681572,
    0.7232054210837605,
    0.7309072822043039,
    0.735937797015346,
    0.7587070959382073,
    0.7431501997122391,
    0.7258214862311928,
    0.7513476419217379,
    0.7393904439502164,
    0.6673016729357751,
    0.7611161625935036,
    0.7624887904351197,
    0.7668229253679321,
    0.7637571087257762
  ],
  "val_fpr": [
    0.23068669527896996,
    0.0407725321888412,
    0.17167381974248927,
    0.03862660944206009,
    0.2317596566523605,
    0.0203862660944206,
    0.003218884120171674,
    0.001072961373390558,
    0.0,
    0.0203862660944206,
    0.03755364806866953,
    0.07725321888412018,
    0.006437768240343348,
    0.027896995708154508,
    0.003218884120171674,
    0.006437768240343348,
    0.009656652360515022,
    0.003218884120171674,
    0.008583690987124463,
    0.030042918454935622,
    0.03969957081545064,
    0.03111587982832618,
    0.003218884120171674,
    0.02575107296137339,
    0.012875536480686695,
    0.002145922746781116,
    0.016094420600858368,
    0.018240343347639486,
    0.008583690987124463,
    0.01072961373390558
  ],
  "val_fnr": [
    0.042071197411003236,
    0.20064724919093851,
    0.040453074433656956,
    0.0825242718446602,
    0.06310679611650485,
    0.15210355987055016,
    0.18284789644012944,
    0.18770226537216828,
    0.2766990291262136,
    0.1423948220064725,
    0.11165048543689321,
    0.09061488673139159,
    0.13592233009708737,
    0.127831715210356,
    0.127831715210356,
    0.156957928802589,
    0.15210355987055016,
    0.15372168284789645,
    0.13754045307443366,
    0.12135922330097088,
    0.10194174757281553,
    0.11650485436893204,
    0.15048543689320387,
    0.11974110032362459,
    0.14724919093851133,
    0.20711974110032363,
    0.11165048543689321,
    0.10194174757281553,
    0.10841423948220065,
    0.11003236245954692
  ],
  "train_bce_loss": [
    0.053685131439713804,
    0.03372382362024666,
    0.03202228839886585,
    0.029157639675845223,
    0.050553020795861284,
    0.04973641533713876,
    0.043117087029999904,
    0.03866677825492322,
    0.037222390808973944,
    0.03481138597239956,
    0.03436754886900457,
    0.031676828105286485,
    0.03079074642451537,
    0.02971094752079058,
    0.030700141482799655,
    0.02821910632418398,
    0.027984738613997924,
    0.02700588935362972,
    0.026609643261287865,
    0.024899310422823836,
    0.025117909498898226,
    0.024644960800296618,
    0.024722171651747567,
    0.02474306597805382,
    0.024294759514794054,
    0.022881763647176874,
    0.022508783161489677,
    0.02235525380481171,
    0.022580228717731646,
    0.02284731021477161
  ],
  "val_bce_loss": [
    0.02160175038288004,
    0.04423805358082178,
    0.019148003270312342,
    0.032973772575562624,
    0.05019567940566119,
    0.06067443220604145,
    0.055775933561230256,
    0.06350122513989828,
    0.0990319716776902,
    0.03804643979022192,
    0.03379914862121467,
    0.029238249348743268,
    0.029677212853919003,
    0.032258138387493376,
    0.03437238274521532,
    0.04535786588636715,
    0.05336471894557413,
    0.045967445726612655,
    0.045335121131630185,
    0.041488993442894265,
    0.034136623567521035,
    0.03581870939642112,
    0.04325810534863365,
    0.03737776938282951,
    0.037159533375106725,
    0.06756232946023834,
    0.03031726167661599,
    0.03334246279905749,
    0.027896647855057757,
    0.028017897137386488
  ],