{
  "dice": 0.7543224280260256,
  "hd95_mean": 14.30290699005127,
  "hd95_median": 5.0,
  "hd95_count": 553,
  "fpr": 0.058759521218716,
  "fnr": 0.12361331220285261,
  "selected_threshold": 0.5
}