{
  "dice": 0.7543224280260256,
  "hd95_mean": 14.143781661987305,
  "hd95_median": 5.0,
  "hd95_count": 553,
  "fpr": 0.05767138193688792,
  "fnr": 0.12361331220285261
}