{
  "dice": 0.8305301629799478,
  "hd95_mean": 9.365872383117676,
  "hd95_median": 6.898683071136475,
  "hd95_count": 363,
  "fpr": 0.07518796992481203,
  "fnr": 0.034574468085106384
}