{
  "train_loss": [
    0.6346985692445013,
    0.45525054905778156,
    0.4199638745161065,
    0.3938152712597366,
    0.3818563545340267,
    0.3689684482413021,
    0.3525387954963724,
    0.34329187205463796,
    0.33203440650790494,
    0.3275525793965991,
    0.3216987758549326,
    0.3119180456498222,
    0.30960442949798067,
    0.30363880567451357,
    0.30279711430016104,
    0.30003551266162976,
    0.2936646426780825,
    0.2908030847324383,
    0.28577567486342287,
    0.2826908612400524,
    0.27963672632334957,
    0.27474950122152153,
    0.27482019985907546,
    0.26902618797609,
    0.2686006844040851,
    0.2679236211245545,
    0.26540584917117577,
    0.26074768943984994,
    0.25770192555752003,
    0.3016676884504685
  ],
  "train_dice": [
    0.6203960714276883,
    0.6884108673812477,
    0.7112687757553926,
    0.7292738646572325,
    0.7362890688335841,
    0.74540108254827,
    0.758399610147089,
    0.7634447413900954,
    0.7714680245983301,
    0.7726922304800431,
    0.7773298188031644,
    0.7827410476960383,
    0.7859474039281454,
    0.7891145611601617,
    0.7902415502272118,
    0.7923059352469469,
    0.7977388938192036,
    0.7976622292357934,
    0.8014950366934835,
    0.804175344684391,
    0.8059361736449637,
    0.8096109322392528,
    0.8089421139961627,
    0.8144387063783801,
    0.8138263467612855,
    0.8135207483007104,
    0.8164620210516734,
    0.818804043943835,
    0.82200078600978,
    0.8042250005215009
  ],
  "train_fpr": [
    0.3784084585420145,
    0.2900083495686056,
    0.24770386863345395,
    0.23323128305037574,
    0.21814134668892599,
    0.209852490954634,
    0.20923761825264328,
    0.20873921514055108,
    0.19560378408458542,
    0.18118563874199833,
    0.19393433500278243,
    0.1911519198664441,
    0.19588202559821927,
    0.19899805176732535,
    0.19259671583634846,
    0.1722794322293348,
    0.17946577629382304,
    0.18619537990537155,
    0.18563874199833008,
    0.15692821368948248,
    0.159476760367381,
    0.17529215358931552,
    0.1714444753687726,
    0.1775674923462288,
    0.1547022815804118,
    0.17561925967158362,
    0.16026711185308848,
    0.18675201781241302,
    0.15725020873921514,
    0.10489705063995548
  ],
  "train_fnr": [
    0.05568445475638051,
    0.04599922690374952,
    0.0467723231542327,
    0.040587553150367224,
    0.0460170146945089,
    0.04445303440278315,
    0.03905645784996133,
    0.04020100502512563,
    0.04176334106728538,
    0.04483958252802474,
    0.03944315545243619,
    0.04408352668213457,
    0.037122969837587005,
    0.03749516814843448,
    0.038268264398917666,
    0.04136064940085041,
    0.03982985305491106,
    0.03594897564746811,
    0.03440278314650174,
    0.04137664346481052,
    0.03981445689988403,
    0.04021655065738593,
    0.03478933127174333,
    0.031696946269810594,
    0.035189481825212685,
    0.035175879396984924,
    0.031322505800464036,
    0.034016235021260145,
    0.031696946269810594,
    0.05645784996133024
  ],
  "val_loss": [
    0.8609532763023634,
    0.4477847885441136,
    0.4657180495358802,
    0.467479467311421,
    0.48613729557475527,
    0.5410721351166029,
    0.4401007951916875,
    0.44373568248104406,
    0.4977550715610788,
    0.4885407670124157,
    0.40538120889985885,
    0.4439778754437292,
    0.40078642674394555,
    0.4974738659085454,
    0.42564946670789977,
    0.4323784958671879,
    0.4086261202757423,
    0.44739751618456197,
    0.3955737001992561,
    0.4195297233156256,
    0.4525669760800697,
    0.4506692671695271,
    0.41564919948577883,
    0.4269276828379244,
    0.42218391496587443,
    0.41672238272589607,
    0.4566957239363645,
    0.42319821791874396,
    0.5336457767196604,
    0.7301137599187928
  ],
  "val_dice": [
    0.43444136545640993,
    0.7277724791242666,
    0.7037209993177974,
    0.7087860572680428,
    0.6990036049001925,
    0.657874151651521,
    0.7240253130930501,
    0.7287112280726433,
    0.6997016725910676,
    0.6981858017879563,
    0.7494820711177749,
    0.7288072865355659,
    0.7528776369082767,
    0.6968401579488371,
    0.747293593110265,
    0.7452770449825236,
    0.7543642706766321,
    0.7326000504598424,
    0.7524179754023617,
    0.7417615540929743,
    0.7313908965805093,
    0.7280322660868233,
    0.7465670704036146,
    0.7463486684335244,
    0.7498788953934973,
    0.7497708853837606,
    0.7325118460616953,
    0.7463253025343088,
    0.6932182377682545,
    0.737723070302525
  ],
  "val_fpr": [
    0.07407407407407407,
    0.30617283950617286,
    0.13333333333333333,
    0.11604938271604938,
    0.10617283950617284,
    0.08395061728395062,
    0.2345679012345679,
    0.13333333333333333,
    0.08641975308641975,
    0.09876543209876543,
    0.12345679012345678,
    0.15308641975308643,
    0.145679012345679,
    0.03209876543209877,
    0.1037037037037037,
    0.1654320987654321,
    0.1580246913580247,
    0.19012345679012346,
    0.10617283950617284,
    0.11851851851851852,
    0.10617283950617284,
    0.10123456790123457,
    0.2222222222222222,
    0.1654320987654321,
    0.15308641975308643,
    0.12839506172839507,
    0.08888888888888889,
    0.19506172839506172,
    0.19506172839506172,
    0.04197530864197531
  ],
  "val_fnr": [
    0.12972972972972974,
    0.021621621621621623,
    0.043243243243243246,
    0.03783783783783784,
    0.04864864864864865,
    0.07027027027027027,
    0.01891891891891892,
    0.032432432432432434,
    0.05945945945945946,
    0.04864864864864865,
    0.02972972972972973,
    0.03513513513513514,
    0.01891891891891892,
    0.11351351351351352,
    0.043243243243243246,
    0.016216216216216217,
    0.021621621621621623,
    0.03513513513513514,
    0.032432432432432434,
    0.03783783783783784,
    0.03513513513513514,
    0.07027027027027027,
    0.024324324324324326,
    0.032432432432432434,
    0.03513513513513514,
    0.04864864864864865,
    0.06756756756756757,
    0.024324324324324326,
    0.12972972972972974,
    0.11081081081081082
  ]
}