{
  "train_loss": [
    0.9575182851928395,
    0.7449834426195013,
    0.6549112581393177,
    0.5854807455163534,
    0.5300207122654673,
    0.502588201643526,
    0.4813507346034539,
    0.4496090609687271,
    0.4413768382600255,
    0.4292099538196518,
    0.417976369407169,
    0.40397662307380094,
    0.4006198230236852,
    0.3929121341864031,
    0.3829916869204213,
    0.3707379187618243,
    0.366236907444754,
    0.35883724017778307,
    0.356783811831661,
    0.3530389293014125,
    0.3408300880222551,
    0.3402155331465684,
    0.3352015104631746,
    0.3274841210220524,
    0.32578313982511176,
    0.3235149169085454,
    0.31419064788835144,
    0.3122696289655468,
    0.30339523165467824,
    0.30093951453493867
  ],
  "train_dice": [
    0.6198831792063852,
    0.6804325254419827,
    0.7007330631097557,
    0.7117615720186471,
    0.7236091411817449,
    0.7286369916091053,
    0.736144795150149,
    0.7404841855013324,
    0.7477208406340734,
    0.7510115869830215,
    0.756826565985582,
    0.7605953853012642,
    0.763473852784339,
    0.7650874892915505,
    0.7683628878229543,
    0.7740614015168632,
    0.7755473724234889,
    0.7788148948798762,
    0.7804975448177655,
    0.7849000010650891,
    0.7865433465276465,
    0.787132140767467,
    0.79173668921421,
    0.7928699801971019,
    0.7968779818976095,
    0.7989030052118841,
    0.8009436916575217,
    0.8019010645964131,
    0.8060942031769595,
    0.8075114685915995
  ],
  "train_fpr": [
    0.5741082847804462,
    0.4489128890152053,
    0.4001705272133011,
    0.3948564933219665,
    0.38368622992752593,
    0.3765274225632282,
    0.38070200369475626,
    0.37112816140949134,
    0.3573966178769362,
    0.35427028563308227,
    0.34844393917862726,
    0.33892283643598126,
    0.3427596987352565,
    0.3349438681256217,
    0.3417649566576666,
    0.3303964757709251,
    0.33991757851357113,
    0.333522808014779,
    0.33835441239164415,
    0.338780730424897,
    0.3416228506465824,
    0.3235753872388802,
    0.3149069205627398,
    0.3249964473497229,
    0.32385959926104874,
    0.3124911183743072,
    0.3126332243853915,
    0.3139121784851499,
    0.3035384396759983,
    0.3059542418644309
  ],
  "train_fnr": [
    0.01473056125303002,
    0.02051090807383927,
    0.017900428864441546,
    0.013614323013800821,
    0.009882528435577102,
    0.009511376352107423,
    0.011374230840947231,
    0.01063036180529653,
    0.011001305239604698,
    0.0104419168375909,
    0.009136677232892038,
    0.010255454036919635,
    0.009509602834234571,
    0.009509602834234571,
    0.012493007644974827,
    0.009509602834234571,
    0.009882528435577102,
    0.008390826030206973,
    0.007272049226179377,
    0.008763751631549506,
    0.008017900428864442,
    0.009696065634905836,
    0.007831437628193175,
    0.007458512026850644,
    0.008763751631549506,
    0.009323140033563304,
    0.008017900428864442,
    0.010255454036919635,
    0.007458512026850644,
    0.008017900428864442
  ],
  "val_loss": [
    1.9478715801978634,
    1.2526576043045434,
    1.9314947602522634,
    1.1928273723290785,
    1.1102762757100328,
    1.2277539916499687,
    1.5773499366684551,
    1.6086533990872167,
    2.1756063148488094,
    1.5554923150443682,
    1.5164707743447192,
    1.5029921962832011,
    1.749460978708128,
    1.419146346795733,
    1.4019254314638403,
    1.6921791296588244,
    1.988381552380802,
    0.9480947491026273,
    1.8133547417547582,
    1.7791882393786507,
    1.6795551373466957,
    2.0990904571474904,
    1.9229563324338328,
    1.882115076308268,
    1.9024063204435537,
    2.1165023737036397,
    1.3180077288707677,
    1.7381294494127706,
    1.79408830137801,
    2.6232402416258833
  ],
  "val_dice": [
    0.6721989772506874,
    0.6784230021610312,
    0.7422460604159936,
    0.7238868209594576,
    0.7395385464177514,
    0.7422862857036346,
    0.7813717755523041,
    0.788242466736884,
    0.7752227350253693,
    0.795861776118731,
    0.7858455885935874,
    0.7648343869586931,
    0.7800878373810844,
    0.8058499393454434,
    0.78194620402625,
    0.7891162668701506,
    0.7940270664048021,
    0.7884338365636603,
    0.7922303485935622,
    0.7824094401441352,
    0.789036604642433,
    0.7779863406326214,
    0.78887510227896,
    0.7699423536930206,
    0.7824598133237692,
    0.7826384083197935,
    0.7898709661769171,
    0.790513539858108,
    0.780181511562236,
    0.7809328910425631
  ],
  "val_fpr": [
    0.26011560693641617,
    0.3236994219653179,
    0.22196531791907514,
    0.42658959537572255,
    0.32716763005780347,
    0.4208092485549133,
    0.26011560693641617,
    0.2682080924855491,
    0.17572254335260115,
    0.2208092485549133,
    0.20809248554913296,
    0.1838150289017341,
    0.2208092485549133,
    0.23121387283236994,
    0.24739884393063583,
    0.27630057803468205,
    0.1907514450867052,
    0.26936416184971096,
    0.24277456647398843,
    0.19537572254335261,
    0.3017341040462428,
    0.223121387283237,
    0.21965317919075145,
    0.21040462427745665,
    0.2705202312138728,
    0.23468208092485549,
    0.34566473988439306,
    0.2947976878612717,
    0.30289017341040464,
    0.18497109826589594
  ],
  "val_fnr": [
    0.05547445255474453,
    0.035036496350364967,
    0.0364963503649635,
    0.010218978102189781,
    0.017518248175182483,
    0.01167883211678832,
    0.02335766423357664,
    0.026277372262773723,
    0.051094890510948905,
    0.030656934306569343,
    0.0364963503649635,
    0.03941605839416058,
    0.035036496350364967,
    0.030656934306569343,
    0.027737226277372264,
    0.026277372262773723,
    0.0364963503649635,
    0.026277372262773723,
    0.027737226277372264,
    0.03795620437956204,
    0.014598540145985401,
    0.026277372262773723,
    0.032116788321167884,
    0.043795620437956206,
    0.021897810218978103,
    0.03941605839416058,
    0.01897810218978102,
    0.021897810218978103,
    0.021897810218978103,
    0.035036496350364967
  ],
  "train_bce_loss": [
    0.5031691826346851,
    0.3938470436299611,
    0.327188838652684,
    0.2705919748037207,
    0.22822137716725197,
    0.2065204638380822,
    0.19356457535210464,
    0.1676304689485412,
    0.1670717366924796,
    0.1590547467308939,
    0.15335036859372306,
    0.14427148646047455,
    0.1438993994723257,
    0.13864095655577555,
    0.13235968537285678,
    0.12564305663978848,
    0.12333631380538868,
    0.12022370753922514,
    0.11971122365226612,
    0.12074926072931667,
    0.11082546724033972,
    0.1106267635027718,
    0.11047527587872902,
    0.10457743325006494,
    0.10631915743359371,
    0.10674602378637058,
    0.10023436923900318,
    0.09924459538302094,
    0.09451755381259791,
    0.09414094997271749
  ],
  "val_bce_loss": [
    1.593690346613744,
    0.9135342595894841,
    1.6473214338404418,
    0.8881464991963258,
    0.8249631570896855,
    0.9419497356274212,
    1.335206898190353,
    1.3753902998664518,
    1.9325089906471489,
    1.3280494151487403,
    1.281611674828251,
    1.2538263757543189,
    1.5150200754648795,
    1.2117379565648463,
    1.1702596218644703,
    1.4657759823809193,
    1.7669445933121508,
    0.7191257024598546,
    1.5925702097479009,
    1.5511301026903908,
    1.4537182021573403,
    1.8649841704235894,
    1.6972284313604018,
    1.6450908889497773,
    1.6731093561140833,
    1.8866328160988888,
    1.094583512117991,
    1.512745745693517,
    1.5638635788235242,
    2.394863113456399
  ],