{
  "dice": 0.6970355590980934,
  "hd95_mean": 14.467881202697754,
  "hd95_median": 8.602325439453125,
  "hd95_count": 661,
  "fpr": 0.18116805721096543,
  "fnr": 0.07032348804500703
}