{
  "thresholds": [
    0.5,
    0.55,
    0.6,
    0.65,
    0.7
  ],
  "val_dice_by_threshold": {
    "0.50": 0.8058499393454434,
    "0.55": 0.8058490839535303,
    "0.60": 0.8059252355220544,
    "0.65": 0.8056992978510196,
    "0.70": 0.805083395034945
  },
  "best_threshold": 0.6,
  "best_val_dice": 0.8059252355220544
}