{
  "dice": 0.6970355590980934,
  "hd95_mean": 15.136232376098633,
  "hd95_median": 9.230266571044922,
  "hd95_count": 672,
  "fpr": 0.22407628128724671,
  "fnr": 0.05485232067510549,
  "selected_threshold": 0.5
}