{
  "selected_threshold": 0.6,
  "dice": 0.6971041174440444,
  "hd95_median": 9.063343048095703,
  "fnr": 0.06047819971870605,
  "fpr": 0.2061978545887962
}