{
  "dice": 0.6863167390185402,
  "hd95_mean": 14.68741226196289,
  "hd95_median": 8.5440034866333,
  "hd95_count": 645,
  "fpr": 0.16686531585220502,
  "fnr": 0.09282700421940929,
  "selected_threshold": 0.5
}