{
  "thresholds": [
    0.5,
    0.55,
    0.6,
    0.65,
    0.7
  ],
  "val_dice_by_threshold": {
    "0.50": 0.7669267502742527,
    "0.55": 0.7667474654849863,
    "0.60": 0.7666159856004001,
    "0.65": 0.7664910455689813,
    "0.70": 0.7663488947942744
  },
  "best_threshold": 0.5,
  "best_val_dice": 0.7669267502742527
}