{
  "dice": 0.6863167390185402,
  "hd95_mean": 14.691073417663574,
  "hd95_median": 8.56441593170166,
  "hd95_count": 645,
  "fpr": 0.16686531585220502,
  "fnr": 0.09282700421940929
}