{
  "train_loss": [
    0.35635169853186976,
    0.27455651244409446,
    0.26392990508542763,
    0.2588301107395769,
    0.25098543644440524,
    0.24314930843324464,
    0.23695340889860128,
    0.23221205441382267,
    0.22729679304740333,
    0.22379517965345225,
    0.22048558999681658,
    0.22025955335742253,
    0.21355692274019653,
    0.21268272806676536,
    0.21237036349034408,
    0.20740043249916382,
    0.20465246548120064,
    0.2013446495934429,
    0.20275406832573198,
    0.20363237897606898,
    0.19936445733848712,
    0.19839476380978593,
    0.1950903687485114,
    0.19905986727873337,
    0.19554414412167542,
    0.19415664033793745,
    0.1931836449364195,
    0.18816370690149054,
    0.19061791303329853,
    0.18738094904119124
  ],
  "train_dice": [
    0.6815907387762528,
    0.7261422303514663,
    0.7366873626261199,
    0.7413657250432616,
    0.7490969870452874,
    0.7569257682241443,
    0.7631322092295204,
    0.7678586641974201,
    0.7727590251844494,
    0.7762599498201623,
    0.7795535304327725,
    0.7797511210817925,
    0.7864659873033424,
    0.787369750038669,
    0.7876972350719531,
    0.792636533514435,
    0.795381880078257,
    0.7987138281841857,
    0.7972841239042001,
    0.7963981068832983,
    0.8006729127489463,
    0.8016303216717421,
    0.8049375230309963,
    0.8009672836033631,
    0.8044806086034022,
    0.8058276032318182,
    0.8068552001192054,
    0.8118642656659639,
    0.80941954061928,
    0.8126640814830068
  ],
  "train_fpr": [
    0.4742077589882052,
    0.44337075458291886,
    0.3534176495665767,
    0.2701435270711951,
    0.2377095765842569,
    0.2172800909478471,
    0.21870115105868979,
    0.23973284069916156,
    0.22310643740230213,
    0.220406423191701,
    0.23291175216711668,
    0.20775898820520108,
    0.21259059258206622,
    0.2036379138837573,
    0.20687695368002273,
    0.18797953964194372,
    0.19567997726303824,
    0.21159585050447635,
    0.17365354554497656,
    0.18232201222111696,
    0.18644308654256075,
    0.19113258490834162,
    0.20747477618303253,
    0.1880062526644877,
    0.20534318601676851,
    0.17351143953389228,
    0.18459570839846526,
    0.1656720659278204,
    0.19596418928520676,
    0.16768509307943727
  ],
  "train_fnr": [
    0.02759649449934738,
    0.022002610479209397,
    0.039343650941637144,
    0.050158493380570573,
    0.05557627750839239,
    0.05836285661010628,
    0.05836285661010628,
    0.05612530300205109,
    0.052955435390639564,
    0.05854931941077755,
    0.0538877493939959,
    0.0533283609919821,
    0.046988625769159055,
    0.05146373298526944,
    0.051100335695635955,
    0.04979485266691533,
    0.04792093977251538,
    0.03915718814096588,
    0.05071788178258437,
    0.051090807383926906,
    0.046802162968487784,
    0.04642923736714526,
    0.04195413015103487,
    0.04400522095841879,
    0.037479022934924486,
    0.04139474174902107,
    0.03953011374230841,
    0.037486012681835136,
    0.03841133693828081,
    0.04046242774566474
  ],
  "val_loss": [
    0.33043996026046085,
    0.32043903117632344,
    0.43556468069118304,
    0.31537239473231515,
    0.2948540186359935,
    0.3070106689947365,
    0.2727388111344219,
    0.31170078394186757,
    0.26037310048611495,
    0.2724270819747535,
    0.3019192480692898,
    0.25722996031280854,
    0.26737713874691593,
    0.26424079411221246,
    0.24750759775621178,
    0.25227667676271315,
    0.280298483806805,
    0.2709105569080715,
    0.2803032746280197,
    0.2651493301356796,
    0.24207036199360868,
    0.23316002283653203,
    0.2466358089969106,
    0.25885708732326534,
    0.24942655380624923,
    0.24963670046660152,
    0.2703494488757892,
    0.23738297311058879,
    0.2595595134435779,
    0.2666310333857571
  ],
  "val_dice": [
    0.6699381584233611,
    0.679773672871346,
    0.5647497104576035,
    0.6848594203754498,
    0.7052080739751785,
    0.6931028835801748,
    0.7274387373323858,
    0.6884146352210184,
    0.7396613429280093,
    0.7275858727249785,
    0.6981646557358929,
    0.7427434121605253,
    0.7326454945289306,
    0.7358274666062237,
    0.7525063385493564,
    0.7477926235564434,
    0.7196468948447792,
    0.7291570223160904,
    0.7197849850258689,
    0.7349195011775859,
    0.7579153877322691,
    0.7669267502742527,
    0.7533882450665871,
    0.7412483016504858,
    0.7506431140386275,
    0.7503544791336477,
    0.7296712690678826,
    0.7626793335171511,
    0.740416898888393,
    0.7333298335545254
  ],
  "val_fpr": [
    0.2751445086705202,
    0.3202312138728324,
    0.05202312138728324,
    0.10635838150289018,
    0.10173410404624278,
    0.08208092485549133,
    0.13179190751445086,
    0.1606936416184971,
    0.18497109826589594,
    0.11329479768786127,
    0.09826589595375723,
    0.09826589595375723,
    0.14335260115606938,
    0.11791907514450867,
    0.1283236994219653,
    0.09942196531791908,
    0.1676300578034682,
    0.11791907514450867,
    0.06705202312138728,
    0.058959537572254334,
    0.1260115606936416,
    0.16184971098265896,
    0.15838150289017341,
    0.08208092485549133,
    0.2023121387283237,
    0.13179190751445086,
    0.10635838150289018,
    0.15144508670520232,
    0.07976878612716763,
    0.07283236994219654
  ],
  "val_fnr": [
    0.049635036496350364,
    0.032116788321167884,
    0.15328467153284672,
    0.0905109489051095,
    0.10218978102189781,
    0.08905109489051095,
    0.07737226277372262,
    0.06277372262773723,
    0.05693430656934306,
    0.07883211678832117,
    0.07883211678832117,
    0.07153284671532846,
    0.061313868613138686,
    0.08759124087591241,
    0.07007299270072993,
    0.06423357664233577,
    0.05401459854014599,
    0.06277372262773723,
    0.13138686131386862,
    0.08321167883211679,
    0.061313868613138686,
    0.04671532846715328,
    0.058394160583941604,
    0.09781021897810219,
    0.043795620437956206,
    0.07153284671532846,
    0.08905109489051095,
    0.058394160583941604,
    0.08467153284671533,
    0.072992700729927
  ],
  "train_dice_loss": [
    0.35635169853186976,
    0.27455651244409446,
    0.26392990508542763,
    0.2588301107395769,
    0.25098543644440524,
    0.24314930843324464,
    0.23695340889860128,
    0.23221205441382267,
    0.22729679304740333,
    0.22379517965345225,
    0.22048558999681658,
    0.22025955335742253,
    0.21355692274019653,
    0.21268272806676536,
    0.21237036349034408,
    0.20740043249916382,
    0.20465246548120064,
    0.2013446495934429,
    0.20275406832573198,
    0.20363237897606898,
    0.19936445733848712,
    0.19839476380978593,
    0.1950903687485114,
    0.19905986727873337,
    0.19554414412167542,
    0.19415664033793745,
    0.1931836449364195,
    0.18816370690149054,
    0.19061791303329853,
    0.18738094904119124
  ],
  "val_dice_loss": [
    0.33043996026046085,
    0.32043903117632344,
    0.43556468069118304,
    0.31537239473231515,
    0.2948540186359935,
    0.3070106689947365,
    0.2727388111344219,
    0.31170078394186757,
    0.26037310048611495,
    0.2724270819747535,
    0.3019192480692898,
    0.25722996031280854,
    0.26737713874691593,
    0.26424079411221246,
    0.24750759775621178,
    0.25227667676271315,
    0.280298483806805,
    0.2709105569080715,
    0.2803032746280197,
    0.2651493301356796,
    0.24207036199360868,
    0.23316002283653203,
    0.2466358089969106,
    0.25885708732326534,
    0.24942655380624923,
    0.24963670046660152,
    0.2703494488757892,
    0.23738297311058879,
    0.2595595134435779,
    0.2666310333857571
  ]
}