{
  "selected_threshold": 0.5,
  "dice": 0.6863167390185402,
  "hd95_median": 8.5440034866333,
  "fnr": 0.09282700421940929,
  "fpr": 0.16686531585220502
}