{
  "thresholds": [
    0.5,
    0.55,
    0.6,
    0.65,
    0.7
  ],
  "val_dice_by_threshold": {
    "0.50": 0.7844688208386345,
    "0.55": 0.78478753706573,
    "0.60": 0.7851121204950319,
    "0.65": 0.7852632507623473,
    "0.70": 0.7855132563978943
  },
  "best_threshold": 0.7,
  "best_val_dice": 0.7855132563978943
}