{
  "train_loss": [
    1.3506302002562904,
    1.1484781341797616,
    1.0399783778632299,
    0.8264344182154447,
    0.7083506934856618,
    0.6472712316450029,
    0.6069945532638782,
    0.5876427477830005,
    0.5495515170035181,
    0.5346497502300165,
    0.5193708265557546,
    0.4958537370829175,
    0.4978383509165437,
    0.47543263278933207,
    0.46261449957094636,
    0.45339618540136906,
    0.43911140814239524,
    0.43716931549112614,
    0.41923523212116987,
    0.42316138154001415,
    0.4087807516873297,
    0.39428475646166233,
    0.39511539673685037,
    0.38897111942896,
    0.3801152573014918,
    0.3781130079687539,
    0.3721909945193047,
    0.3601812579137439,
    0.36428776662401346,
    0.3561455667261875
  ],
  "train_dice": [
    0.6411643516073651,
    0.6908150267186465,
    0.7121711434843776,
    0.7229028980129778,
    0.7375939635140983,
    0.7443968815299844,
    0.7505126263944857,
    0.7550020061885045,
    0.7608007717676247,
    0.7604085434470268,
    0.7642598476612528,
    0.7684572754896507,
    0.7686881846160151,
    0.7745143221797287,
    0.7759632941131275,
    0.7807013906487795,
    0.7828725098280199,
    0.7832951979065189,
    0.7886220073039506,
    0.7883444062745236,
    0.7922400110232274,
    0.7929268774595536,
    0.7961820964532534,
    0.7970711404509089,
    0.8002233832992526,
    0.8019199877456535,
    0.8039092451588487,
    0.8067254718689271,
    0.8066077673619391,
    0.8107945926078397
  ],
  "train_fpr": [
    0.44735383762815184,
    0.3778054862842893,
    0.3769742310889443,
    0.38002216680520917,
    0.35882515932391246,
    0.3510667775006927,
    0.3476032141867553,
    0.3553123701343676,
    0.34691050152396785,
    0.3480188417844278,
    0.34372402327514545,
    0.3380437794402882,
    0.35272928789138264,
    0.33748960931005817,
    0.342477140482128,
    0.3262224684859399,
    0.33194790800775836,
    0.35633139373787753,
    0.343031310612358,
    0.32418952618453867,
    0.328207259628706,
    0.3312551953449709,
    0.33859794957051814,
    0.3348573011914658,
    0.33513438625658076,
    0.31975616514269883,
    0.3064560820171793,
    0.3203103352729288,
    0.31352175117761155,
    0.3093654752008867
  ],
  "train_fnr": [
    0.021806252412196064,
    0.022964106522578156,
    0.018332690081049787,
    0.01949054419143188,
    0.01736781165573138,
    0.01775376302585874,
    0.016209957545349287,
    0.017757189731712024,
    0.014859127749903512,
    0.015245079120030876,
    0.01273639521420301,
    0.011771516788884601,
    0.01273639521420301,
    0.011771516788884601,
    0.014087225009648784,
    0.012931866435051148,
    0.010420686993438826,
    0.011578541103820918,
    0.008490930142802007,
    0.012543419529139328,
    0.010227711308375145,
    0.010420686993438826,
    0.010806638363566191,
    0.011964492473948282,
    0.011964492473948282,
    0.009069857197993053,
    0.00984175993824778,
    0.011578541103820918,
    0.010999614048629872,
    0.010999614048629872
  ],
  "val_loss": [
    0.9208081630390255,
    1.1987833738794014,
    1.1067929369983849,
    0.9551303304540806,
    0.8156553579871132,
    1.8016127486768951,
    1.140176929257534,
    1.3820220615895216,
    1.9955322902087134,
    0.9884659637009826,
    0.794956704808606,
    1.5587289833551288,
    1.8562748245470375,
    2.8285344476755867,
    1.6092980190198816,
    0.9760925462442925,
    1.1885789529210822,
    1.119959541142751,
    1.2228063925187982,
    2.1360997536944017,
    1.933549841117655,
    1.3146414185988258,
    1.6798095818067718,
    2.015480757481352,
    1.695685131098555,
    2.00776141721681,
    1.5782174414442984,
    1.6201862002539837,
    1.1787326103049804,
    1.673991670646304
  ],
  "val_dice": [
    0.7221580328276525,
    0.7009266934760892,
    0.7568952347844456,
    0.7449418025295598,
    0.73657313862184,
    0.7426576117303042,
    0.7637103003531992,
    0.7640673530916883,
    0.739635634206851,
    0.7504162958947851,
    0.760142900626788,
    0.7778399498805542,
    0.767975494025429,
    0.7100758846063814,
    0.7388316655075151,
    0.7641165636034093,
    0.7664862484604842,
    0.7521663618451807,
    0.7360151634854065,
    0.7258025463511292,
    0.7557296400008845,
    0.7828686973756641,
    0.7594361026476846,
    0.7410935511032486,
    0.7598546635110112,
    0.7651242201350512,
    0.764096548800699,
    0.7606037491587577,
    0.7798031084637485,
    0.7844688208386345
  ],
  "val_fpr": [
    0.2841981132075472,
    0.24764150943396226,
    0.29245283018867924,
    0.30778301886792453,
    0.31721698113207547,
    0.2606132075471698,
    0.21462264150943397,
    0.19693396226415094,
    0.1804245283018868,
    0.3018867924528302,
    0.36556603773584906,
    0.3125,
    0.2983490566037736,
    0.22523584905660377,
    0.267688679245283,
    0.27476415094339623,
    0.27004716981132076,
    0.31485849056603776,
    0.2936320754716981,
    0.25943396226415094,
    0.27122641509433965,
    0.27476415094339623,
    0.2606132075471698,
    0.18867924528301888,
    0.25943396226415094,
    0.22287735849056603,
    0.18985849056603774,
    0.22169811320754718,
    0.3125,
    0.27712264150943394
  ],
  "val_fnr": [
    0.038461538461538464,
    0.045584045584045586,
    0.024216524216524215,
    0.027065527065527065,
    0.017094017094017096,
    0.03276353276353276,
    0.02849002849002849,
    0.027065527065527065,
    0.03418803418803419,
    0.01566951566951567,
    0.01282051282051282,
    0.017094017094017096,
    0.021367521367521368,
    0.039886039886039885,
    0.03276353276353276,
    0.021367521367521368,
    0.017094017094017096,
    0.019943019943019943,
    0.018518518518518517,
    0.037037037037037035,
    0.024216524216524215,
    0.01566951566951567,
    0.01566951566951567,
    0.03561253561253561,
    0.01566951566951567,
    0.037037037037037035,
    0.04415954415954416,
    0.022792022792022793,
    0.009971509971509971,
    0.018518518518518517
  ],
  "train_bce_loss": [
    0.9109057439050833,
    0.8053668505874858,
    0.7218327504613345,
    0.5250865841914412,
    0.42212344810144853,
    0.3690509025335211,
    0.3365549127791804,
    0.3218344776975029,
    0.29043376941135207,
    0.27629892026691666,
    0.2655627064208548,
    0.24579463410734897,
    0.24878754267356362,
    0.23236623158896236,
    0.22175809083195006,
    0.21773109706932328,
    0.20522999640938167,
    0.205078112464404,
    0.19237724261648678,
    0.19592443906913454,
    0.18577063925637885,
    0.17291817330626433,
    0.17667429149112657,
    0.1719360153585013,
    0.16633294163281132,
    0.16624244905977062,
    0.1625074780881671,
    0.1533849118691691,
    0.15768870225558845,
    0.15394277466737477
  ],
  "val_bce_loss": [
    0.6039137017416988,
    0.879270414151835,
    0.8293748056500131,
    0.6800299026257759,
    0.5322741618339487,
    1.5336113690147892,
    0.8770591715613428,
    1.131447408160598,
    1.7234493685737677,
    0.7182302154491833,
    0.5394633520909312,
    1.3190152198049714,
    1.611836234266814,
    2.5344139354826187,
    1.3405261736375114,
    0.7231731291109447,
    0.9422768094882693,
    0.8611996818799525,
    0.947130580804844,
    1.8545512377786613,
    1.682602827312515,
    1.0860648804955833,
    1.4288251798029823,
    1.7504512504100709,
    1.4469492179908765,
    1.7655911032472633,
    1.3354394479304488,
    1.374885172883322,
    0.9447748368394367,
    1.4471100089791964
  ],