{
  "dice": 0.7495054007808446,
  "hd95_mean": 14.795823097229004,
  "hd95_median": 5.723624229431152,
  "hd95_count": 735,
  "fpr": 0.21032745591939547,
  "fnr": 0.027777777777777776,
  "selected_threshold": 0.5
}