{
  "selected_threshold": 0.7,
  "dice": 0.7510128702288346,
  "hd95_median": 5.049509525299072,
  "fnr": 0.03042328042328042,
  "fpr": 0.18261964735516373
}