{
  "dice": 0.7495054007808446,
  "hd95_mean": 14.459085464477539,
  "hd95_median": 5.049509525299072,
  "hd95_count": 733,
  "fpr": 0.18261964735516373,
  "fnr": 0.03042328042328042
}