{
  "selected_threshold": 0.5,
  "dice": 0.75569667435722,
  "hd95_median": 5.0693135261535645,
  "fnr": 0.07290015847860538,
  "fpr": 0.16430903155603918
}