{
  "train_loss": [
    0.3767003235864811,
    0.28943459942953825,
    0.2715990446300539,
    0.26511800031867816,
    0.2570769244728103,
    0.2492257808812953,
    0.2506051855256999,
    0.2392200399126712,
    0.240930817031084,
    0.2369370524154744,
    0.2313316747153986,
    0.2289959711700802,
    0.2273930367061199,
    0.22314656692578547,
    0.2216315906930719,
    0.21755240014085983,
    0.21792065510466352,
    0.21511552633773373,
    0.2135260401350763,
    0.21832618754905808,
    0.2070950532063351,
    0.20800557432414815,
    0.20658783449317777,
    0.20752799812251535,
    0.20488904511915018,
    0.2064416015387394,
    0.20400103596023247,
    0.20228139786998325,
    0.2022302258852146,
    0.199300872460318
  ],
  "train_dice": [
    0.6525488909277357,
    0.7118152937506611,
    0.7289775692698599,
    0.7351781867148474,
    0.7431079938874461,
    0.7509000871897765,
    0.7495170460891547,
    0.760875412869958,
    0.7591161201760473,
    0.7631388440224265,
    0.7687056556295006,
    0.7710508461699115,
    0.772661698730643,
    0.7769233052358201,
    0.7784247822299267,
    0.782493559128419,
    0.7821300688404186,
    0.7849231861009475,
    0.786506800417302,
    0.7817351745877242,
    0.7929472983461254,
    0.7920320951877939,
    0.7934420961834718,
    0.7925074555069548,
    0.795162491338031,
    0.7936089354981934,
    0.7960446393940723,
    0.7977638523517877,
    0.7978259031894523,
    0.8007056936149128
  ],
  "train_fpr": [
    0.5615957297373226,
    0.5165776903624614,
    0.37027672425902514,
    0.2211295307670694,
    0.2306827760606912,
    0.21270019668446194,
    0.18432143860635009,
    0.19822983984265244,
    0.2132621522899691,
    0.19977521775779714,
    0.20592779884815282,
    0.1938746838999719,
    0.18656926102837876,
    0.21227872998033157,
    0.18052823826917674,
    0.18656926102837876,
    0.17518966001685868,
    0.1955605507164934,
    0.18024726046642314,
    0.17603259342511943,
    0.1987917954481596,
    0.19359370609721832,
    0.1841809497049733,
    0.18867659454903063,
    0.17252037089069963,
    0.17237988198932283,
    0.17434672660859793,
    0.17884237145265525,
    0.18780727630285152,
    0.16900814835627986
  ],
  "train_fnr": [
    0.023101685286877484,
    0.02025747822794396,
    0.04658208672599887,
    0.07232109049602424,
    0.06039379023097312,
    0.0594471790988262,
    0.07402499053388868,
    0.0626656569481257,
    0.05887921241953805,
    0.06512684589170768,
    0.058132929369437605,
    0.0628549791745551,
    0.06228701249526694,
    0.05130632336236274,
    0.0562287012495267,
    0.05528209011737978,
    0.0594471790988262,
    0.05244225672093904,
    0.05490344566452102,
    0.06001514577811435,
    0.047141234380916316,
    0.049981067777357065,
    0.05054903445664521,
    0.048466489965922,
    0.04979174555092768,
    0.05168496781522151,
    0.053388867853085956,
    0.050170390003786446,
    0.04658208672599887,
    0.047709201060204466
  ],
  "val_loss": [
    0.25883884472368607,
    0.2561506076345166,
    0.2571235409060728,
    0.3207095736052998,
    0.2824987515469585,
    0.266580599893644,
    0.2488604027862302,
    0.26856214685733265,
    0.2666716171506925,
    0.26885081552764745,
    0.2730078383749743,
    0.24786413188505327,
    0.3224849397117652,
    0.28191887059258025,
    0.2737395522278104,
    0.24636050480083355,
    0.27097743277025066,
    0.25441939545295,
    0.24711963968369569,
    0.24058910741389378,
    0.2603428423597589,
    0.24014909686008318,
    0.2608691162661827,
    0.25689517197871287,
    0.2281213132694701,
    0.24294464420346382,
    0.26394480351105476,
    0.23438226945191912,
    0.26815537765959707,
    0.26004136814268664
  ],
  "val_dice": [
    0.7438980235829709,
    0.7440980235747632,
    0.7430178949362252,
    0.6794043250005575,
    0.7175083146174362,
    0.7336947119110611,
    0.7512802952813123,
    0.7317148859832665,
    0.7334021208837966,
    0.7311766759814954,
    0.727031107389136,
    0.7521456573098223,
    0.677604134450742,
    0.7180779558820439,
    0.7262746723049281,
    0.7536768953053696,
    0.7290153801441193,
    0.7455730958929147,
    0.7529671965197067,
    0.7594336890359333,
    0.7396717106013236,
    0.7598952136475677,
    0.7391342143633653,
    0.7431628606779482,
    0.7719984599374066,
    0.7570728343522665,
    0.73611971215137,
    0.7656420456022507,
    0.7318605115233309,
    0.7399449865650205
  ],
  "val_fpr": [
    0.2607296137339056,
    0.38626609442060084,
    0.24892703862660945,
    0.015021459227467811,
    0.02682403433476395,
    0.1223175965665236,
    0.20386266094420602,
    0.05257510729613734,
    0.1759656652360515,
    0.06437768240343347,
    0.03540772532188841,
    0.08583690987124463,
    0.00536480686695279,
    0.02575107296137339,
    0.032188841201716736,
    0.10085836909871244,
    0.0203862660944206,
    0.14914163090128754,
    0.05686695278969957,
    0.13626609442060086,
    0.06652360515021459,
    0.18025751072961374,
    0.06974248927038626,
    0.0203862660944206,
    0.0890557939914163,
    0.06545064377682404,
    0.07188841201716738,
    0.05257510729613734,
    0.03755364806866953,
    0.032188841201716736
  ],
  "val_fnr": [
    0.02750809061488673,
    0.012944983818770227,
    0.06472491909385113,
    0.1715210355987055,
    0.14401294498381878,
    0.10032362459546926,
    0.06472491909385113,
    0.11003236245954692,
    0.10517799352750809,
    0.11650485436893204,
    0.1262135922330097,
    0.09223300970873786,
    0.2022653721682848,
    0.1407766990291262,
    0.1262135922330097,
    0.08576051779935275,
    0.11812297734627832,
    0.07766990291262135,
    0.0889967637540453,
    0.08090614886731391,
    0.08090614886731391,
    0.0744336569579288,
    0.08576051779935275,
    0.10841423948220065,
    0.07766990291262135,
    0.07928802588996764,
    0.10355987055016182,
    0.0825242718446602,
    0.10679611650485436,
    0.11974110032362459
  ],
  "train_dice_loss": [
    0.3767003235864811,
    0.28943459942953825,
    0.2715990446300539,
    0.26511800031867816,
    0.2570769244728103,
    0.2492257808812953,
    0.2506051855256999,
    0.2392200399126712,
    0.240930817031084,
    0.2369370524154744,
    0.2313316747153986,
    0.2289959711700802,
    0.2273930367061199,
    0.22314656692578547,
    0.2216315906930719,
    0.21755240014085983,
    0.21792065510466352,
    0.21511552633773373,
    0.2135260401350763,
    0.21832618754905808,
    0.2070950532063351,
    0.20800557432414815,
    0.20658783449317777,
    0.20752799812251535,
    0.20488904511915018,
    0.2064416015387394,
    0.20400103596023247,
    0.20228139786998325,
    0.2022302258852146,
    0.199300872460318
  ],
  "val_dice_loss": [
    0.25883884472368607,
    0.2561506076345166,
    0.2571235409060728,
    0.3207095736052998,
    0.2824987515469585,
    0.266580599893644,
    0.2488604027862302,
    0.26856214685733265,
    0.2666716171506925,
    0.26885081552764745,
    0.2730078383749743,
    0.24786413188505327,
    0.3224849397117652,
    0.28191887059258025,
    0.2737395522278104,
    0.24636050480083355,
    0.27097743277025066,
    0.25441939545295,
    0.24711963968369569,
    0.24058910741389378,
    0.2603428423597589,
    0.24014909686008318,
    0.2608691162661827,
    0.25689517197871287,
    0.2281213132694701,
    0.24294464420346382,
    0.26394480351105476,
    0.23438226945191912,
    0.26815537765959707,
    0.26004136814268664
  ]
}