{
  "dice": 0.75569667435722,
  "hd95_mean": 18.204816818237305,
  "hd95_median": 5.084166526794434,
  "hd95_count": 585,
  "fpr": 0.16430903155603918,
  "fnr": 0.07290015847860538
}