{
  "thresholds": [
    0.5,
    0.55,
    0.6,
    0.65,
    0.7
  ],
  "val_dice_by_threshold": {
    "0.50": 0.7719984599374066,
    "0.55": 0.7719187650070028,
    "0.60": 0.7718073177274956,
    "0.65": 0.771751005154308,
    "0.70": 0.7716831634948361
  },
  "best_threshold": 0.5,
  "best_val_dice": 0.7719984599374066
}