{
  "dice": 0.75569667435722,
  "hd95_mean": 18.2010498046875,
  "hd95_median": 5.0693135261535645,
  "hd95_count": 585,
  "fpr": 0.16430903155603918,
  "fnr": 0.07290015847860538,
  "selected_threshold": 0.5
}