{
  "dice": 0.7319443655395474,
  "hd95_mean": 15.936641693115234,
  "hd95_median": 7.004389762878418,
  "hd95_count": 692,
  "fpr": 0.3468414779499404,
  "fnr": 0.026722925457102673,
  "selected_threshold": 0.5
}