{
  "selected_threshold": 0.5,
  "dice": 0.7319443655395474,
  "hd95_median": 7.004389762878418,
  "fnr": 0.026722925457102673,
  "fpr": 0.3468414779499404
}