{
  "train_loss": [
    0.42001099994296004,
    0.30791349097622345,
    0.2885463367630114,
    0.25934436922584164,
    0.2498619597448965,
    0.2394266335933403,
    0.2350053444498486,
    0.2307785558516902,
    0.22711605207382266,
    0.22149915679936397,
    0.22008715589683064,
    0.2168567976852698,
    0.2128362981802255,
    0.20915134262283852,
    0.2078059931790768,
    0.20469732522837336,
    0.20150489138490352,
    0.20410384276231294,
    0.19900915883453718,
    0.19634827005178704,
    0.19474100164788474,
    0.19114042838221634,
    0.18869723841643823,
    0.18625835235554147,
    0.18389530584553707,
    0.18339947043790783,
    0.18044146290040275,
    0.17848687083017484,
    0.17509085481089293,
    0.17308428179963786
  ],
  "train_dice": [
    0.6917373149551305,
    0.7374565391219546,
    0.7522493150088163,
    0.7751916313911895,
    0.7819755465941728,
    0.791094707064789,
    0.7944532207604245,
    0.7976732259583609,
    0.8011740166522874,
    0.8060508096347866,
    0.8068375705313976,
    0.8094700054792955,
    0.8131803609705168,
    0.8162151672284332,
    0.8175702070333105,
    0.8197215508088798,
    0.8231820903203405,
    0.8209081120370016,
    0.8248868948070525,
    0.8267084043907148,
    0.8286145668651866,
    0.8312552014713801,
    0.8337952949020907,
    0.8358457400249055,
    0.8379546736392922,
    0.8380481861538681,
    0.8407270985360443,
    0.8419921170396981,
    0.8453613321161244,
    0.8469153580604163
  ],
  "train_fpr": [
    0.42503907915304817,
    0.365212448486571,
    0.3527071195111553,
    0.3029700156316612,
    0.2833191247513498,
    0.2812277959357681,
    0.27326985931504905,
    0.2874804604234759,
    0.26971720903794233,
    0.2815120079579366,
    0.27710672161432426,
    0.26232769646156034,
    0.2648856046610772,
    0.2555066079295154,
    0.24978687127024723,
    0.25930662119920433,
    0.2587750461844536,
    0.2833593861020321,
    0.2840699161574535,
    0.28492255222395907,
    0.26900667898252095,
    0.2870541423902231,
    0.28350149211311637,
    0.2694329970157738,
    0.2650277106721614,
    0.26616455876083556,
    0.2422907488986784,
    0.24310883773799374,
    0.27184879920420635,
    0.2657382407275828
  ],
  "train_fnr": [
    0.033190378519485364,
    0.030579899310087637,
    0.024613089688607124,
    0.024799552489278388,
    0.027788138754196196,
    0.027410031698676115,
    0.02666418049599105,
    0.023494312884579528,
    0.025172478090620922,
    0.02424016408726459,
    0.021256759276524335,
    0.02424016408726459,
    0.02013798247249674,
    0.021816147678538133,
    0.02424468481909735,
    0.018090264826557255,
    0.018832742867797875,
    0.017900428864441546,
    0.018273354465784077,
    0.016035800857728884,
    0.015289949655043818,
    0.01715457766175648,
    0.013984710050344957,
    0.013984710050344957,
    0.017341040462427744,
    0.014171172851016222,
    0.01808689166511281,
    0.016971279373368148,
    0.012493007644974827,
    0.013425321648331158
  ],
  "val_loss": [
    0.40050445640065374,
    0.4028843471875591,
    0.5523403631455271,
    0.36665559814032844,
    0.3497161052278141,
    0.38446735457456027,
    0.39383223518783594,
    0.3035649255679472,
    0.39094818017452304,
    0.32284231952180825,
    0.2932792435787673,
    0.33465862659479145,
    0.3037847376244999,
    0.29170986419122147,
    0.27396186940154454,
    0.30777363578115935,
    0.31908323561405616,
    0.28260061096699135,
    0.3196203741442113,
    0.30823338275408224,
    0.319958054709391,
    0.2777226361534456,
    0.28221779206808467,
    0.24595380848287232,
    0.3128695713913571,
    0.2797985504850419,
    0.2733956680354411,
    0.24336977823209152,
    0.2411798293545951,
    0.27421506513046084
  ],
  "val_dice": [
    0.678583704087421,
    0.6788753858121642,
    0.5563396630428025,
    0.6985861281082578,
    0.7224076220099508,
    0.6971078198158392,
    0.6858243938725795,
    0.7453030451588387,
    0.6889350340477306,
    0.7420428738324312,
    0.7648127330915772,
    0.7329933083677379,
    0.7534504810388941,
    0.7613239711395254,
    0.7730282044921913,
    0.7462318136853023,
    0.740849112942271,
    0.7686042368629553,
    0.7397173668019963,
    0.7499999043932797,
    0.7440726858638499,
    0.77747256715041,
    0.7661542922802215,
    0.7940287825835012,
    0.7490628194852467,
    0.7724367394390768,
    0.7768071972975765,
    0.8045590874705001,
    0.7970256422449202,
    0.7748106445491749
  ],
  "val_fpr": [
    0.2277456647398844,
    0.2832369942196532,
    0.11676300578034682,
    0.26473988439306356,
    0.15028901734104047,
    0.17803468208092485,
    0.12485549132947976,
    0.26011560693641617,
    0.10751445086705202,
    0.30982658959537573,
    0.26011560693641617,
    0.20578034682080926,
    0.17803468208092485,
    0.2069364161849711,
    0.24508670520231213,
    0.13179190751445086,
    0.18959537572254334,
    0.2300578034682081,
    0.17341040462427745,
    0.19190751445086704,
    0.1815028901734104,
    0.23468208092485549,
    0.14450867052023122,
    0.21271676300578035,
    0.20115606936416186,
    0.2092485549132948,
    0.1861271676300578,
    0.2947976878612717,
    0.18497109826589594,
    0.18265895953757225
  ],
  "val_fnr": [
    0.05401459854014599,
    0.033576642335766425,
    0.06715328467153285,
    0.026277372262773723,
    0.04817518248175182,
    0.033576642335766425,
    0.061313868613138686,
    0.020437956204379562,
    0.06277372262773723,
    0.01167883211678832,
    0.020437956204379562,
    0.0364963503649635,
    0.0364963503649635,
    0.0364963503649635,
    0.024817518248175182,
    0.03941605839416058,
    0.032116788321167884,
    0.02335766423357664,
    0.040875912408759124,
    0.033576642335766425,
    0.035036496350364967,
    0.014598540145985401,
    0.035036496350364967,
    0.021897810218978103,
    0.027737226277372264,
    0.02335766423357664,
    0.027737226277372264,
    0.013138686131386862,
    0.0364963503649635,
    0.027737226277372264
  ],
  "train_bce_loss": [
    0.05718731212268375,
    0.038999040187373296,
    0.03560883142472703,
    0.030272927250909104,
    0.0282779824640759,
    0.027071265382615322,
    0.026294316770308638,
    0.025569461047518848,
    0.025243737336140427,
    0.024569054119043934,
    0.024069396584681362,
    0.02375943896475591,
    0.023401099081416687,
    0.0231460578834373,
    0.022830934960070343,
    0.022237242593165205,
    0.022310081144181586,
    0.022451015487071128,
    0.02168779581818148,
    0.02102278774927442,
    0.021263210376481188,
    0.020314727410631638,
    0.02052687364970389,
    0.02013397894162209,
    0.0197256898035742,
    0.01956055560489837,
    0.019271025610708946,
    0.018789993491624874,
    0.018543632260205552,
    0.018327659604358063
  ],
  "val_bce_loss": [
    0.07623283649725927,
    0.07779157734255096,
    0.10925060569803251,
    0.06051514264949033,
    0.0706348174315772,
    0.08087069122057007,
    0.07785850734943627,
    0.046340016145972926,
    0.08032923900253772,
    0.06322295972431609,
    0.05659534703351916,
    0.06650851616031749,
    0.05637382438493872,
    0.052831384061834005,
    0.044723896019842245,
    0.0542683937825198,
    0.05823248281176746,
    0.04925087871719118,
    0.05776151706941297,
    0.057858845557257815,
    0.06347591879872783,
    0.05558949283526634,
    0.046398947303022776,
    0.03936719411173003,
    0.06115300824370084,
    0.05090480682125271,
    0.049580852291631734,
    0.04667292019334472,
    0.038266492596943015,
    0.04853523478530565
  ],