{
  "dice": 0.7319443655395474,
  "hd95_mean": 15.442944526672363,
  "hd95_median": 6.76539421081543,
  "hd95_count": 688,
  "fpr": 0.32419547079856975,
  "fnr": 0.03234880450070324
}