{
  "thresholds": [
    0.5,
    0.55,
    0.6,
    0.65,
    0.7
  ],
  "val_dice_by_threshold": {
    "0.50": 0.8045590874705001,
    "0.55": 0.8041725744731235,
    "0.60": 0.8036456125931148,
    "0.65": 0.8031338514202703,
    "0.70": 0.802161986244856
  },
  "best_threshold": 0.5,
  "best_val_dice": 0.8045590874705001
}