{
  "train_loss": [
    0.45036949446508434,
    0.32260588328115103,
    0.3002982400932527,
    0.28707871647843347,
    0.2778923241779578,
    0.26771945276114184,
    0.28051226697608245,
    0.31155546338271684,
    0.3010312339329422,
    0.285991168560316,
    0.28025792830828294,
    0.27839969328779757,
    0.2732477340850075,
    0.2654008525911323,
    0.2645809039944661,
    0.2667354139915639,
    0.25678965464043857,
    0.2551639698632026,
    0.2519441256481328,
    0.24850501110001158,
    0.24611815443598878,
    0.24051209503551638,
    0.2451799702693031,
    0.24201601628905559,
    0.2411552893911545,
    0.23415549250503043,
    0.23533651501164646,
    0.22939365075154258,
    0.23099356382779102,
    0.2278329911882499
  ],
  "train_dice": [
    0.6763454085584328,
    0.7263987378520035,
    0.7444132652052331,
    0.7543005882103693,
    0.7625536850114476,
    0.7698416772949823,
    0.7627205664540766,
    0.7463302280893497,
    0.7515768359267625,
    0.7600693712521964,
    0.7644033577868179,
    0.7655673741839232,
    0.7690940681838601,
    0.773831680143713,
    0.7738661136355114,
    0.770822144607276,
    0.77915669509424,
    0.7803364720086545,
    0.7826934184073794,
    0.7847173060625651,
    0.7857991913361746,
    0.7912137870456329,
    0.7874736014176795,
    0.7892907003965581,
    0.7894175047298301,
    0.7951932284913985,
    0.7943123599100684,
    0.7993925689356486,
    0.7984131985910793,
    0.8004797672313408
  ],
  "train_fpr": [
    0.4695922110907295,
    0.396218428107803,
    0.3471634208298052,
    0.3214336108367433,
    0.3214336108367433,
    0.3047404063205418,
    0.2685577194467965,
    0.11840248377081569,
    0.09665584873712431,
    0.10145336531677719,
    0.09932279909706546,
    0.09453929730492451,
    0.09792577959644419,
    0.08875405672357839,
    0.08439175839683884,
    0.07195259593679458,
    0.07660835214446952,
    0.07534923098631297,
    0.0686979827902384,
    0.0744920993227991,
    0.06604572396274344,
    0.07238605898123325,
    0.05925507900677201,
    0.06729683972911964,
    0.0567155756207675,
    0.06362866817155756,
    0.05291378580499506,
    0.06802145074795371,
    0.054889233808381545,
    0.05996895724566107
  ],
  "train_fnr": [
    0.02953985987502367,
    0.028782427570535882,
    0.03180613404013631,
    0.028782427570535882,
    0.029729217951145616,
    0.03257575757575758,
    0.04032563422945854,
    0.09125331313896251,
    0.09505775421321719,
    0.08994508615792464,
    0.0865530303030303,
    0.09070251846241242,
    0.08596856655936376,
    0.08748343116833933,
    0.08784551306323363,
    0.0971590909090909,
    0.0903409090909091,
    0.09089187653853437,
    0.09035802235271832,
    0.09090909090909091,
    0.08860280196895115,
    0.08180268888468094,
    0.09375,
    0.08901515151515152,
    0.09337121212121212,
    0.08295454545454546,
    0.08880893770119296,
    0.0793260128739114,
    0.08672599886385154,
    0.07953039197121757
  ],
  "val_loss": [
    0.34007249917220145,
    0.4420212128932036,
    0.3080081644326352,
    0.30655796420805664,
    0.3027782882398,
    0.31584341860222587,
    0.33975309174519913,
    0.33748789603029256,
    0.2979817157279712,
    0.4351815644615484,
    0.3397843998202807,
    0.337896125035475,
    0.3268047827732987,
    0.332161493551191,
    0.34524058593997675,
    0.34609179121583794,
    0.3015122824140544,
    0.36395642027548214,
    0.296911822674151,
    0.327801840699317,
    0.35479487348528743,
    0.3506765537277394,
    0.30537529147462167,
    0.3237393729653945,
    0.29961274384632464,
    0.31725973338129837,
    0.2951680190957673,
    0.35067520006092623,
    0.277259730465686,
    0.3246348182697898
  ],
  "val_dice": [
    0.705117382574073,
    0.6038761606084297,
    0.7300517593772666,
    0.7358622234691429,
    0.7329338927026898,
    0.7187599532282083,
    0.7179534134114445,
    0.7174992651759999,
    0.7441829465522543,
    0.645473606209346,
    0.7152524474513955,
    0.7117055617875652,
    0.7220641534691103,
    0.7203654988659817,
    0.7066560060412752,
    0.7093797563831398,
    0.7421493771995349,
    0.693121641970761,
    0.7435200188586242,
    0.7227528429014494,
    0.7041587235954587,
    0.7016406052754921,
    0.7356659079386482,
    0.7236466646242682,
    0.7407447654741868,
    0.7264358526198224,
    0.7438772644690904,
    0.7068178590664393,
    0.7583168320189017,
    0.7269742312361893
  ],
  "val_fpr": [
    0.34120171673819744,
    0.03540772532188841,
    0.2446351931330472,
    0.3551502145922747,
    0.2446351931330472,
    0.1405579399141631,
    0.016094420600858368,
    0.06866952789699571,
    0.15343347639484978,
    0.0,
    0.11695278969957082,
    0.03111587982832618,
    0.016094420600858368,
    0.008583690987124463,
    0.02575107296137339,
    0.006437768240343348,
    0.030042918454935622,
    0.006437768240343348,
    0.0203862660944206,
    0.10622317596566523,
    0.001072961373390558,
    0.003218884120171674,
    0.02575107296137339,
    0.003218884120171674,
    0.002145922746781116,
    0.01072961373390558,
    0.015021459227467811,
    0.003218884120171674,
    0.015021459227467811,
    0.009656652360515022
  ],
  "val_fnr": [
    0.03559870550161812,
    0.1343042071197411,
    0.07119741100323625,
    0.006472491909385114,
    0.06634304207119741,
    0.06310679611650485,
    0.13592233009708737,
    0.13754045307443366,
    0.05663430420711974,
    0.2168284789644013,
    0.11650485436893204,
    0.16666666666666666,
    0.1488673139158576,
    0.14401294498381878,
    0.16019417475728157,
    0.18284789644012944,
    0.1262135922330097,
    0.18770226537216828,
    0.11326860841423948,
    0.08737864077669903,
    0.1650485436893204,
    0.17475728155339806,
    0.12459546925566344,
    0.16828478964401294,
    0.1343042071197411,
    0.15372168284789645,
    0.1262135922330097,
    0.1779935275080906,
    0.10841423948220065,
    0.14401294498381878
  ]
}