{
  "dice": 0.7634753924683799,
  "hd95_mean": 14.648151397705078,
  "hd95_median": 4.6615753173828125,
  "hd95_count": 564,
  "fpr": 0.05821917808219178,
  "fnr": 0.10618066561014262
}