{
  "thresholds": [
    0.5,
    0.55,
    0.6,
    0.65,
    0.7
  ],
  "val_dice_by_threshold": {
    "0.50": 0.7583168320189017,
    "0.55": 0.758414579898987,
    "0.60": 0.7583447505258819,
    "0.65": 0.7583027572693563,
    "0.70": 0.7581231838098236
  },
  "best_threshold": 0.55,
  "best_val_dice": 0.758414579898987
}