{
  "selected_threshold": 0.55,
  "dice": 0.7631120159631675,
  "hd95_median": 4.538119316101074,
  "fnr": 0.10618066561014262,
  "fpr": 0.05821917808219178
}