{
  "dice": 0.7679739052491785,
  "hd95_mean": 15.061683654785156,
  "hd95_median": 5.009902000427246,
  "hd95_count": 572,
  "fpr": 0.05365296803652968,
  "fnr": 0.09350237717908082
}