{
  "selected_threshold": 0.6,
  "dice": 0.7658550572742467,
  "hd95_median": 5.0,
  "fnr": 0.0919175911251981,
  "fpr": 0.0547945205479452
}