{
  "train_loss": [
    0.43571220469692623,
    0.3226795489181174,
    0.29761932428155213,
    0.2702452920652418,
    0.2586279173833177,
    0.24680923946416328,
    0.26045596791063436,
    0.2861504378816376,
    0.2776359011154537,
    0.27267974332437733,
    0.26101816072813094,
    0.2583793436226463,
    0.2471353034354803,
    0.24340631776058838,
    0.24760311287544742,
    0.24495013484018713,
    0.23842779963099692,
    0.24222026587899684,
    0.22906843660237042,
    0.2328997439556875,
    0.23312911700429112,
    0.23119850554943502,
    0.2290847218276301,
    0.22250773807921614,
    0.22753324500843952,
    0.2246840539554162,
    0.2164048046001322,
    0.2178732367366496,
    0.22010939555760078,
    0.21739775305933076
  ],
  "train_dice": [
    0.6801738573677462,
    0.7275626932035525,
    0.745905419053463,
    0.7684083286385761,
    0.7774205930793842,
    0.7865275404875423,
    0.7791126370109029,
    0.76347091853522,
    0.7677573214080466,
    0.7705638523382335,
    0.7789591318296241,
    0.7796545776679661,
    0.7887336816180103,
    0.7911865934987052,
    0.7875633637243246,
    0.7895687847841835,
    0.794015937173537,
    0.7906163201022444,
    0.801589764694147,
    0.7980265444299092,
    0.7978661278290956,
    0.7985872424401087,
    0.8001595660739795,
    0.8057077531447986,
    0.8018002720044274,
    0.8029346272276157,
    0.8102528155733537,
    0.8098561650854676,
    0.8076479516324179,
    0.8097576725119794
  ],
  "train_fpr": [
    0.43967828418230565,
    0.3382249188655284,
    0.3253845068435163,
    0.32886568848758463,
    0.32054176072234764,
    0.33065312455917617,
    0.28206575419782703,
    0.09906858594411516,
    0.08281602708803612,
    0.07492592069987301,
    0.09156320541760722,
    0.07223476297968397,
    0.07985327313769752,
    0.07788909270495273,
    0.06815295611683364,
    0.06348758465011287,
    0.06772964583039368,
    0.06180330182023423,
    0.07054176072234764,
    0.061944405249047554,
    0.06461625282167043,
    0.05234937208974178,
    0.0686979827902384,
    0.056018061238888105,
    0.055030337237194867,
    0.049520316027088035,
    0.06335543953718076,
    0.06320541760722348,
    0.053195992662621705,
    0.05023282065754198
  ],
  "train_fnr": [
    0.03654610869153569,
    0.03522060215868207,
    0.03294830524521871,
    0.029734848484848486,
    0.02727272727272727,
    0.025383595377912484,
    0.035409960234804014,
    0.08424839076107535,
    0.08541666666666667,
    0.08880893770119296,
    0.07689393939393939,
    0.0865530303030303,
    0.07367424242424242,
    0.07574323044877863,
    0.08312819541753456,
    0.08257575757575758,
    0.07877295966672979,
    0.08388562772202235,
    0.07121212121212121,
    0.07422836583980306,
    0.07935606060606061,
    0.08312819541753456,
    0.07823451411252132,
    0.0727135012308275,
    0.08237076311304677,
    0.07821969696969697,
    0.07214542700246165,
    0.0715909090909091,
    0.07403900776368112,
    0.07347093353531528
  ],
  "val_loss": [
    0.3797084993191521,
    0.3759309203638228,
    0.3311817287241371,
    0.292103493471651,
    0.390054174490924,
    0.2590358392199845,
    0.47737793208470625,
    0.27939222632488386,
    0.2824807429873056,
    0.3016202222784939,
    0.2826109417626773,
    0.31321420367433417,
    0.2984734414247826,
    0.2949568098199985,
    0.49920354954729573,
    0.2951507484329364,
    0.2970922332269088,
    0.30272098583648505,
    0.29761209842842373,
    0.25685702055740894,
    0.28045486444215556,
    0.3007718392777404,
    0.2771375997769601,
    0.27400088048627463,
    0.2925742000558423,
    0.29234418692519365,
    0.27679086487414767,
    0.3270528874326871,
    0.2791214331164715,
    0.3044765095036585
  ],
  "val_dice": [
    0.653331915612866,
    0.6533748939283747,
    0.7152393067837316,
    0.7396531860226566,
    0.6432884788590115,
    0.7723791144402474,
    0.6443608494590015,
    0.760239317000491,
    0.7559036630353495,
    0.7422740816177866,
    0.7608457152131933,
    0.741771569361,
    0.7520201884957579,
    0.7465928056816838,
    0.6190325910991064,
    0.7507630237001431,
    0.7456427124663464,
    0.7383411067589202,
    0.7445412174976374,
    0.7770615000651492,
    0.7570458344608835,
    0.7453237032355036,
    0.7592190280315559,
    0.7604991977124153,
    0.7463674838488927,
    0.7472966760396957,
    0.7606776067836385,
    0.725636269210033,
    0.7597787172012151,
    0.7364539064008827
  ],
  "val_fpr": [
    0.21030042918454936,
    0.04184549356223176,
    0.41630901287553645,
    0.1684549356223176,
    0.06652360515021459,
    0.11051502145922747,
    0.003218884120171674,
    0.07188841201716738,
    0.05150214592274678,
    0.016094420600858368,
    0.022532188841201718,
    0.03648068669527897,
    0.04184549356223176,
    0.0075107296137339056,
    0.001072961373390558,
    0.018240343347639486,
    0.0075107296137339056,
    0.023605150214592276,
    0.0075107296137339056,
    0.0407725321888412,
    0.022532188841201718,
    0.011802575107296138,
    0.017167381974248927,
    0.03969957081545064,
    0.006437768240343348,
    0.016094420600858368,
    0.015021459227467811,
    0.008583690987124463,
    0.011802575107296138,
    0.009656652360515022
  ],
  "val_fnr": [
    0.09061488673139159,
    0.18608414239482202,
    0.019417475728155338,
    0.05501618122977346,
    0.2087378640776699,
    0.08576051779935275,
    0.22006472491909385,
    0.09385113268608414,
    0.11326860841423948,
    0.13106796116504854,
    0.11165048543689321,
    0.12459546925566344,
    0.10194174757281553,
    0.15048543689320387,
    0.2702265372168285,
    0.1262135922330097,
    0.13592233009708737,
    0.12459546925566344,
    0.1407766990291262,
    0.0889967637540453,
    0.11974110032362459,
    0.13592233009708737,
    0.1262135922330097,
    0.10032362459546926,
    0.12944983818770225,
    0.1407766990291262,
    0.11488673139158576,
    0.15048543689320387,
    0.11488673139158576,
    0.14724919093851133
  ]
}