{
  "thresholds": [
    0.5,
    0.55,
    0.6,
    0.65,
    0.7
  ],
  "val_dice_by_threshold": {
    "0.50": 0.7770615000651492,
    "0.55": 0.7771152209695489,
    "0.60": 0.777249538204045,
    "0.65": 0.7769817475313894,
    "0.70": 0.776483518791816
  },
  "best_threshold": 0.6,
  "best_val_dice": 0.777249538204045
}