{
  "train_loss": [
    1.0850223890840072,
    0.830366619698308,
    0.7588752456805365,
    0.7076541477779172,
    0.6760563195893479,
    0.6399847934250984,
    0.6021178082796362,
    0.5877307523971457,
    0.5548712026549051,
    0.5479798106241545,
    0.5186155744262904,
    0.4988525247000055,
    0.4979995749334354,
    0.475383739204432,
    0.4692461668098371,
    0.44620755915850224,
    0.4332111857111587,
    0.4256100270835696,
    0.4163978401769121,
    0.404092627636743,
    0.39385533020040897,
    0.3922514348750665,
    0.3732106805473964,
    0.3743236479876598,
    0.3701786039449837,
    0.3622574641093987,
    0.3552440582011524,
    0.34964180204712747,
    0.35017636312909844,
    0.3465720051020946
  ],
  "train_dice": [
    0.6590040594316325,
    0.727067512573495,
    0.7382876122629302,
    0.762049869446226,
    0.7656189679982386,
    0.7734935438280937,
    0.7799718999300219,
    0.7826110026565855,
    0.787482876341601,
    0.7931310473943097,
    0.7998380694516398,
    0.8037340913611979,
    0.8070362158333473,
    0.81056453368827,
    0.8134362155545964,
    0.8164749729968535,
    0.8213979630765431,
    0.8247263083682167,
    0.8279777879257685,
    0.8277863986506321,
    0.8317760301573764,
    0.8319969584362921,
    0.837053505814278,
    0.8385407461502161,
    0.839433759994184,
    0.842916080825186,
    0.8449397320637461,
    0.8483062048176151,
    0.8470785957072867,
    0.8515987046640996
  ],
  "train_fpr": [
    0.37048360200111174,
    0.24479021950541818,
    0.22984991662034462,
    0.2086111111111111,
    0.19699916643512086,
    0.1922222222222222,
    0.18732629238465814,
    0.18310641844956932,
    0.20438767009164122,
    0.20688697584004442,
    0.22478466240622394,
    0.22534037232564602,
    0.21972222222222224,
    0.2331851028349083,
    0.2350652959155321,
    0.2278410669630453,
    0.23096164535853253,
    0.22345747637576432,
    0.225062517365935,
    0.24096720400222346,
    0.23805555555555555,
    0.23777777777777778,
    0.254585881045025,
    0.25055555555555553,
    0.2594444444444444,
    0.24388888888888888,
    0.23929961089494164,
    0.23527777777777778,
    0.2427777777777778,
    0.23555555555555555
  ],
  "train_fnr": [
    0.04988216810683425,
    0.04243614931237721,
    0.04948939512961508,
    0.04559748427672956,
    0.04675834970530452,
    0.045990566037735846,
    0.04948939512961508,
    0.044400785854616896,
    0.04168305151395989,
    0.03735745182854896,
    0.029076620825147347,
    0.027897838899803535,
    0.0294811320754717,
    0.02670856245090338,
    0.02593320235756385,
    0.027897838899803535,
    0.02670856245090338,
    0.02513747054202671,
    0.022789783889980354,
    0.022388059701492536,
    0.020833333333333332,
    0.02161949685534591,
    0.018853102906520033,
    0.018474842767295597,
    0.02161949685534591,
    0.015723270440251572,
    0.01610369206598586,
    0.018474842767295597,
    0.015330188679245283,
    0.01729559748427673
  ],
  "val_loss": [
    4.513473963346637,
    0.617424822830763,
    0.6058000173725065,
    0.7673273010332077,
    0.5397223886896352,
    0.5557053308017919,
    0.7490591032583206,
    0.6101011393500156,
    0.636490813044251,
    0.5838969205246597,
    0.5115514608680225,
    0.5230574166188474,
    0.6035468145472105,
    0.5399341495310674,
    0.5256754849777847,
    0.5819954001512684,
    0.5793795440040651,
    0.6228467870931156,
    0.5874491499095666,
    0.5285862823001674,
    0.6782120005029146,
    0.5947015732038217,
    0.6303646089600735,
    0.4967397238387436,
    0.6481324496816416,
    0.6691837556049473,
    0.6874544969347657,
    0.5252152561164293,
    0.5555490628617709,
    0.5799119109990167
  ],
  "val_dice": [
    0.09558802493771569,
    0.6821335139821787,
    0.7453025477831481,
    0.7381685541301477,
    0.7443255074688646,
    0.7667819060263087,
    0.7540308966988423,
    0.795030792033086,
    0.7659766708241135,
    0.7846771790355932,
    0.7896274663874361,
    0.7959143356221621,
    0.7984527417870818,
    0.787374328003555,
    0.7978406437596337,
    0.7996890916198981,
    0.7911160277538613,
    0.7922631979965773,
    0.7923304282250951,
    0.8010438068968351,
    0.8038775182649738,
    0.7989509837549241,
    0.8011600764071355,
    0.8124128899124802,
    0.810869930220432,
    0.7958086222898765,
    0.8007787836379692,
    0.8204233450234913,
    0.8124609069746048,
    0.8009570513103829
  ],
  "val_fpr": [
    0.0,
    0.23617021276595745,
    0.2170212765957447,
    0.02127659574468085,
    0.06382978723404255,
    0.08085106382978724,
    0.02127659574468085,
    0.05319148936170213,
    0.0851063829787234,
    0.09148936170212765,
    0.14468085106382977,
    0.10638297872340426,
    0.10212765957446808,
    0.1851063829787234,
    0.1276595744680851,
    0.16170212765957448,
    0.2276595744680851,
    0.21063829787234042,
    0.10851063829787234,
    0.20212765957446807,
    0.12340425531914893,
    0.2,
    0.11914893617021277,
    0.3574468085106383,
    0.28297872340425534,
    0.10425531914893617,
    0.17872340425531916,
    0.3,
    0.17872340425531916,
    0.16170212765957448
  ],
  "val_fnr": [
    0.7442622950819672,
    0.03278688524590164,
    0.036065573770491806,
    0.12131147540983607,
    0.05901639344262295,
    0.04590163934426229,
    0.10163934426229508,
    0.05901639344262295,
    0.05573770491803279,
    0.029508196721311476,
    0.03278688524590164,
    0.03934426229508197,
    0.04590163934426229,
    0.022950819672131147,
    0.036065573770491806,
    0.036065573770491806,
    0.013114754098360656,
    0.01639344262295082,
    0.03934426229508197,
    0.01639344262295082,
    0.05245901639344262,
    0.029508196721311476,
    0.04918032786885246,
    0.013114754098360656,
    0.01639344262295082,
    0.05573770491803279,
    0.03934426229508197,
    0.02622950819672131,
    0.036065573770491806,
    0.04262295081967213
  ]
}