{
  "dice": 0.775790956260553,
  "hd95_mean": 13.725357055664062,
  "hd95_median": 6.179479598999023,
  "hd95_count": 327,
  "fpr": 0.23863636363636365,
  "fnr": 0.023880597014925373
}