{
  "train_loss": [
    1.0812508310192215,
    0.829240265220003,
    0.7415738908777811,
    0.691313485445127,
    0.6443980523236794,
    0.6229380712731544,
    0.5902614062415723,
    0.5697076617952032,
    0.5457401460312099,
    0.5310116963356287,
    0.5227479356609172,
    0.49980931643299975,
    0.48866711554654146,
    0.4830470121204797,
    0.4707569686349641,
    0.4584962129494119,
    0.4551805121880589,
    0.44204397060229594,
    0.43097825481045265,
    0.43156852269065427,
    0.41821303308949537,
    0.41430942656511477,
    0.40690336993500364,
    0.4055977052839642,
    0.3969093113135772,
    0.3852534123611721,
    0.383626643051209,
    0.383000241926124,
    0.37176341732480356,
    0.3641666345082434
  ],
  "train_dice": [
    0.6632269456841706,
    0.7144776075671744,
    0.7379887793474083,
    0.7512302263549046,
    0.7618461879279942,
    0.7664545841546814,
    0.7748310330559438,
    0.7803331209686597,
    0.783747903977007,
    0.789114691795352,
    0.790211787792346,
    0.7955153180919662,
    0.7989057366655287,
    0.8031324983201992,
    0.8039406091450871,
    0.8081896763565248,
    0.808387296731411,
    0.814022600644615,
    0.8140542655898324,
    0.8145629236788602,
    0.8187092478682922,
    0.820741234494303,
    0.8218322403771294,
    0.8235196495047685,
    0.8252330577860861,
    0.8280812184291073,
    0.830138576219641,
    0.8308042254427992,
    0.8337656106123349,
    0.8356332472597665
  ],
  "train_fpr": [
    0.40369690983490897,
    0.2860166502046,
    0.25176404177250916,
    0.25243403414702975,
    0.24326231127416395,
    0.23335214446952596,
    0.2406152977702512,
    0.2363815975162292,
    0.23959362212501764,
    0.22915196839283195,
    0.24351015801354403,
    0.24114575984196415,
    0.23451389868773811,
    0.23677155354875123,
    0.24301439458086369,
    0.24675507900677202,
    0.2238995485327314,
    0.24439113870467052,
    0.2475666525603047,
    0.23433972911963882,
    0.22001128986734406,
    0.23465500211655144,
    0.23617381489841988,
    0.2353273137697517,
    0.24506207674943567,
    0.22883747178329572,
    0.23183293354028503,
    0.22128139994355067,
    0.23677155354875123,
    0.2414279666995908
  ],
  "train_fnr": [
    0.03938647983336489,
    0.04639272864987692,
    0.0418402120408936,
    0.04033327021397463,
    0.038250331376633216,
    0.03996212121212121,
    0.03445664521014767,
    0.03351003407800076,
    0.03256958909297482,
    0.03427381177807234,
    0.032007575757575756,
    0.02726756296156031,
    0.025942056428706683,
    0.026131414504828632,
    0.023665278303672852,
    0.025946969696969698,
    0.02784090909090909,
    0.02064003029729218,
    0.021594999052850918,
    0.023106060606060606,
    0.02158273381294964,
    0.023669759515243326,
    0.020643939393939395,
    0.02159090909090909,
    0.019128787878787877,
    0.017613636363636363,
    0.016852868774853248,
    0.021014767133661492,
    0.01723158492709714,
    0.013444423404658208
  ],
  "val_loss": [
    0.7025181459184603,
    1.230888241606623,
    0.6350146444773597,
    1.0093087070775264,
    0.804826765914951,
    1.09502752892022,
    0.7497417152795977,
    1.012144236961036,
    0.7906155278574687,
    0.7549372996809414,
    0.9754061486728755,
    0.6462173830826305,
    0.7933036221800113,
    0.6572397057581874,
    0.8667572755065165,
    0.7059281574724947,
    0.7764089681618036,
    0.8731333357809431,
    0.7418616877259946,
    0.7412280814065131,
    0.7246749967722446,
    0.7125851592489045,
    0.669108584499089,
    0.6923226766457063,
    0.7625483107605413,
    0.8213094789715647,
    0.8420421917075864,
    0.8109502273711185,
    0.6311912627764118,
    0.9681282171250162
  ],
  "val_dice": [
    0.7147822872190028,
    0.6441358368599661,
    0.7444905919116291,
    0.6852356547001496,
    0.7211496495697527,
    0.7211943660594499,
    0.7335827092860123,
    0.7162551269248658,
    0.7498162043036767,
    0.7252920826725228,
    0.7142122473483332,
    0.7516743933968849,
    0.7333745413541215,
    0.7694478479958468,
    0.7412922820950403,
    0.7353019776986158,
    0.7431882810341888,
    0.7382614963467935,
    0.7638666709842805,
    0.7546871816046222,
    0.7597181604132297,
    0.7463387431619044,
    0.75284854021273,
    0.7541279365522576,
    0.7487934058815434,
    0.7441356830347124,
    0.7569266685637311,
    0.7440288039376435,
    0.7651159098088548,
    0.7113237078196119
  ],
  "val_fpr": [
    0.14699570815450644,
    0.017167381974248927,
    0.17703862660944206,
    0.0203862660944206,
    0.05257510729613734,
    0.1072961373390558,
    0.1427038626609442,
    0.028969957081545063,
    0.09334763948497854,
    0.05150214592274678,
    0.013948497854077254,
    0.16952789699570817,
    0.060085836909871244,
    0.07832618025751073,
    0.04291845493562232,
    0.05686695278969957,
    0.06330472103004292,
    0.05472103004291846,
    0.03969957081545064,
    0.15343347639484978,
    0.19957081545064378,
    0.06545064377682404,
    0.13733905579399142,
    0.17060085836909872,
    0.13733905579399142,
    0.09656652360515021,
    0.11266094420600858,
    0.15987124463519314,
    0.1963519313304721,
    0.0611587982832618
  ],
  "val_fnr": [
    0.061488673139158574,
    0.15210355987055016,
    0.0372168284789644,
    0.14401294498381878,
    0.11326860841423948,
    0.05016181229773463,
    0.0744336569579288,
    0.12459546925566344,
    0.08090614886731391,
    0.10355987055016182,
    0.14724919093851133,
    0.06310679611650485,
    0.10517799352750809,
    0.06957928802588997,
    0.09385113268608414,
    0.10194174757281553,
    0.0825242718446602,
    0.10355987055016182,
    0.08090614886731391,
    0.06472491909385113,
    0.04854368932038835,
    0.07766990291262135,
    0.06310679611650485,
    0.045307443365695796,
    0.06957928802588997,
    0.08090614886731391,
    0.0744336569579288,
    0.09870550161812297,
    0.0372168284789644,
    0.11812297734627832
  ]
}