{
  "dice": 0.7591242694521763,
  "hd95_mean": 19.291330337524414,
  "hd95_median": 6.199121475219727,
  "hd95_count": 590,
  "fpr": 0.10388127853881278,
  "fnr": 0.06497622820919176
}