{
  "selected_threshold": 0.5,
  "dice": 0.7591242694521763,
  "hd95_median": 7.071067810058594,
  "fnr": 0.04595879556259905,
  "fpr": 0.13356164383561644
}