{
  "thresholds": [
    0.5,
    0.55,
    0.6,
    0.65,
    0.7
  ],
  "val_dice_by_threshold": {
    "0.50": 0.7694478479958468,
    "0.55": 0.7692769475184791,
    "0.60": 0.7693484369363985,
    "0.65": 0.769271981766791,
    "0.70": 0.7686470315873044
  },
  "best_threshold": 0.5,
  "best_val_dice": 0.7694478479958468
}