{
  "selected_threshold": 0.5,
  "dice": 0.7783563377515733,
  "hd95_median": 5.227785110473633,
  "fnr": 0.06656101426307448,
  "fpr": 0.1251360174102285
}