{
  "train_loss": [
    1.266835205879114,
    1.0423528326492628,
    0.9610407586757759,
    0.8710793960290802,
    0.8031345859694689,
    0.7614812407091074,
    0.6836037931943348,
    0.7031850689970626,
    0.6268536132343878,
    0.6023199764482002,
    0.5700354503777708,
    0.5575198185838554,
    0.5240313647704926,
    0.4969085944835513,
    0.4818827247621604,
    0.4841044648405516,
    0.46571425224743596,
    0.44905285580476567,
    0.4466239734454414,
    0.4266911956274636,
    0.4237980659753479,
    0.4112448162056819,
    0.40085637012467673,
    0.38910298201790455,
    0.3777716030845957,
    0.37628777628212273,
    0.37144057586540874,
    0.3660431370316853,
    0.35532633146481674,
    0.35758688550164575
  ],
  "train_dice": [
    0.6407573003643466,
    0.6969914905572983,
    0.718387112129617,
    0.7306439850311155,
    0.7432811716840779,
    0.7503411583996724,
    0.7569770552289811,
    0.7615269650069525,
    0.7671762359498188,
    0.7699187634241381,
    0.775079366216576,
    0.7764505282536697,
    0.783239729747258,
    0.784535582323334,
    0.7893386439505622,
    0.7897526499535289,
    0.7925035871390079,
    0.7957256879290409,
    0.7987680958790422,
    0.8000889933249846,
    0.8017144165705459,
    0.8058085359009853,
    0.806519322195115,
    0.808914555704827,
    0.8129535505062534,
    0.8145586232804094,
    0.8164985675207103,
    0.818190334805043,
    0.8197806305088448,
    0.8208378570088013
  ],
  "train_fpr": [
    0.49740132041017,
    0.3953357684742905,
    0.34021632251720746,
    0.3118853610564765,
    0.29249789266647935,
    0.2870188255127845,
    0.2781680247260466,
    0.28069682495082887,
    0.28589491430177016,
    0.288704692329306,
    0.28374771737603594,
    0.2745153132902501,
    0.28575442540039336,
    0.2813992694577128,
    0.2847710030907558,
    0.291373981455465,
    0.2790109581343074,
    0.3066872717055353,
    0.2902500702444507,
    0.272548468670975,
    0.2790109581343074,
    0.29881989322843494,
    0.2932003371733633,
    0.27662264681090193,
    0.27479629109300363,
    0.2832256251756111,
    0.28758078111829166,
    0.2757797134026412,
    0.27672425902514397,
    0.2610283787580781
  ],
  "train_fnr": [
    0.022533611058511645,
    0.02745172283226051,
    0.031433440636243135,
    0.03559257856872397,
    0.03294206739871261,
    0.029912911775842484,
    0.031238167360848165,
    0.028587656190836804,
    0.02688375615297236,
    0.02764104505868989,
    0.025752698352584737,
    0.025369178341537298,
    0.023286633850814087,
    0.024801211662249148,
    0.019310867095797046,
    0.023097311624384703,
    0.023286633850814087,
    0.01684967815221507,
    0.01817493373722075,
    0.021014767133661492,
    0.015903067020068155,
    0.014577811435062477,
    0.01628171147292692,
    0.016471033699356305,
    0.01609238924649754,
    0.013820522529344945,
    0.013252555850056797,
    0.014388489208633094,
    0.014959288013633781,
    0.014956455887921242
  ],
  "val_loss": [
    0.6935275557261069,
    0.8787592928555212,
    0.7022716209629979,
    0.7234213035975652,
    0.8313162063751791,
    0.8072572625257244,
    0.972345133730991,
    0.7533713993782172,
    0.9246979424410461,
    0.7850030502816813,
    0.7882309411818156,
    0.8437926316676017,
    1.08697473496488,
    0.833061267401794,
    0.8954602835042866,
    0.808336573667993,
    0.7355261606715836,
    0.7455244086212615,
    0.8794382658084813,
    0.9403255802359203,
    0.9832002995204192,
    1.0475089896265357,
    1.08976557441538,
    0.9953250174913977,
    0.886428413346024,
    1.1843130383881646,
    0.9529532645211154,
    0.866582561447059,
    1.3152713229741093,
    0.9248706418478373
  ],
  "val_dice": [
    0.6400493635316786,
    0.71225850333529,
    0.7175981295943067,
    0.7096459509165879,
    0.7306792461840755,
    0.7179739781833196,
    0.7261166816884742,
    0.7229069094731199,
    0.7331696999919357,
    0.7411406263467949,
    0.7358212466909276,
    0.7491968994399587,
    0.749863174572153,
    0.7480330533923696,
    0.7575709895866781,
    0.7376508604264954,
    0.7557758643325044,
    0.756052387007256,
    0.7654849081194709,
    0.7699680132399581,
    0.7604475703337576,
    0.7658500029618059,
    0.7518163811849449,
    0.7618646319943532,
    0.757161498383218,
    0.7463869939326131,
    0.744539152309419,
    0.7684208810311354,
    0.7571902242715208,
    0.7655176461032294
  ],
  "val_fpr": [
    0.3465665236051502,
    0.2167381974248927,
    0.22746781115879827,
    0.29506437768240346,
    0.11051502145922747,
    0.05257510729613734,
    0.09656652360515021,
    0.24034334763948498,
    0.1405579399141631,
    0.1834763948497854,
    0.16630901287553648,
    0.11266094420600858,
    0.10836909871244635,
    0.12339055793991416,
    0.13304721030042918,
    0.13733905579399142,
    0.2113733905579399,
    0.21351931330472104,
    0.1555793991416309,
    0.07832618025751073,
    0.11051502145922747,
    0.09549356223175966,
    0.06545064377682404,
    0.12339055793991416,
    0.16738197424892703,
    0.11051502145922747,
    0.11587982832618025,
    0.13733905579399142,
    0.09549356223175966,
    0.18025751072961374
  ],
  "val_fnr": [
    0.02750809061488673,
    0.07928802588996764,
    0.06310679611650485,
    0.038834951456310676,
    0.09546925566343042,
    0.09223300970873786,
    0.09223300970873786,
    0.05825242718446602,
    0.08576051779935275,
    0.06472491909385113,
    0.07281553398058252,
    0.07928802588996764,
    0.08090614886731391,
    0.05825242718446602,
    0.07766990291262135,
    0.08576051779935275,
    0.045307443365695796,
    0.02912621359223301,
    0.05339805825242718,
    0.06472491909385113,
    0.07281553398058252,
    0.06634304207119741,
    0.09870550161812297,
    0.061488673139158574,
    0.059870550161812294,
    0.061488673139158574,
    0.07119741100323625,
    0.045307443365695796,
    0.08737864077669903,
    0.05177993527508091
  ],
  "train_bce_loss": [
    0.8360200575541418,
    0.7112284791494505,
    0.6547390964965724,
    0.5802917871652883,
    0.5255173753912372,
    0.4913503831516583,
    0.4210896758627219,
    0.4456034014406584,
    0.3752440402021283,
    0.3536974476839108,
    0.32691409656071857,
    0.31659550287176996,
    0.28965986384448605,
    0.26419892610717755,
    0.25475688356227255,
    0.2580969083584515,
    0.24254288199307966,
    0.22919548765420478,
    0.2301031451699028,
    0.21183089496840612,
    0.21069942086376595,
    0.2032253834137634,
    0.19310256362569053,
    0.1839663490279085,
    0.17714571919788463,
    0.1770205534898067,
    0.17504543313906545,
    0.1710314329653568,
    0.16215377177603038,
    0.1664601103834438
  ],
  "val_bce_loss": [
    0.28781967068205566,
    0.5741802027786579,
    0.39902856976282103,
    0.41076830862591823,
    0.5515502855320338,
    0.5143687147586863,
    0.6859322499022683,
    0.46029661500466307,
    0.6508409017723349,
    0.5078815942548041,
    0.5053242894453163,
    0.57772524183176,
    0.829271555197814,
    0.5728467312358126,
    0.6425595015044773,
    0.5378727450172649,
    0.47574918277141215,
    0.48827271618312196,
    0.6323418575745908,
    0.7007393022335336,
    0.7360856269820047,
    0.8053263309245935,
    0.8346020877594882,
    0.7469139854660299,
    0.6358377442410379,
    0.9255668259154957,
    0.6884788812422962,
    0.6244372509541984,
    1.067118635324273,
    0.6830354530618957
  ],