{
  "dice": 0.7783563377515733,
  "hd95_mean": 14.722725868225098,
  "hd95_median": 5.227785110473633,
  "hd95_count": 589,
  "fpr": 0.1251360174102285,
  "fnr": 0.06656101426307448,
  "selected_threshold": 0.5
}