{
  "dice": 0.7783563377515733,
  "hd95_mean": 14.181413650512695,
  "hd95_median": 5.054460525512695,
  "hd95_count": 586,
  "fpr": 0.11099020674646355,
  "fnr": 0.07131537242472266
}