{
  "thresholds": [
    0.5,
    0.55,
    0.6,
    0.65,
    0.7
  ],
  "val_dice_by_threshold": {
    "0.50": 0.7699680132399581,
    "0.55": 0.7693014278477449,
    "0.60": 0.7693426056906677,
    "0.65": 0.7694340756066553,
    "0.70": 0.7679071524255822
  },
  "best_threshold": 0.5,
  "best_val_dice": 0.7699680132399581
}