{
  "dice": 0.7768395691814404,
  "hd95_mean": 14.772992134094238,
  "hd95_median": 4.03693151473999,
  "hd95_count": 745,
  "fpr": 0.2619647355163728,
  "fnr": 0.01455026455026455,
  "selected_threshold": 0.5
}