{
  "dice": 0.7750611618141491,
  "hd95_mean": 14.681197166442871,
  "hd95_median": 4.0553975105285645,
  "hd95_count": 744,
  "fpr": 0.2518891687657431,
  "fnr": 0.015873015873015872
}