{
  "train_loss": [
    0.4374033432570331,
    0.3287117452806761,
    0.30589334988396505,
    0.29235678329375125,
    0.27728758609035226,
    0.26490962813133523,
    0.2584407574434979,
    0.253108307610139,
    0.24577733275593075,
    0.23722818807459037,
    0.23140037330338356,
    0.22594487561083343,
    0.2237580017922126,
    0.21693497130665992,
    0.2160778110830702,
    0.2107306648047935,
    0.2082129519774975,
    0.2070137885262933,
    0.20534233197919227,
    0.20217838741778546,
    0.20129483489557634,
    0.19728306165221676,
    0.19564354026511122,
    0.19451934661549442,
    0.19363181840949012,
    0.19105608089759066,
    0.18884138640164408,
    0.18999121917950135,
    0.18587412466074005,
    0.18585572273778506
  ],
  "train_dice": [
    0.6735515277929572,
    0.7218552286520911,
    0.7398020683139683,
    0.7504595790278714,
    0.7634074114641508,
    0.7717233713238566,
    0.7764304704547295,
    0.7799481108808219,
    0.785089680701257,
    0.7924944266054343,
    0.7964246496568973,
    0.801058333713974,
    0.8025010469682667,
    0.8082976867790779,
    0.8097862511846646,
    0.8135579255488078,
    0.815928945409523,
    0.8166472396663444,
    0.8182661292191332,
    0.8209235745580814,
    0.8214142784873107,
    0.8249301849449264,
    0.8263956131179939,
    0.8275558881587246,
    0.8280423282908397,
    0.8302384355780857,
    0.832395258523518,
    0.831158620711173,
    0.8345940806178663,
    0.834565622195032
  ],
  "train_fpr": [
    0.3948462177888612,
    0.329038514824051,
    0.3232197284566362,
    0.3251593239124411,
    0.3172623995566639,
    0.2923247436963148,
    0.2484067608755888,
    0.24383485730119148,
    0.23524522028262676,
    0.257689110556941,
    0.2564422277639235,
    0.2662787475755057,
    0.28165696868938767,
    0.2829038514824051,
    0.26461623718481575,
    0.27556109725685785,
    0.2769465225824328,
    0.28692158492657244,
    0.2635078969243558,
    0.24452756996397895,
    0.24646716541978386,
    0.2403712939872541,
    0.25034635633139374,
    0.2662787475755057,
    0.2502078137988362,
    0.23372125242449432,
    0.26059850374064836,
    0.24466611249653644,
    0.23496813521751178,
    0.23746190080354668
  ],
  "train_fnr": [
    0.03415669625627171,
    0.031069085295252798,
    0.026244693168660748,
    0.02836742570436125,
    0.02527981474334234,
    0.03010420686993439,
    0.03589347742184485,
    0.03898108838286376,
    0.032805866460825936,
    0.02913932844461598,
    0.028946352759552298,
    0.025665766113469702,
    0.023543033577769202,
    0.021034349671941337,
    0.023928984947896564,
    0.018525665766113468,
    0.021806252412196064,
    0.021034349671941337,
    0.018911617136240833,
    0.02277113083751447,
    0.02064839830181397,
    0.023736009262832883,
    0.021806252412196064,
    0.018525665766113468,
    0.018332690081049787,
    0.02219220378232343,
    0.017946738710922425,
    0.023736009262832883,
    0.021806252412196064,
    0.018911617136240833
  ],
  "val_loss": [
    0.3161926767404093,
    0.3449653483810503,
    0.339142311969374,
    0.3427676482609025,
    0.4739640051567996,
    0.3107738500922664,
    0.25824599782073937,
    0.29934385959112064,
    0.29689923796452516,
    0.33101158439476264,
    0.26086419588883547,
    0.23560351720265513,
    0.3167925447522745,
    0.2871670983944014,
    0.29464750592079425,
    0.29060831496709605,
    0.25455545213211467,
    0.2754768108540451,
    0.26903302457045625,
    0.2302340136580912,
    0.24169436360887142,
    0.2569793915678548,
    0.25739392301232217,
    0.23262438098462218,
    0.2635038261463669,
    0.25233574769329653,
    0.2811104457326594,
    0.250603577408653,
    0.24117685959507257,
    0.24205582462081374
  ],
  "val_dice": [
    0.7435001072552098,
    0.7043016049480252,
    0.7132455132705321,
    0.6998574948840459,
    0.6118992047219874,
    0.7366882347438134,
    0.7819351700169069,
    0.7479186571943455,
    0.7453223659558769,
    0.7158944988596728,
    0.7821570670449751,
    0.8020041493799781,
    0.7307215828655494,
    0.7558049026855461,
    0.7518433418000208,
    0.7513755725914257,
    0.7883907825184556,
    0.7679896036539747,
    0.777579419420995,
    0.8078066962386383,
    0.8004117779283814,
    0.7880070232852572,
    0.785380358943063,
    0.8064441178896149,
    0.7803368802126657,
    0.7922647666196707,
    0.7694853916087657,
    0.785982503181594,
    0.8032686122801909,
    0.8000018063858364
  ],
  "val_fpr": [
    0.392688679245283,
    0.15566037735849056,
    0.1733490566037736,
    0.12028301886792453,
    0.025943396226415096,
    0.10141509433962265,
    0.16391509433962265,
    0.07075471698113207,
    0.14622641509433962,
    0.0625,
    0.16273584905660377,
    0.26297169811320753,
    0.06367924528301887,
    0.1332547169811321,
    0.10377358490566038,
    0.1214622641509434,
    0.24528301886792453,
    0.2134433962264151,
    0.10966981132075472,
    0.30660377358490565,
    0.21462264150943397,
    0.16981132075471697,
    0.1957547169811321,
    0.25,
    0.10141509433962265,
    0.1509433962264151,
    0.11910377358490566,
    0.16627358490566038,
    0.25943396226415094,
    0.1804245283018868
  ],
  "val_fnr": [
    0.02849002849002849,
    0.06695156695156695,
    0.04985754985754986,
    0.07834757834757834,
    0.14102564102564102,
    0.07122507122507123,
    0.03133903133903134,
    0.06837606837606838,
    0.06837606837606838,
    0.08404558404558404,
    0.02564102564102564,
    0.01566951566951567,
    0.08262108262108261,
    0.05555555555555555,
    0.04985754985754986,
    0.04843304843304843,
    0.022792022792022793,
    0.027065527065527065,
    0.045584045584045586,
    0.01282051282051282,
    0.01282051282051282,
    0.02849002849002849,
    0.014245014245014245,
    0.01566951566951567,
    0.03133903133903134,
    0.019943019943019943,
    0.038461538461538464,
    0.04985754985754986,
    0.007122507122507123,
    0.027065527065527065
  ],
  "train_bce_loss": [
    0.058024467216230724,
    0.04133045274729321,
    0.0383091805618772,
    0.03619567656873428,
    0.03383377615936687,
    0.030994468733730064,
    0.0295884101168801,
    0.02829465960386738,
    0.026320049089230732,
    0.025351543913502868,
    0.023795139714119146,
    0.022949948118601425,
    0.02246386012139453,
    0.02169736269800691,
    0.022249697351854995,
    0.020881245938940026,
    0.020848254242459473,
    0.020463881554846172,
    0.020260771056612007,
    0.019842874742117794,
    0.01972790426925758,
    0.01921027647162193,
    0.019223003958509774,
    0.019114270384205927,
    0.01884015613560921,
    0.018625173680871597,
    0.01846968935348465,
    0.018266567060650798,
    0.017790028846808907,
    0.017876202419174394
  ],
  "val_bce_loss": [
    0.03742873487816467,
    0.047089332396234515,
    0.05011204459261351,
    0.04238979831248627,
    0.0843000322292989,
    0.044002568400381206,
    0.034973674146940255,
    0.04363571087620155,
    0.04065029148380633,
    0.046939132887513696,
    0.03907010387826613,
    0.03322590583661298,
    0.04557437366712523,
    0.041169917957312986,
    0.04533308061703186,
    0.040458080724041834,
    0.040412961005240194,
    0.041226087144659015,
    0.04428982059998868,
    0.03504680513236071,
    0.039097072933513624,
    0.04262488329595856,
    0.03920304001254418,
    0.03641349763366191,
    0.04168684731440405,
    0.04285576211949751,
    0.04877967629973887,
    0.034148224788382364,
    0.04087351620836751,
    0.039909070234631645
  ],