{
  "dice": 0.6856401345391866,
  "hd95_mean": 18.164459228515625,
  "hd95_median": 9.030462265014648,
  "hd95_count": 295,
  "fpr": 0.10087719298245613,
  "fnr": 0.07523510971786834
}