{
  "train_loss": [
    1.1774451955651382,
    0.9322420799476887,
    0.881274953378616,
    0.7892525892122387,
    0.7613415388737317,
    0.7436692405383402,
    0.7218557734682103,
    0.6475882318676097,
    0.6483467404013841,
    0.6099975137576383,
    0.6217334913183944,
    0.5742898450338225,
    0.5611222249775478,
    0.532510969194353,
    0.5167993401820168,
    0.5109540144217803,
    0.5049034834197856,
    0.4859617164911578,
    0.48274835846897285,
    0.4785586849799576,
    0.4547344618022241,
    0.4386352749406912,
    0.429889624173528,
    0.4291665442524846,
    0.4176062311483972,
    0.4081032057512181,
    0.40981754888804794,
    0.3990473570406615,
    0.391093128393547,
    0.3800180926556764
  ],
  "train_dice": [
    0.6403006845028354,
    0.7008597959764389,
    0.7105328651860056,
    0.7335438593297494,
    0.7410930314134541,
    0.742986500885431,
    0.7503994022932613,
    0.7581876309915245,
    0.761856629024904,
    0.7686801144058092,
    0.770297058379686,
    0.7778716365846463,
    0.7797428317766473,
    0.7858814020139091,
    0.7862685073474276,
    0.7905704570434893,
    0.7908360466790136,
    0.7971013392767226,
    0.8003649072219181,
    0.8031212432743953,
    0.8050650000926546,
    0.8097991679111838,
    0.8132152511761228,
    0.8145749421899645,
    0.8149723411080056,
    0.81905190840018,
    0.821680497065174,
    0.8236435795524669,
    0.8250505598234089,
    0.8281771369914405
  ],
  "train_fpr": [
    0.485895221646517,
    0.41784172661870506,
    0.3597122302158273,
    0.3390903857225101,
    0.31865284974093266,
    0.29159470351180194,
    0.29035971223021584,
    0.27835348301669544,
    0.27461139896373055,
    0.27058146229130686,
    0.26215827338129494,
    0.2708693149107657,
    0.25676453655728265,
    0.24467472654001152,
    0.24035693724812895,
    0.2339568345323741,
    0.24179620034542315,
    0.22941853770869314,
    0.2368345323741007,
    0.21214738054116292,
    0.2227338129496403,
    0.2097841726618705,
    0.2219343696027634,
    0.21151079136690648,
    0.21646516983304548,
    0.21934369602763384,
    0.21214738054116292,
    0.21790443293033968,
    0.21761658031088082,
    0.21099597006332757
  ],
  "train_fnr": [
    0.03702318623784592,
    0.026187803965581742,
    0.036288814066591846,
    0.034031413612565446,
    0.03664921465968586,
    0.044128646222887064,
    0.03890759446315002,
    0.0400149588631264,
    0.035153328347045626,
    0.03664921465968586,
    0.032173587729143284,
    0.027673896783844427,
    0.02804786836200449,
    0.029917726252804786,
    0.030665669409124907,
    0.03292181069958848,
    0.032909498878085267,
    0.031039640987284966,
    0.026936026936026935,
    0.024308152580403888,
    0.02543958099513655,
    0.025813692480359147,
    0.02169035153328347,
    0.024691358024691357,
    0.025430067314884067,
    0.02356020942408377,
    0.022064323111443532,
    0.02281226626776365,
    0.02356020942408377,
    0.02393418100224383
  ],
  "val_loss": [
    0.7869956655935808,
    0.7709946718034157,
    0.9344245087016713,
    0.6603716545440584,
    0.9030071640294318,
    0.9641108691167971,
    0.6273137046969182,
    1.0846613161375096,
    1.366404329489403,
    0.6032839186729924,
    0.7171360448308705,
    0.4599315060024038,
    0.48574277837255486,
    0.6057803248030699,
    0.5621504863161495,
    0.5536260213320556,
    0.5661836498993233,
    1.0215183253512006,
    0.5386252089504622,
    0.9349650520383438,
    0.8916855679054764,
    0.634385747381669,
    0.7985014522180529,
    0.6745919918209926,
    0.721881891625368,
    0.6688684897164096,
    0.8299611808617444,
    0.8009128066276875,
    0.5970510664748306,
    0.46754691494175415
  ],
  "val_dice": [
    0.6466425564659,
    0.6904558298284532,
    0.6820494956132079,
    0.7342756906649933,
    0.698969987742712,
    0.6933009588648497,
    0.762504779960403,
    0.6715594954198756,
    0.6382758507281104,
    0.7490966427972939,
    0.7533012687438919,
    0.7733067394264282,
    0.7558188652100801,
    0.751613929299665,
    0.762583414436785,
    0.762511998879289,
    0.7754572871690097,
    0.6991795858482985,
    0.7966154670654154,
    0.7352524226083478,
    0.7309601864070138,
    0.771796338861027,
    0.7594883535002683,
    0.7719396462887963,
    0.7423162171262101,
    0.7594337249693632,
    0.7497338031437739,
    0.7515752353211127,
    0.787366335648945,
    0.7828677292487138
  ],
  "val_fpr": [
    0.5668202764976958,
    0.4861751152073733,
    0.21428571428571427,
    0.4009216589861751,
    0.1336405529953917,
    0.21889400921658986,
    0.31336405529953915,
    0.16359447004608296,
    0.21889400921658986,
    0.23271889400921658,
    0.14285714285714285,
    0.18663594470046083,
    0.18663594470046083,
    0.1313364055299539,
    0.1336405529953917,
    0.1774193548387097,
    0.16820276497695852,
    0.1382488479262673,
    0.14285714285714285,
    0.09216589861751152,
    0.1359447004608295,
    0.14746543778801843,
    0.1774193548387097,
    0.12442396313364056,
    0.1497695852534562,
    0.1313364055299539,
    0.1774193548387097,
    0.11290322580645161,
    0.10138248847926268,
    0.21658986175115208
  ],
  "val_fnr": [
    0.005865102639296188,
    0.005865102639296188,
    0.04398826979472141,
    0.005865102639296188,
    0.11730205278592376,
    0.09090909090909091,
    0.005865102639296188,
    0.12609970674486803,
    0.12316715542521994,
    0.06451612903225806,
    0.06451612903225806,
    0.01466275659824047,
    0.02932551319648094,
    0.06158357771260997,
    0.05865102639296188,
    0.011730205278592375,
    0.02346041055718475,
    0.1348973607038123,
    0.020527859237536656,
    0.10263929618768329,
    0.06451612903225806,
    0.026392961876832845,
    0.026392961876832845,
    0.05571847507331378,
    0.06451612903225806,
    0.06744868035190615,
    0.06451612903225806,
    0.08797653958944282,
    0.02932551319648094,
    0.011730205278592375
  ]
}