{
  "train_loss": [
    1.1706609209300494,
    0.9158139437073758,
    0.8028121207044138,
    0.7279836519300141,
    0.68304490377369,
    0.6369067742425238,
    0.6093672459275409,
    0.5852482135776641,
    0.5765282517185614,
    0.536482282240522,
    0.5312966048415844,
    0.5185692597202561,
    0.4966403828822545,
    0.4821783839719469,
    0.4618964028154783,
    0.444624168401802,
    0.4391918914842699,
    0.4193680073224257,
    0.405881465987291,
    0.40224856888557,
    0.3922096947906996,
    0.3925757403426903,
    0.3742947214657921,
    0.37095404822664785,
    0.3529799505117154,
    0.35532238352868073,
    0.34793109576262876,
    0.33589500214903084,
    0.3420473001838784,
    0.3359332519663148
  ],
  "train_dice": [
    0.6320440655722237,
    0.7007040983601391,
    0.7292441525203673,
    0.7468013861790909,
    0.7628031952088893,
    0.7691406092787626,
    0.7761965091195697,
    0.7841362738513253,
    0.7878573809155722,
    0.7939150420001073,
    0.7974820499719888,
    0.80012268685024,
    0.8022474139378225,
    0.8129312507762466,
    0.8131404978026345,
    0.8163133748168329,
    0.8199174426012985,
    0.8259386271972041,
    0.8284139422669778,
    0.8310851347762616,
    0.8332309312386573,
    0.8356287168154387,
    0.8413242198950238,
    0.8411974849563626,
    0.8460249752029396,
    0.8441607959007656,
    0.849739364853383,
    0.8501314484593768,
    0.8513774920489149,
    0.8543837755063998
  ],
  "train_fpr": [
    0.3748263406501806,
    0.2574284920855318,
    0.20777777777777778,
    0.19066147859922178,
    0.1875520978049458,
    0.17866073909419283,
    0.18393998332870243,
    0.18916666666666668,
    0.17866073909419283,
    0.19560989163656572,
    0.20166666666666666,
    0.1964434565156988,
    0.20333333333333334,
    0.20894692970269518,
    0.19483046136742635,
    0.19816564758198998,
    0.22228396776882467,
    0.19783273131425397,
    0.21021938350458205,
    0.2097804945818283,
    0.18949708252292302,
    0.20972222222222223,
    0.21222222222222223,
    0.21394831897749375,
    0.19677598665925514,
    0.18777777777777777,
    0.1893918356012219,
    0.2063315745626215,
    0.19144206724090024,
    0.19788771539744301
  ],
  "train_fnr": [
    0.05658153241650295,
    0.05426661423515533,
    0.054245283018867926,
    0.049096622152395915,
    0.0518664047151277,
    0.049901768172888016,
    0.04636542239685658,
    0.04284591194968553,
    0.03654223968565815,
    0.037721021611001965,
    0.03498427672955975,
    0.03575638506876228,
    0.029874213836477988,
    0.026326129666011788,
    0.025923016496465043,
    0.030636292223095052,
    0.02318271119842829,
    0.026326129666011788,
    0.023987416437278804,
    0.018860510805500982,
    0.023575638506876228,
    0.020833333333333332,
    0.018081761006289308,
    0.02082514734774067,
    0.018460329929300863,
    0.02122641509433962,
    0.019268580416830515,
    0.018088871411718443,
    0.017288801571709235,
    0.016496465043205028
  ],
  "val_loss": [
    0.8083230874577506,
    0.7872098989174015,
    0.6416788208680074,
    0.6226163100023738,
    0.5885121396330536,
    0.67736923401473,
    0.615676400602841,
    0.538965191704328,
    0.529889984502167,
    0.6245341811023775,
    0.5724526287102308,
    0.6031160279375608,
    0.5566247728027282,
    0.5382525398105872,
    0.7708300849453348,
    1.0059274820030712,
    0.686832950545139,
    1.2911186152794323,
    0.6150150308843518,
    0.4971964877159869,
    0.721652396487408,
    0.5322073078546368,
    0.5163639120391158,
    0.5276025168231276,
    0.4790550212391087,
    0.6273927084735182,
    0.6366760549975223,
    0.5610850177827429,
    0.5740088692454041,
    0.5686644487693662
  ],
  "val_dice": [
    0.543290280123226,
    0.7353026044173319,
    0.7561324852411864,
    0.6797965804084403,
    0.7512813601826058,
    0.740757526335169,
    0.76163992056104,
    0.8054158819503472,
    0.7608018422224483,
    0.7938629971175898,
    0.7971489495918399,
    0.7848774751678842,
    0.7830555046190981,
    0.7903419490231842,
    0.739905951453037,
    0.7432252642072615,
    0.7885108480688001,
    0.7087037126548955,
    0.8128264368068977,
    0.8287058372478016,
    0.7731287261013124,
    0.8220549111483527,
    0.8185570939031781,
    0.8213034516230958,
    0.7953525007748213,
    0.784058144444325,
    0.8051473445823936,
    0.7998675499783188,
    0.8111581866125591,
    0.8375579480509289
  ],
  "val_fpr": [
    0.5170212765957447,
    0.0574468085106383,
    0.04042553191489362,
    0.2297872340425532,
    0.26382978723404255,
    0.01276595744680851,
    0.0425531914893617,
    0.10851063829787234,
    0.14042553191489363,
    0.10212765957446808,
    0.0574468085106383,
    0.03404255319148936,
    0.08085106382978724,
    0.15319148936170213,
    0.036170212765957444,
    0.10638297872340426,
    0.08297872340425531,
    0.06170212765957447,
    0.08936170212765958,
    0.15106382978723404,
    0.18936170212765957,
    0.17659574468085107,
    0.2148936170212766,
    0.2148936170212766,
    0.1425531914893617,
    0.10425531914893617,
    0.19574468085106383,
    0.10638297872340426,
    0.14680851063829786,
    0.25957446808510637
  ],
  "val_fnr": [
    0.013114754098360656,
    0.05901639344262295,
    0.07213114754098361,
    0.04262295081967213,
    0.03934426229508197,
    0.10491803278688525,
    0.07540983606557378,
    0.03934426229508197,
    0.036065573770491806,
    0.05901639344262295,
    0.05573770491803279,
    0.06229508196721312,
    0.07213114754098361,
    0.01639344262295082,
    0.10491803278688525,
    0.08852459016393442,
    0.06557377049180328,
    0.1377049180327869,
    0.03934426229508197,
    0.013114754098360656,
    0.036065573770491806,
    0.022950819672131147,
    0.02622950819672131,
    0.013114754098360656,
    0.029508196721311476,
    0.07213114754098361,
    0.022950819672131147,
    0.05245901639344262,
    0.036065573770491806,
    0.013114754098360656
  ]
}