{
  "dice": 0.7750164181438844,
  "hd95_mean": 11.5961275100708,
  "hd95_median": 5.419126033782959,
  "hd95_count": 324,
  "fpr": 0.17727272727272728,
  "fnr": 0.03283582089552239
}