{
  "train_loss": [
    1.2765711010723535,
    1.1436412145225616,
    1.0007206367390706,
    0.9196454022606951,
    0.874955645786504,
    0.8285409040060752,
    0.7939646120727132,
    0.7329740960670799,
    0.7251369334319397,
    0.7048925955034289,
    0.6974166309569718,
    0.6518447850062251,
    0.6357045742954658,
    0.603624126004532,
    0.6029915668482158,
    0.5928106553792079,
    0.5658121352916663,
    0.542303910241257,
    0.5333526320741082,
    0.5241315276162202,
    0.5162523053514483,
    0.48588579724566566,
    0.48721885140286847,
    0.4710605559785608,
    0.46891580344363903,
    0.4526596354053525,
    0.4529326148374365,
    0.44196207056007053,
    0.4458741571626057,
    0.4306749146768776
  ],
  "train_dice": [
    0.5932388384303805,
    0.6524257062920659,
    0.680582120842268,
    0.6957447341213266,
    0.7025310776554982,
    0.7100504208136541,
    0.7175064909073535,
    0.7295510876118477,
    0.7330267976901774,
    0.7408367042614425,
    0.7437124725972646,
    0.749888162042587,
    0.7536397661678118,
    0.7595798061546212,
    0.7639303380809941,
    0.7715030275285244,
    0.7758611689574058,
    0.7801954547938734,
    0.7851850944454196,
    0.7880431787605147,
    0.7880263310422596,
    0.79836639641854,
    0.7983498329409748,
    0.8001030247452491,
    0.8033651084998052,
    0.8073498863722535,
    0.8071294410325583,
    0.8095571280431519,
    0.8131189858090891,
    0.8162782155582358
  ],
  "train_fpr": [
    0.4979126078485945,
    0.5154467019204008,
    0.4535336672231497,
    0.3772954924874791,
    0.33760089062065124,
    0.3292513220150292,
    0.3153353743389925,
    0.2830503757305873,
    0.26933778519755147,
    0.2538268856109101,
    0.24297244642360144,
    0.22933481770108544,
    0.221480244852532,
    0.21313299944351696,
    0.18703033676593375,
    0.19009184525466183,
    0.1850821040912886,
    0.18196994991652754,
    0.17868076816031173,
    0.17088783746173114,
    0.15919844141386028,
    0.166110183639399,
    0.1706095185082104,
    0.1783528102392877,
    0.16949624269412747,
    0.1722794322293348,
    0.17033119955468967,
    0.15196214862232119,
    0.16337322571667132,
    0.16666666666666666
  ],
  "train_fnr": [
    0.04367993815229996,
    0.021646695013529185,
    0.02320185614849188,
    0.02977571539056458,
    0.03749516814843448,
    0.03788171627367607,
    0.04020100502512563,
    0.04252029377657519,
    0.040989945862335654,
    0.044066486277541554,
    0.044066486277541554,
    0.038654812524159254,
    0.036736272235112145,
    0.04021655065738593,
    0.039427908774642445,
    0.03788171627367607,
    0.03672207189795129,
    0.03789636504253674,
    0.03749516814843448,
    0.03556242752222652,
    0.03710862002319289,
    0.02745552977571539,
    0.032856590645535366,
    0.02668213457076566,
    0.027831465017394665,
    0.029377657518361036,
    0.027831465017394665,
    0.027831465017394665,
    0.023579435639737148,
    0.02668213457076566
  ],
  "val_loss": [
    1.460255448560457,
    1.129812157315177,
    2.304966829596339,
    1.593597257781673,
    1.61397740204592,
    1.2623694604313052,
    1.0245631614246884,
    1.5252274566405528,
    1.134345934842084,
    1.4559006374430012,
    1.7587662025077924,
    1.6691406129985242,
    0.8414565056562424,
    0.808582852982186,
    0.9080995082855224,
    0.9927952063244743,
    0.9226191871875041,
    1.3344989405693235,
    1.7816665230167879,
    0.8561106330639607,
    1.0105092485208769,
    0.8112181595048389,
    1.1401192447623691,
    1.0762752448384827,
    0.9813429082567627,
    1.0417854540251397,
    1.4704620796280938,
    0.9000969196493561,
    1.5774843828903662,
    1.0843036855394776
  ],
  "val_dice": [
    0.666295313261248,
    0.6817096670938505,
    0.5402903580698311,
    0.671601057470449,
    0.677460341356896,
    0.7148073111786633,
    0.7329406626421857,
    0.7152754168076491,
    0.7421061093138682,
    0.719164159934263,
    0.6782561927228361,
    0.6792343235901884,
    0.7343263127513834,
    0.7830776314074929,
    0.7664664057259624,
    0.77583270958952,
    0.7724161873798112,
    0.7458460457421637,
    0.7113987580747217,
    0.7832324197968921,
    0.7744635562236245,
    0.7754561606492545,
    0.7476902586785523,
    0.7801902519287289,
    0.777366803959012,
    0.781493861208091,
    0.7553451361940117,
    0.78907395647587,
    0.7377024333823372,
    0.75180516064016
  ],
  "val_fpr": [
    0.2765432098765432,
    0.28641975308641976,
    0.13333333333333333,
    0.20246913580246914,
    0.16296296296296298,
    0.20493827160493827,
    0.2716049382716049,
    0.08641975308641975,
    0.23209876543209876,
    0.08148148148148149,
    0.05432098765432099,
    0.0691358024691358,
    0.23209876543209876,
    0.2345679012345679,
    0.16049382716049382,
    0.20246913580246914,
    0.14814814814814814,
    0.10123456790123457,
    0.02962962962962963,
    0.09382716049382717,
    0.15555555555555556,
    0.20246913580246914,
    0.2345679012345679,
    0.145679012345679,
    0.21728395061728395,
    0.19753086419753085,
    0.1111111111111111,
    0.1308641975308642,
    0.08641975308641975,
    0.18518518518518517
  ],
  "val_fnr": [
    0.021621621621621623,
    0.016216216216216217,
    0.06756756756756757,
    0.03513513513513514,
    0.04054054054054054,
    0.032432432432432434,
    0.02702702702702703,
    0.051351351351351354,
    0.02972972972972973,
    0.043243243243243246,
    0.07297297297297298,
    0.08108108108108109,
    0.01891891891891892,
    0.010810810810810811,
    0.02702702702702703,
    0.01891891891891892,
    0.016216216216216217,
    0.02972972972972973,
    0.11081081081081082,
    0.03513513513513514,
    0.016216216216216217,
    0.016216216216216217,
    0.016216216216216217,
    0.01891891891891892,
    0.016216216216216217,
    0.013513513513513514,
    0.04054054054054054,
    0.043243243243243246,
    0.032432432432432434,
    0.02702702702702703
  ]
}