{
  "dice": 0.8157530185231503,
  "hd95_mean": 7.949039459228516,
  "hd95_median": 6.276008605957031,
  "hd95_count": 362,
  "fpr": 0.05764411027568922,
  "fnr": 0.03723404255319149
}