{
  "train_loss": [
    0.5251505337084159,
    0.3919962359462875,
    0.3581021905468791,
    0.3282458075025881,
    0.3122685100354085,
    0.29675397501496636,
    0.2861690040190345,
    0.279012990484225,
    0.27180988116782495,
    0.3614628780728442,
    0.32476121817757797,
    0.3185234976135138,
    0.3102643250685298,
    0.3011214104388456,
    0.3077684381771801,
    0.29384989305399356,
    0.2928380528124551,
    0.2878657391633788,
    0.2802904490501422,
    0.2800833874799507,
    0.2757854975668262,
    0.270783631128584,
    0.2758413261205923,
    0.2710692379323851,
    0.267788688298276,
    0.26161130950997835,
    0.2612442222685384,
    0.2581336566564542,
    0.24928707883955514,
    0.25022844203653105
  ],
  "train_dice": [
    0.6728312180918034,
    0.7306347969753936,
    0.7545530684947469,
    0.7758590877026136,
    0.7857415896822314,
    0.797786071305898,
    0.8040999022122529,
    0.8087983076812947,
    0.8146549562482643,
    0.7771473914558373,
    0.7901786364410355,
    0.7925314667733443,
    0.7942374919073755,
    0.80116107591312,
    0.7975358163954327,
    0.8038506708545328,
    0.8058359873634698,
    0.8080545582951754,
    0.8117393776938446,
    0.8124737282260854,
    0.8143033317427828,
    0.8180338996332904,
    0.8145974009017456,
    0.8162158289076004,
    0.8190188505724736,
    0.822983982518781,
    0.8228842279390757,
    0.8247984247952418,
    0.831013744427683,
    0.8301733548209266
  ],
  "train_fpr": [
    0.35162974460279384,
    0.24537886270636378,
    0.22999858896571188,
    0.21853837471783297,
    0.21543453724604966,
    0.211313302299337,
    0.21123183293354028,
    0.21295512277730735,
    0.2110609480812641,
    0.06702412868632708,
    0.06489841986455983,
    0.06193566591422122,
    0.05812641083521445,
    0.05982785381684775,
    0.0496684069422887,
    0.06475733634311512,
    0.047128545223648934,
    0.05136164808804854,
    0.04542889390519187,
    0.04980951037110202,
    0.04528781038374718,
    0.055453647523634825,
    0.0497954577514459,
    0.04303654578806265,
    0.044870890362635814,
    0.04246613995485327,
    0.04444758007619585,
    0.04810948081264108,
    0.0510794412304219,
    0.048962889798222095
  ],
  "train_fnr": [
    0.04658208672599887,
    0.048286309411096386,
    0.03919712175724294,
    0.03446969696969697,
    0.03068181818181818,
    0.03125591968175791,
    0.026888846809316417,
    0.026505111700113593,
    0.02462121212121212,
    0.07896231774285173,
    0.07178030303030303,
    0.0731060606060606,
    0.07443181818181818,
    0.06608596856655936,
    0.0747964400681689,
    0.0634469696969697,
    0.0698731300889983,
    0.06760083317553493,
    0.06799242424242424,
    0.06589661049043742,
    0.06761363636363636,
    0.058322287445559555,
    0.06554271642356507,
    0.06494982010982768,
    0.06570725241431546,
    0.05965909090909091,
    0.06248816512024238,
    0.05928030303030303,
    0.05017989017231585,
    0.055860632455974245
  ],
  "val_loss": [
    0.7628308822036175,
    0.3674540243150733,
    0.36876803812567854,
    0.34102689525456104,
    0.3524757597149383,
    0.3160442819873106,
    0.34127537127355156,
    0.34356731195665874,
    0.5162719694541882,
    0.3778554070077861,
    0.3775540497214277,
    0.406311138210559,
    0.44336096310692696,
    0.39509579500719955,
    0.43672868568438156,
    0.3936287030384764,
    0.411928809793443,
    0.48775786552035694,
    0.4298750524526661,
    0.43816954917410045,
    0.375602644334719,
    0.4455008381151844,
    0.4173693600499514,
    0.36247356484333676,
    0.43969815822384506,
    0.3914778251140635,
    0.4551898319286243,
    0.3674672105889104,
    0.42589514290244834,
    0.4362277725657213
  ],
  "val_dice": [
    0.457322278334292,
    0.7295872844984713,
    0.7373059485529618,
    0.756561918238413,
    0.7517510785760424,
    0.7720887024546326,
    0.7566954035637448,
    0.752825459332769,
    0.6847457062682095,
    0.7629197878600325,
    0.759617636360011,
    0.7555330657795023,
    0.7316001147562247,
    0.74734096823435,
    0.729688817219248,
    0.7535536293796351,
    0.741588683968446,
    0.7140812172063153,
    0.7388359325121135,
    0.73083994626806,
    0.7568771475895901,
    0.7343232289776447,
    0.7412267536600045,
    0.7646517221451191,
    0.7308720870600549,
    0.7610253395579007,
    0.7295882589030034,
    0.7631819869804537,
    0.7383579407309251,
    0.732287719508205
  ],
  "val_fpr": [
    0.004291845493562232,
    0.2017167381974249,
    0.12124463519313304,
    0.15987124463519314,
    0.07188841201716738,
    0.05257510729613734,
    0.0890557939914163,
    0.0536480686695279,
    0.1298283261802575,
    0.03540772532188841,
    0.013948497854077254,
    0.045064377682403435,
    0.008583690987124463,
    0.00536480686695279,
    0.0075107296137339056,
    0.04291845493562232,
    0.0075107296137339056,
    0.00536480686695279,
    0.022532188841201718,
    0.02682403433476395,
    0.04935622317596566,
    0.008583690987124463,
    0.00536480686695279,
    0.02467811158798283,
    0.006437768240343348,
    0.009656652360515022,
    0.015021459227467811,
    0.02467811158798283,
    0.012875536480686695,
    0.004291845493562232
  ],
  "val_fnr": [
    0.26537216828478966,
    0.06957928802588997,
    0.08414239482200647,
    0.059870550161812294,
    0.06472491909385113,
    0.07928802588996764,
    0.07119741100323625,
    0.08737864077669903,
    0.09061488673139159,
    0.0970873786407767,
    0.10841423948220065,
    0.10032362459546926,
    0.13268608414239483,
    0.1343042071197411,
    0.15857605177993528,
    0.10517799352750809,
    0.1423948220064725,
    0.16181229773462782,
    0.13754045307443366,
    0.14563106796116504,
    0.10032362459546926,
    0.1343042071197411,
    0.1423948220064725,
    0.09223300970873786,
    0.12944983818770225,
    0.11165048543689321,
    0.14401294498381878,
    0.10194174757281553,
    0.12297734627831715,
    0.14563106796116504
  ]
}