{
  "selected_threshold": 0.5,
  "dice": 0.743960759967046,
  "hd95_median": 6.0,
  "fnr": 0.07923930269413629,
  "fpr": 0.10730593607305935
}