{
  "thresholds": [
    0.5,
    0.55,
    0.6,
    0.65,
    0.7
  ],
  "val_dice_by_threshold": {
    "0.50": 0.7720887024546326,
    "0.55": 0.7690455180360758,
    "0.60": 0.7655469654188235,
    "0.65": 0.7609523953237001,
    "0.70": 0.7561087626783014
  },
  "best_threshold": 0.5,
  "best_val_dice": 0.7720887024546326
}