{
  "dice": 0.743960759967046,
  "hd95_mean": 16.184486389160156,
  "hd95_median": 6.552343368530273,
  "hd95_count": 573,
  "fpr": 0.08561643835616438,
  "fnr": 0.0919175911251981
}