{
  "train_loss": [
    0.40808521624589933,
    0.30015910798435436,
    0.2776479621536081,
    0.2594126435899909,
    0.248063725086442,
    0.24193799593327833,
    0.23652516523837688,
    0.22859216231126053,
    0.22638491887645076,
    0.2214217488276254,
    0.21647202249553174,
    0.21426025401115273,
    0.21113720140328732,
    0.20813044093920183,
    0.20398073357623886,
    0.2040590578570348,
    0.19923200402961067,
    0.19938262765725256,
    0.19550420771679944,
    0.19197066887308753,
    0.19260693386106092,
    0.18936818053189797,
    0.18776682838026532,
    0.18511935247762332,
    0.1843963319297832,
    0.18319782473142748,
    0.18042462342700924,
    0.18011385775962227,
    0.17650906677591768,
    0.1767467787689348
  ],
  "train_dice": [
    0.7023054297540928,
    0.7409977760638624,
    0.7596636913569532,
    0.774366493027776,
    0.7840368591020457,
    0.7886120995804695,
    0.7927104618680184,
    0.7994938773432286,
    0.8009944239304994,
    0.8054538229774735,
    0.8098555252750641,
    0.8116115847529204,
    0.8141177096087211,
    0.8157777827581779,
    0.8198142908662891,
    0.8194765147392548,
    0.823695204968653,
    0.8234293868505791,
    0.8269842293783092,
    0.8300652367938272,
    0.8292945712032368,
    0.8316332388942936,
    0.8330752328409842,
    0.8353364814191628,
    0.8359776704123932,
    0.8375157605555883,
    0.8392298704820039,
    0.8397861287454861,
    0.8429545950635632,
    0.8426885645749416
  ],
  "train_fpr": [
    0.4294443654966605,
    0.31845957083984655,
    0.31647008668466675,
    0.2841716396703609,
    0.307091089953105,
    0.28672918442739415,
    0.29231206480034105,
    0.2770673486786019,
    0.2641750746056558,
    0.2560750319738525,
    0.25891715219553785,
    0.2756856615034816,
    0.24769077731988062,
    0.26076453033963337,
    0.23390649424470655,
    0.23703282648856047,
    0.25806451612903225,
    0.24698024726445927,
    0.26616455876083556,
    0.2648856046610772,
    0.26076453033963337,
    0.2422907488986784,
    0.2590592582066221,
    0.24769077731988062,
    0.24584339917578513,
    0.2455591871536166,
    0.2628961205058974,
    0.24797498934204917,
    0.24953815546397612,
    0.26957510302685805
  ],
  "train_fnr": [
    0.030579899310087637,
    0.040089502144322206,
    0.03542793212754056,
    0.03282357329354718,
    0.026850643296662317,
    0.02648265572547557,
    0.02386723848592206,
    0.026855650876538604,
    0.026477717695319782,
    0.025172478090620922,
    0.02386723848592206,
    0.018646280067126608,
    0.022748461681894462,
    0.021070296475853068,
    0.022002610479209397,
    0.025545403691963453,
    0.01808689166511281,
    0.020697370874510537,
    0.02051090807383927,
    0.018459817266455344,
    0.01771396606377028,
    0.0208838336751818,
    0.017341040462427744,
    0.019205668469140406,
    0.019019205668469142,
    0.01771396606377028,
    0.01566287525638635,
    0.01752750326309901,
    0.015476412455715086,
    0.016595189259742682
  ],
  "val_loss": [
    0.3877632903546965,
    0.3569989792322808,
    0.3374023568293039,
    0.38701057164066466,
    0.3377705317969522,
    0.366725341404659,
    0.38583633859716626,
    0.31485153039659025,
    0.33973611665848835,
    0.36118162516640484,
    0.33680149341804266,
    0.3648994208551454,
    0.3537022568856495,
    0.4165442463635963,
    0.28936254838413566,
    0.3436621059874331,
    0.2879192322846094,
    0.3079890876002338,
    0.30893989019911655,
    0.3474376331525345,
    0.3082393610754805,
    0.2868238252852737,
    0.2970002923351135,
    0.33110253597698075,
    0.2873069138313732,
    0.27301669460415406,
    0.30231567750664523,
    0.311313243672578,
    0.3528268641499925,
    0.2894009680888296
  ],
  "val_dice": [
    0.6824639986969367,
    0.7120823599126217,
    0.7307333573263927,
    0.6880203025238792,
    0.7276202570375082,
    0.7004035805725921,
    0.6916921481598903,
    0.7477976128132674,
    0.7261084261200779,
    0.7109578626923753,
    0.7300224865603185,
    0.7092101977471887,
    0.7005395045741903,
    0.658986470606314,
    0.7633408279749598,
    0.7253087664172597,
    0.7654483230118334,
    0.7455922878462903,
    0.7540920159351217,
    0.727576681242807,
    0.7473533487994305,
    0.7641356661589477,
    0.7608700496056219,
    0.73437600730762,
    0.7641293047770966,
    0.7776621729461816,
    0.757747118536682,
    0.7488874983994195,
    0.7222736881216512,
    0.7661165424044768
  ],
  "val_fpr": [
    0.1884393063583815,
    0.2635838150289017,
    0.3109826589595376,
    0.23815028901734103,
    0.17341040462427745,
    0.19884393063583816,
    0.14682080924855492,
    0.29595375722543354,
    0.1653179190751445,
    0.15028901734104047,
    0.19884393063583816,
    0.1283236994219653,
    0.14682080924855492,
    0.07283236994219654,
    0.14682080924855492,
    0.14450867052023122,
    0.24393063583815028,
    0.16878612716763006,
    0.18497109826589594,
    0.1283236994219653,
    0.1745664739884393,
    0.23930635838150288,
    0.18959537572254334,
    0.13179190751445086,
    0.2069364161849711,
    0.1884393063583815,
    0.18034682080924855,
    0.1745664739884393,
    0.1838150289017341,
    0.1260115606936416
  ],
  "val_fnr": [
    0.07737226277372262,
    0.05401459854014599,
    0.030656934306569343,
    0.033576642335766425,
    0.04525547445255475,
    0.05401459854014599,
    0.05693430656934306,
    0.024817518248175182,
    0.051094890510948905,
    0.052554744525547446,
    0.04671532846715328,
    0.061313868613138686,
    0.08759124087591241,
    0.10948905109489052,
    0.052554744525547446,
    0.04525547445255475,
    0.033576642335766425,
    0.04525547445255475,
    0.03941605839416058,
    0.052554744525547446,
    0.042335766423357665,
    0.029197080291970802,
    0.042335766423357665,
    0.07445255474452554,
    0.0364963503649635,
    0.04671532846715328,
    0.04671532846715328,
    0.043795620437956206,
    0.04671532846715328,
    0.04671532846715328
  ],
  "train_bce_loss": [
    0.05814540296439353,
    0.03573883635701886,
    0.033117896334456075,
    0.029899792532975183,
    0.028462184528570605,
    0.027285836578853157,
    0.026140921656013033,
    0.025205389122015975,
    0.024839079979670903,
    0.02421358620759377,
    0.023628787749282974,
    0.02346108534621282,
    0.022736023935952934,
    0.021938118045551167,
    0.021504525777202615,
    0.02142055464577124,
    0.020760582162816038,
    0.020819924865370588,
    0.020345604909432432,
    0.019949706570037827,
    0.019927085753117208,
    0.019213981470694634,
    0.0191119194334922,
    0.018683750331735246,
    0.018627974466061344,
    0.018866812050061212,
    0.018074954463448003,
    0.018171313663611136,
    0.017842428259115625,
    0.01788175975738113
  ],
  "val_bce_loss": [
    0.06666958437719293,
    0.06681424432033062,
    0.06498414395363444,
    0.07321539086172439,
    0.06371889804178903,
    0.06606225955170872,
    0.0782696282950801,
    0.060737013679344455,
    0.06437915710334659,
    0.07152784228907816,
    0.06497527661811506,
    0.07132787093763192,
    0.05672290890492893,
    0.07690602499655155,
    0.05204782912811013,
    0.06837869399842418,
    0.05329721368913858,
    0.05216268931292881,
    0.0636158676569887,
    0.07537683036091676,
    0.05574777016830869,
    0.05006888663280674,
    0.0581580273621804,
    0.06537792201521024,
    0.052452799143273054,
    0.049947328226773384,
    0.06008080266735578,
    0.06023321070837496,
    0.07573675221218014,
    0.05506780824384373
  ],