{
  "dice": 0.720572938267587,
  "hd95_mean": 16.12561798095703,
  "hd95_median": 9.206275939941406,
  "hd95_count": 676,
  "fpr": 0.20738974970202623,
  "fnr": 0.04922644163150492,
  "selected_threshold": 0.5
}