{
  "selected_threshold": 0.5,
  "dice": 0.720572938267587,
  "hd95_median": 9.206275939941406,
  "fnr": 0.04922644163150492,
  "fpr": 0.20738974970202623
}