{
  "dice": 0.720572938267587,
  "hd95_mean": 15.935091018676758,
  "hd95_median": 9.219544410705566,
  "hd95_count": 675,
  "fpr": 0.20023837902264602,
  "fnr": 0.05063291139240506
}