{
  "thresholds": [
    0.5,
    0.55,
    0.6,
    0.65,
    0.7
  ],
  "val_dice_by_threshold": {
    "0.50": 0.7776621729461816,
    "0.55": 0.7767678646710667,
    "0.60": 0.7758683122531341,
    "0.65": 0.7750452920468184,
    "0.70": 0.7739846194584439
  },
  "best_threshold": 0.5,
  "best_val_dice": 0.7776621729461816
}