{
  "dice": 0.7438654406341138,
  "hd95_mean": 15.160411834716797,
  "hd95_median": 5.207737922668457,
  "hd95_count": 717,
  "fpr": 0.15869017632241814,
  "fnr": 0.051587301587301584,
  "selected_threshold": 0.5
}