{
  "thresholds": [
    0.5,
    0.55,
    0.6,
    0.65,
    0.7
  ],
  "val_dice_by_threshold": {
    "0.50": 0.7835616680827958,
    "0.55": 0.7835475017908334,
    "0.60": 0.7835347667745078,
    "0.65": 0.7835281001817849,
    "0.70": 0.7835439140921687
  },
  "best_threshold": 0.5,
  "best_val_dice": 0.7835616680827958
}