{
  "train_loss": [
    0.37131516549726196,
    0.29341840136699904,
    0.28903883214808485,
    0.28920064597965345,
    0.28523479038019156,
    0.27477140120215876,
    0.27191339271586634,
    0.27141495516566133,
    0.2687559210508774,
    0.2614347253789869,
    0.25906920702197017,
    0.25475397676125955,
    0.25870556208628204,
    0.2527041373244587,
    0.2522564550731597,
    0.2473167091642554,
    0.24188406801693046,
    0.2428123802924331,
    0.2419151507579696,
    0.23893794932681958,
    0.24092346212432358,
    0.23705578220714155,
    0.23546566795493037,
    0.2376164409908168,
    0.23426059218549858,
    0.23222858356674958,
    0.23282501533978328,
    0.22984929301710214,
    0.23135024107869,
    0.23178208822083263
  ],
  "train_dice": [
    0.6563857454433704,
    0.7073036938254805,
    0.7112206643345198,
    0.7109437514287363,
    0.7148485894670615,
    0.7252964073038523,
    0.7281911315914749,
    0.7286827864639108,
    0.7313650538037783,
    0.7386147668055898,
    0.7409579168372712,
    0.7452933507860398,
    0.7412997874357087,
    0.7473540943650534,
    0.7477699207712705,
    0.7527501419742744,
    0.7581140509057489,
    0.7572158380986318,
    0.7581034528248538,
    0.7610735733668413,
    0.7591379514846136,
    0.7629705912724086,
    0.764537904186272,
    0.7623898987281353,
    0.7657759345355125,
    0.7678127477176643,
    0.7671913918648174,
    0.7701805752362336,
    0.7686492155341267,
    0.768239256677639
  ],
  "train_fpr": [
    0.46190080354668883,
    0.39858686616791356,
    0.3518980326960377,
    0.2506234413965087,
    0.24189526184538654,
    0.23884732612912163,
    0.20005541701302298,
    0.2147409254641175,
    0.20116375727348296,
    0.2057356608478803,
    0.20393460792463286,
    0.18689387642006097,
    0.17913549459684122,
    0.17622610141313383,
    0.15599889165973954,
    0.1627874757550568,
    0.15267387087835965,
    0.14782488223884732,
    0.1460238293155999,
    0.1571072319201995,
    0.14463840399002495,
    0.1486561374341923,
    0.14671654197838738,
    0.1428373510667775,
    0.14699362704350236,
    0.13591022443890274,
    0.15849265724577447,
    0.14186755333887505,
    0.1486561374341923,
    0.12454973676918814
  ],
  "train_fnr": [
    0.025665766113469702,
    0.024121960632960248,
    0.033770744886144344,
    0.05557699729834041,
    0.04862987263604786,
    0.047472018525665766,
    0.05866460825935932,
    0.05827865688923196,
    0.058857583944423,
    0.05384021613276727,
    0.05403319181783095,
    0.048436896950984173,
    0.060015438054805095,
    0.06387495175607874,
    0.05847163257429564,
    0.05808568120416827,
    0.06136626785025087,
    0.06348900038595137,
    0.0609803164801235,
    0.05847163257429564,
    0.06657661134697028,
    0.058857583944423,
    0.05905055962948669,
    0.06155924353531455,
    0.062138170590505595,
    0.06059436510999614,
    0.052489386337321496,
    0.059629486684677734,
    0.0567348514087225,
    0.06599768429177924
  ],
  "val_loss": [
    0.40017987333471616,
    0.300548377709511,
    0.4650810164773566,
    0.3497826584383973,
    0.3725286089626812,
    0.36662102815432424,
    0.3263997906803066,
    0.3392695401638661,
    0.3076001619681334,
    0.27222026710496666,
    0.26874329153968396,
    0.24548914060633406,
    0.24507488025898946,
    0.27796269422582753,
    0.2438533592258084,
    0.35274723231622634,
    0.40072514740829795,
    0.251734185932029,
    0.29299842852812547,
    0.25289207739368125,
    0.2319698064585357,
    0.34338780057396306,
    0.34363773388740343,
    0.25677368460897027,
    0.23525784829063634,
    0.34063045132873404,
    0.2164487763177975,
    0.23901638099950262,
    0.39070947871588574,
    0.2726783233660239
  ],
  "val_dice": [
    0.5987639146872884,
    0.6997548331827604,
    0.5351240978976898,
    0.6504382043546252,
    0.6276872505419264,
    0.633547973585583,
    0.6736829501611216,
    0.6605074614862861,
    0.6924958643158553,
    0.7278626465618059,
    0.7312449584171133,
    0.7545815032012655,
    0.7549416053286645,
    0.7221191283899155,
    0.7561436659759946,
    0.6473767184506455,
    0.5992888947126278,
    0.7483177262111607,
    0.7069692900483935,
    0.7471676549510738,
    0.7679773360979013,
    0.6566940214049782,
    0.6564201183376325,
    0.7432676716322912,
    0.7647892592469512,
    0.6593513166949159,
    0.7835616680827958,
    0.7609793143479573,
    0.6093211124499893,
    0.7273778192277074
  ],
  "val_fpr": [
    0.20400943396226415,
    0.25471698113207547,
    0.08490566037735849,
    0.1403301886792453,
    0.12264150943396226,
    0.11320754716981132,
    0.1214622641509434,
    0.08962264150943396,
    0.1474056603773585,
    0.13561320754716982,
    0.1320754716981132,
    0.1615566037735849,
    0.14622641509433962,
    0.08962264150943396,
    0.16273584905660377,
    0.015330188679245283,
    0.012971698113207548,
    0.10023584905660378,
    0.09316037735849056,
    0.10377358490566038,
    0.13561320754716982,
    0.05306603773584906,
    0.014150943396226415,
    0.11674528301886793,
    0.08844339622641509,
    0.04009433962264151,
    0.15212264150943397,
    0.14150943396226415,
    0.018867924528301886,
    0.04245283018867924
  ],
  "val_fnr": [
    0.09971509971509972,
    0.0584045584045584,
    0.19658119658119658,
    0.11965811965811966,
    0.11253561253561253,
    0.1225071225071225,
    0.11823361823361823,
    0.10541310541310542,
    0.09686609686609686,
    0.06125356125356125,
    0.08404558404558404,
    0.05270655270655271,
    0.0584045584045584,
    0.1111111111111111,
    0.05555555555555555,
    0.15527065527065528,
    0.2207977207977208,
    0.0754985754985755,
    0.13105413105413105,
    0.0868945868945869,
    0.05413105413105413,
    0.198005698005698,
    0.18376068376068377,
    0.07692307692307693,
    0.07977207977207977,
    0.13247863247863248,
    0.042735042735042736,
    0.07407407407407407,
    0.19658119658119658,
    0.1225071225071225
  ],
  "train_dice_loss": [
    0.37131516549726196,
    0.29341840136699904,
    0.28903883214808485,
    0.28920064597965345,
    0.28523479038019156,
    0.27477140120215876,
    0.27191339271586634,
    0.27141495516566133,
    0.2687559210508774,
    0.2614347253789869,
    0.25906920702197017,
    0.25475397676125955,
    0.25870556208628204,
    0.2527041373244587,
    0.2522564550731597,
    0.2473167091642554,
    0.24188406801693046,
    0.2428123802924331,
    0.2419151507579696,
    0.23893794932681958,
    0.24092346212432358,
    0.23705578220714155,
    0.23546566795493037,
    0.2376164409908168,
    0.23426059218549858,
    0.23222858356674958,
    0.23282501533978328,
    0.22984929301710214,
    0.23135024107869,
    0.23178208822083263
  ],
  "val_dice_loss": [
    0.40017987333471616,
    0.300548377709511,
    0.4650810164773566,
    0.3497826584383973,
    0.3725286089626812,
    0.36662102815432424,
    0.3263997906803066,
    0.3392695401638661,
    0.3076001619681334,
    0.27222026710496666,
    0.26874329153968396,
    0.24548914060633406,
    0.24507488025898946,
    0.27796269422582753,
    0.2438533592258084,
    0.35274723231622634,
    0.40072514740829795,
    0.251734185932029,
    0.29299842852812547,
    0.25289207739368125,
    0.2319698064585357,
    0.34338780057396306,
    0.34363773388740343,
    0.25677368460897027,
    0.23525784829063634,
    0.34063045132873404,
    0.2164487763177975,
    0.23901638099950262,
    0.39070947871588574,
    0.2726783233660239
  ]
}