{
  "dice": 0.7438654406341138,
  "hd95_mean": 15.165990829467773,
  "hd95_median": 5.166190147399902,
  "hd95_count": 717,
  "fpr": 0.1574307304785894,
  "fnr": 0.051587301587301584
}