{
  "selected_threshold": 0.5,
  "dice": 0.7438654406341138,
  "hd95_median": 5.207737922668457,
  "fnr": 0.051587301587301584,
  "fpr": 0.15869017632241814
}