{
  "dice": 0.8070419905064948,
  "hd95_mean": 10.852336883544922,
  "hd95_median": 5.127634048461914,
  "hd95_count": 609,
  "fpr": 0.31030701754385964,
  "fnr": 0.045454545454545456,
  "selected_threshold": 0.5
}