{
  "selected_threshold": 0.7,
  "dice": 0.8099784428092467,
  "hd95_median": 5.0,
  "fnr": 0.05172413793103448,
  "fpr": 0.2730263157894737
}