{
  "dice": 0.8070419905064948,
  "hd95_mean": 9.761747360229492,
  "hd95_median": 5.0,
  "hd95_count": 605,
  "fpr": 0.2730263157894737,
  "fnr": 0.05172413793103448
}