{
  "thresholds": [
    0.5,
    0.55,
    0.6,
    0.65,
    0.7
  ],
  "val_dice_by_threshold": {
    "0.50": 0.8488238234976693,
    "0.55": 0.8490064124516129,
    "0.60": 0.8493953243162505,
    "0.65": 0.8496087042493581,
    "0.70": 0.8497061770431389
  },
  "best_threshold": 0.7,
  "best_val_dice": 0.8497061770431389
}