{
  "train_loss": [
    1.431694698346566,
    1.0826197229675565,
    0.9765322256282392,
    0.9085165484639319,
    0.8729040010435819,
    0.822618971301129,
    0.7609529691123067,
    0.7238580240446824,
    0.6730380809519014,
    0.6319378681942902,
    0.6078404060693192,
    0.5708510395086986,
    0.5344494821824829,
    0.5075237696082368,
    0.47402147899843833,
    0.4789320915261158,
    0.4614517000512583,
    0.43922868833044953,
    0.43317420955044866,
    0.41481738166186916,
    0.40772243780528483,
    0.3919304995513368,
    0.3850519573869816,
    0.3751739088026151,
    0.354148560323853,
    0.3536329285485061,
    0.3556805695735023,
    0.34283166393459813,
    0.33312071489785244,
    0.32483026319927044
  ],
  "train_dice": [
    0.6090098394545098,
    0.6833618677369081,
    0.7068978822586041,
    0.7203875454471531,
    0.7277039547090299,
    0.7355951793261924,
    0.7422122887261546,
    0.7478293898538267,
    0.7541017040050281,
    0.7606996073784974,
    0.7637372428945925,
    0.7691338444025927,
    0.7743473270812515,
    0.7790126359893275,
    0.7852246772140995,
    0.7887853735202344,
    0.7923339508870669,
    0.7961268942743741,
    0.7973078886411008,
    0.8011314048118823,
    0.8051276580413806,
    0.8073211400973697,
    0.809933672873347,
    0.8112890280479659,
    0.8155712703427268,
    0.818613733084441,
    0.8196868565092402,
    0.8217171425642338,
    0.8253857290021731,
    0.827429757809011
  ],
  "train_fpr": [
    0.5160537870472008,
    0.40107025246981337,
    0.35373216245883643,
    0.319840834248079,
    0.3223106476399561,
    0.317371020856202,
    0.31270581778265644,
    0.3020032930845225,
    0.3055708013172338,
    0.3061196487376509,
    0.27442371020856204,
    0.2808726673984632,
    0.2795993963506654,
    0.2650933040614709,
    0.27442371020856204,
    0.27209110867178926,
    0.26481888035126233,
    0.2811085196871999,
    0.2843029637760702,
    0.27195389681668497,
    0.2708562019758507,
    0.2638583973655324,
    0.27483534577387486,
    0.27538419319429197,
    0.2795005488474204,
    0.2871844127332602,
    0.26056531284302964,
    0.2614899163122513,
    0.25466520307354557,
    0.2355604335299767
  ],
  "train_fnr": [
    0.022300469483568074,
    0.02719092331768388,
    0.03325508607198748,
    0.036384976525821594,
    0.028755868544600938,
    0.03188575899843506,
    0.03051643192488263,
    0.027582159624413145,
    0.028755868544600938,
    0.026604068857589983,
    0.029538341158059468,
    0.023669796557120502,
    0.027587556251222854,
    0.023669796557120502,
    0.023082942097026604,
    0.02014866979655712,
    0.023278560250391236,
    0.018196047740168263,
    0.020735524256651018,
    0.02171361502347418,
    0.017996870109546165,
    0.01741001564945227,
    0.01662754303599374,
    0.018192488262910797,
    0.018192488262910797,
    0.014671361502347418,
    0.016040688575899843,
    0.016043827039718253,
    0.01486697965571205,
    0.017413422030913714
  ],
  "val_loss": [
    4.119805550147619,
    0.7751505860408558,
    0.8229026383329072,
    0.7409518571713796,
    0.5976428014815912,
    0.7940018421821516,
    0.5374257640703719,
    0.6671058804171501,
    0.9034826080342369,
    1.19874678013196,
    0.6441450803347769,
    0.6138370026828799,
    0.6059775192665278,
    0.9450062803990213,
    0.6805055055590953,
    0.6831151757874256,
    1.2201013985205684,
    1.1706409024173867,
    0.9780207323075751,
    0.9218829031703035,
    1.1413716757394505,
    1.2256284047403103,
    1.1913608044121393,
    0.6098484465268237,
    0.7533270575866632,
    1.6117531973482853,
    0.7312731137499213,
    0.8588859063060679,
    0.811352769078235,
    0.9541699481499795
  ],
  "val_dice": [
    0.6015528601004615,
    0.7779109208960329,
    0.7849253849842801,
    0.7796206684237533,
    0.8005965910039115,
    0.7852711012730231,
    0.8122465195321649,
    0.8058618433806582,
    0.79327729617634,
    0.7643607640804271,
    0.7944280522938861,
    0.8322031612248992,
    0.8316908106758926,
    0.7962652276760551,
    0.8199758923353528,
    0.8385300983581141,
    0.8137252962729238,
    0.7934913924101674,
    0.8148431019229296,
    0.8182898071930694,
    0.8016262819064703,
    0.786543959167582,
    0.8036678853512262,
    0.8488238234976693,
    0.8323369904603126,
    0.8032441994384725,
    0.8428560246729991,
    0.8149253065841129,
    0.833379858145876,
    0.8290553869701613
  ],
  "val_fpr": [
    0.06292906178489703,
    0.20594965675057209,
    0.14645308924485126,
    0.15675057208237986,
    0.18649885583524028,
    0.11899313501144165,
    0.2379862700228833,
    0.16361556064073227,
    0.09267734553775744,
    0.09954233409610984,
    0.13386727688787187,
    0.19679633867276888,
    0.09382151029748284,
    0.13958810068649885,
    0.13844393592677345,
    0.16361556064073227,
    0.06864988558352403,
    0.09153318077803203,
    0.14416475972540047,
    0.11899313501144165,
    0.14530892448512586,
    0.04919908466819222,
    0.06636155606407322,
    0.19908466819221968,
    0.13844393592677345,
    0.06636155606407322,
    0.13615560640732266,
    0.19336384439359267,
    0.08237986270022883,
    0.14645308924485126
  ],
  "val_fnr": [
    0.21745562130177515,
    0.04881656804733728,
    0.05917159763313609,
    0.0621301775147929,
    0.042899408284023666,
    0.060650887573964495,
    0.029585798816568046,
    0.03994082840236687,
    0.06804733727810651,
    0.057692307692307696,
    0.04881656804733728,
    0.019230769230769232,
    0.04585798816568047,
    0.04142011834319527,
    0.03698224852071006,
    0.020710059171597635,
    0.05325443786982249,
    0.04437869822485207,
    0.038461538461538464,
    0.05029585798816568,
    0.03106508875739645,
    0.0695266272189349,
    0.06656804733727811,
    0.01775147928994083,
    0.038461538461538464,
    0.04881656804733728,
    0.029585798816568046,
    0.03550295857988166,
    0.03254437869822485,
    0.029585798816568046
  ],
  "train_bce_loss": [
    0.9675460872254028,
    0.737995101844091,
    0.6595494779235288,
    0.6064388544914672,
    0.5791971241183868,
    0.5372237608752697,
    0.4823303549785696,
    0.45132711241784873,
    0.40772350718891603,
    0.3744148936889239,
    0.3537935984852414,
    0.323073489069956,
    0.29122024771761157,
    0.26982859176219587,
    0.24293829111080123,
    0.2517126906962735,
    0.23781881069781163,
    0.21996629436253373,
    0.21530423809567714,
    0.20117209432346028,
    0.19843550360047332,
    0.18544912377074468,
    0.18095532093234545,
    0.1728533039623672,
    0.15600954313301083,
    0.15861369327232838,
    0.1624442767761779,
    0.1520029666574236,
    0.14573667560789588,
    0.14025027036956006
  ],
  "val_bce_loss": [
    3.723069309577974,
    0.5330230090408944,
    0.5900275128440292,
    0.5059021218499367,
    0.38679605426567126,
    0.5721215793322882,
    0.3352507687753794,
    0.46201851982458014,
    0.6887530020431935,
    0.9537965734602922,
    0.42997372992675664,
    0.4317673297978513,
    0.42621880318224153,
    0.7335055637829138,
    0.4895872807696106,
    0.5151863187140256,
    1.0321081635127527,
    0.9597389719978708,
    0.7870193454695276,
    0.734373348682069,
    0.9389145832798808,
    1.007483976169492,
    0.9928834856868055,
    0.45058532759785574,
    0.5803614728880865,
    1.4125039460784659,
    0.5683668500667344,
    0.6664298104109193,
    0.6413411107019331,
    0.7786696219288802
  ],