{
  "dice": 0.8392062809587242,
  "hd95_mean": 14.234464645385742,
  "hd95_median": 4.242640495300293,
  "hd95_count": 742,
  "fpr": 0.2593516209476309,
  "fnr": 0.008021390374331552,
  "selected_threshold": 0.5
}