{
  "dice": 0.8408837136040557,
  "hd95_mean": 13.450085639953613,
  "hd95_median": 4.123105525970459,
  "hd95_count": 741,
  "fpr": 0.24937655860349128,
  "fnr": 0.009358288770053475
}