{
  "train_loss": [
    0.46125028461268147,
    0.34050720103498344,
    0.3140098440022427,
    0.2948154240020731,
    0.2781146713843181,
    0.26776899587058617,
    0.259957922340808,
    0.25395041878294683,
    0.24508633286443662,
    0.2378825331033477,
    0.2343903715063216,
    0.23078479644991848,
    0.2273156770485463,
    0.22478613701357186,
    0.22148077924717693,
    0.21782132820976755,
    0.21698398338742497,
    0.213435242179784,
    0.21250848065450162,
    0.20923075666951332,
    0.20709438294603738,
    0.20521360030746844,
    0.20299164545366252,
    0.20188394030507212,
    0.1984327884673751,
    0.19665184002484837,
    0.19562890229961727,
    0.1941901489815115,
    0.1924550314405947,
    0.19271360635457244
  ],
  "train_dice": [
    0.6507753463584781,
    0.7110475102166199,
    0.7318335348605653,
    0.748062276155009,
    0.760785587009453,
    0.768752762449506,
    0.7749154518869023,
    0.7796293594895386,
    0.7870421970814307,
    0.792767731998726,
    0.7949042559302562,
    0.7985023170214975,
    0.8010757821125105,
    0.8029638226965207,
    0.8063118330894508,
    0.8091796548130211,
    0.8095330381378493,
    0.8130651510265101,
    0.8134134368034781,
    0.8160999372805366,
    0.8180094251359954,
    0.8194204809930772,
    0.8216468102085395,
    0.8225816504439343,
    0.8257598865686478,
    0.827007862015989,
    0.8281222293429171,
    0.8294793368963667,
    0.8307547345171917,
    0.8302745875856048
  ],
  "train_fpr": [
    0.4043035107587769,
    0.3489524348810872,
    0.34513023782559454,
    0.3272933182332956,
    0.2968573046432616,
    0.3083238958097395,
    0.294692144373673,
    0.2928935447338618,
    0.2838335220838052,
    0.28482446206115514,
    0.28708946772366933,
    0.2695356738391846,
    0.2590600226500566,
    0.25226500566251414,
    0.25962627406568517,
    0.2475934314835787,
    0.25736126840317103,
    0.2579275198187995,
    0.25014156285390715,
    0.2746319365798415,
    0.2768969422423556,
    0.2679784824462061,
    0.2454699886749717,
    0.27831257078142696,
    0.2443029016277424,
    0.2434881087202718,
    0.2727916194790487,
    0.2603340883352208,
    0.28071913929784825,
    0.24745186862967158
  ],
  "train_fnr": [
    0.04460269865067466,
    0.03242128935532234,
    0.02923538230884558,
    0.024362818590704646,
    0.026799100449775112,
    0.028298350824587707,
    0.0260543580131209,
    0.024550224887556222,
    0.026986506746626688,
    0.028298350824587707,
    0.02923538230884558,
    0.02586206896551724,
    0.02942278860569715,
    0.029047976011994003,
    0.02492503748125937,
    0.02792353823088456,
    0.026424287856071964,
    0.025112443778110945,
    0.026049475262368817,
    0.02230134932533733,
    0.021176911544227885,
    0.024175412293853074,
    0.023800599700149926,
    0.02267616191904048,
    0.021930646672914715,
    0.024175412293853074,
    0.022488755622188907,
    0.020614692653673165,
    0.021926536731634184,
    0.023238380809595203
  ],
  "val_loss": [
    0.463647079287321,
    0.41393713603823007,
    0.3768334871027923,
    0.4011328175420393,
    0.342568365347753,
    0.3603495714375071,
    0.33544484970822686,
    0.33413055889103643,
    0.3676253923257871,
    0.3162970777744923,
    0.356684624512208,
    0.3128345530192308,
    0.3265048660542733,
    0.296691778006605,
    0.3386179063092768,
    0.2975348788099073,
    0.3485241766554064,
    0.41056226397328976,
    0.3439365758672689,
    0.32506486806979773,
    0.2995726937375531,
    0.3490177753892067,
    0.32243984191779484,
    0.3346839576660701,
    0.3686803822968858,
    0.3626664310643923,
    0.35421145037591545,
    0.31993131274232894,
    0.3275168965727002,
    0.31467440589033563
  ],
  "val_dice": [
    0.6108401496468263,
    0.6526454249493788,
    0.6872193637742684,
    0.6693985525679181,
    0.7136397158414303,
    0.6912026704741534,
    0.7128443614376313,
    0.7176568491210024,
    0.689484832378002,
    0.7383800384852852,
    0.7017787669471881,
    0.7347815980107965,
    0.7198794407487735,
    0.7471850351105274,
    0.7121214211197434,
    0.7455265477665023,
    0.7044914011438038,
    0.6520216981914962,
    0.7101724837611901,
    0.7246928775926428,
    0.7490314634967966,
    0.701509532373382,
    0.7269828080118013,
    0.7193539729120451,
    0.6885376400957756,
    0.6986953356728113,
    0.7067016070946652,
    0.7290306418337049,
    0.7226103738083174,
    0.7333821338159621
  ],
  "val_fpr": [
    0.1904218928164196,
    0.17103762827822122,
    0.3055872291904219,
    0.12086659064994298,
    0.25655644241733183,
    0.055872291904218926,
    0.13911060433295325,
    0.22690992018244013,
    0.05701254275940707,
    0.24743443557582667,
    0.07069555302166476,
    0.26225769669327254,
    0.10262257696693272,
    0.27366020524515394,
    0.09007981755986318,
    0.1676168757126568,
    0.13112884834663627,
    0.037628278221208664,
    0.21550741163055873,
    0.13911060433295325,
    0.2291904218928164,
    0.01710376282782212,
    0.17103762827822122,
    0.11858608893956671,
    0.12200684150513112,
    0.04561003420752566,
    0.15393386545039908,
    0.18129988597491448,
    0.13911060433295325,
    0.16419612314709237
  ],
  "val_fnr": [
    0.08915304606240713,
    0.08172362555720654,
    0.029717682020802376,
    0.09806835066864784,
    0.03566121842496285,
    0.0787518573551263,
    0.0638930163447251,
    0.05349182763744428,
    0.08320950965824665,
    0.04309063893016345,
    0.09361069836552749,
    0.03566121842496285,
    0.06686478454680535,
    0.03863298662704309,
    0.06537890044576523,
    0.03714710252600297,
    0.09063893016344725,
    0.16196136701337296,
    0.06686478454680535,
    0.07578008915304606,
    0.02674591381872214,
    0.11738484398216939,
    0.0713224368499257,
    0.08469539375928678,
    0.1025260029717682,
    0.10698365527488855,
    0.0861812778603269,
    0.06983655274888559,
    0.07726597325408618,
    0.07429420505200594
  ],
  "train_bce_loss": [
    0.0640144990317605,
    0.04400649514070716,
    0.039310358146610165,
    0.03640510987338701,
    0.03312342437672398,
    0.031137006749319417,
    0.029941229421180396,
    0.028772648051483652,
    0.027613598581041246,
    0.02626913405442772,
    0.025349555706336072,
    0.025387026170502796,
    0.02446470285119041,
    0.024041509341229374,
    0.023953669661822878,
    0.023371975178378888,
    0.02307647046647802,
    0.022933198864250996,
    0.022483244548501168,
    0.02209474264945684,
    0.021847355478151993,
    0.02137885673613985,
    0.02154211998792304,
    0.02134640278667251,
    0.02116846747731259,
    0.020645619782912964,
    0.02070156183052323,
    0.02060889185604933,
    0.020159018791936757,
    0.020211897882728643
  ],
  "val_bce_loss": [
    0.07086202562970863,
    0.06043795772614445,
    0.058028216721443496,
    0.0672910047737118,
    0.052089050657247,
    0.04711749524651836,
    0.04390334718210974,
    0.046850714898363094,
    0.055319928654015825,
    0.05188508197958588,
    0.05654799605538203,
    0.044485400908152305,
    0.0435607861828453,
    0.04032397032104762,
    0.04865776300165639,
    0.040349259035454936,
    0.05192983816505824,
    0.061318829607904884,
    0.05143262276994715,
    0.0479001539502809,
    0.04610263649201267,
    0.04922990552748439,
    0.04812886460540148,
    0.05239137514827086,
    0.055542545884068886,
    0.05993692641137443,
    0.05875650649781932,
    0.04755822305296763,
    0.04881446183771833,
    0.046695651091214194
  ],