{
  "dice": 0.7619114207242852,
  "hd95_mean": 15.513957977294922,
  "hd95_median": 8.062257766723633,
  "hd95_count": 326,
  "fpr": 0.19545454545454546,
  "fnr": 0.026865671641791045
}