{
  "train_loss": [
    0.6368735168986637,
    0.4436440256817636,
    0.4013769700596488,
    0.36763204215094447,
    0.356893866977605,
    0.3469808276145245,
    0.3399909682811852,
    0.33190060733343624,
    0.3236885585265862,
    0.3186070450438414,
    0.30826375218792607,
    0.30660596269170054,
    0.298855298072826,
    0.294014431863953,
    0.29196141402590253,
    0.287362311380844,
    0.280582890893389,
    0.2748348315986047,
    0.27496743269835566,
    0.2704254488920894,
    0.26401563502010544,
    0.26343588228923204,
    0.263684504568132,
    0.2560846030041458,
    0.25424983125449446,
    0.24937690381083708,
    0.24327293278770895,
    0.24282129903312233,
    0.24518275332092396,
    0.32818617917445003
  ],
  "train_dice": [
    0.6285233361818824,
    0.7002478749547996,
    0.7261432345584548,
    0.7508020283415096,
    0.7585214097400458,
    0.76343853708793,
    0.7689276682556799,
    0.7745747219364036,
    0.7805949037164345,
    0.7835553619663429,
    0.7890780657496896,
    0.7904450675051784,
    0.7970115632417688,
    0.8006195989517877,
    0.8014337386712724,
    0.8047368725501952,
    0.8085950555723198,
    0.8128023703508693,
    0.8126807736134073,
    0.8145937195921262,
    0.8203004520809652,
    0.8190036030382257,
    0.8184049127561984,
    0.8231271870629042,
    0.8247243368093206,
    0.8283477824777307,
    0.8323348496238739,
    0.8319412316473892,
    0.8317951974707931,
    0.7996756231775449
  ],
  "train_fpr": [
    0.3546414674819344,
    0.2753542650736316,
    0.21456364647026124,
    0.1975,
    0.17449291469852737,
    0.17972222222222223,
    0.1784324624791551,
    0.16143373159210891,
    0.17495140238822549,
    0.17689530685920576,
    0.16504584606835232,
    0.1567101972770214,
    0.16,
    0.1584213451917732,
    0.16365657126979716,
    0.15615448735759932,
    0.16759310728182322,
    0.16342412451361868,
    0.15198666296193386,
    0.15369649805447472,
    0.15805555555555556,
    0.16111111111111112,
    0.16759310728182322,
    0.17,
    0.14222222222222222,
    0.1597222222222222,
    0.17065036131183992,
    0.17888888888888888,
    0.15666666666666668,
    0.059166666666666666
  ],
  "train_fnr": [
    0.07266300078554595,
    0.03968565815324165,
    0.05577376276512176,
    0.05267295597484277,
    0.04950884086444008,
    0.05070754716981132,
    0.05145326001571092,
    0.05108055009823183,
    0.05190719622493118,
    0.042862760519071966,
    0.04518664047151277,
    0.04400785854616896,
    0.03891509433962264,
    0.036920659858601726,
    0.04243614931237721,
    0.03850687622789784,
    0.037706205813040065,
    0.038884524744697564,
    0.03929273084479371,
    0.03809897879025923,
    0.03498427672955975,
    0.036949685534591194,
    0.03613511390416339,
    0.030267295597484277,
    0.036163522012578615,
    0.03537735849056604,
    0.031029065200314218,
    0.031053459119496855,
    0.03341194968553459,
    0.07154088050314465
  ],
  "val_loss": [
    0.5381300422011829,
    0.5153509935394662,
    0.4081107021355238,
    0.4440910764404985,
    0.3733172885707167,
    0.3521223632038617,
    0.3469060415127238,
    0.33787451269196683,
    0.36045018766747144,
    0.3781978296451881,
    0.3905803288592667,
    0.35083968570975005,
    0.41606381623471367,
    0.3435630607311843,
    0.3344859573196192,
    0.4236553797956373,
    0.33481954341052006,
    0.3132979002155241,
    0.3355035743263901,
    0.3060471407702712,
    0.31208415598165795,
    0.29442671850079394,
    0.298450180888176,
    0.2854872298045237,
    0.29701213567960455,
    0.3310711242624971,
    0.34422696032485023,
    0.3350438430661061,
    0.3015100397536012,
    0.5146927304443766
  ],
  "val_dice": [
    0.6418875014684239,
    0.6437855557553837,
    0.7122369535389493,
    0.6875105427425415,
    0.7294420410619408,
    0.7568522237363409,
    0.76227872117621,
    0.7610462987032093,
    0.7456767408818495,
    0.7206559189763225,
    0.7237932955632445,
    0.7554646299510706,
    0.7051352383660489,
    0.750658039626528,
    0.7587666394769168,
    0.7085840296672016,
    0.7637272362337738,
    0.7825179877339816,
    0.753771113030246,
    0.7822405419633037,
    0.7814867956716506,
    0.7997368242408408,
    0.7911696618697682,
    0.7969615762350989,
    0.799407254965579,
    0.7564087361097336,
    0.763471827704887,
    0.755568111199336,
    0.796673529656207,
    0.7283200273259741
  ],
  "val_fpr": [
    0.19148936170212766,
    0.03404255319148936,
    0.07872340425531915,
    0.03829787234042553,
    0.09148936170212765,
    0.1,
    0.12978723404255318,
    0.08297872340425531,
    0.18085106382978725,
    0.019148936170212766,
    0.2,
    0.17659574468085107,
    0.029787234042553193,
    0.1,
    0.05106382978723404,
    0.01702127659574468,
    0.059574468085106386,
    0.19787234042553192,
    0.019148936170212766,
    0.09148936170212765,
    0.08297872340425531,
    0.14680851063829786,
    0.23617021276595745,
    0.12127659574468085,
    0.2,
    0.1127659574468085,
    0.11063829787234042,
    0.07234042553191489,
    0.06808510638297872,
    0.00851063829787234
  ],
  "val_fnr": [
    0.04262295081967213,
    0.11475409836065574,
    0.07540983606557378,
    0.08196721311475409,
    0.04262295081967213,
    0.04918032786885246,
    0.04918032786885246,
    0.05573770491803279,
    0.02622950819672131,
    0.1377049180327869,
    0.03934426229508197,
    0.036065573770491806,
    0.11475409836065574,
    0.07213114754098361,
    0.07540983606557378,
    0.12786885245901639,
    0.07213114754098361,
    0.03278688524590164,
    0.11475409836065574,
    0.05245901639344262,
    0.06229508196721312,
    0.04262295081967213,
    0.036065573770491806,
    0.04590163934426229,
    0.02622950819672131,
    0.09180327868852459,
    0.10491803278688525,
    0.10819672131147541,
    0.07540983606557378,
    0.1540983606557377
  ]
}