{
  "selected_threshold": 0.5,
  "dice": 0.7174442847915591,
  "hd95_median": 6.7082037925720215,
  "fnr": 0.04922644163150492,
  "fpr": 0.14541120381406436
}