{
  "thresholds": [
    0.5,
    0.55,
    0.6,
    0.65,
    0.7
  ],
  "val_dice_by_threshold": {
    "0.50": 0.7782234285869738,
    "0.55": 0.7765048088764187,
    "0.60": 0.7742376787057759,
    "0.65": 0.7714964775055865,
    "0.70": 0.7683981035530132
  },
  "best_threshold": 0.5,
  "best_val_dice": 0.7782234285869738
}