{
  "train_loss": [
    0.5064831167701218,
    0.3724154602918261,
    0.34168691346819513,
    0.3216868706947773,
    0.3067075312644777,
    0.2921316862306376,
    0.3671154372280166,
    0.3378008713391086,
    0.32706039537764764,
    0.3131087034573956,
    0.3050213252041032,
    0.29297358154832304,
    0.2913849970508862,
    0.2921561532781159,
    0.2835869718491003,
    0.28245368850143354,
    0.27500766722730974,
    0.27772275065930613,
    0.27115401378762427,
    0.26899229105733546,
    0.2659976711965932,
    0.2641961322015465,
    0.25484940619824514,
    0.2636538771959343,
    0.25851649108541874,
    0.25175834957592896,
    0.257755350179106,
    0.2456663354221296,
    0.2430620157239226,
    0.24664364339688605
  ],
  "train_dice": [
    0.6860772033433273,
    0.7453599814131473,
    0.7650098705447379,
    0.7784203591454533,
    0.7891986596302135,
    0.7986626289911678,
    0.7661023853997398,
    0.7793945354718105,
    0.7880795933328792,
    0.7926271624440119,
    0.7965296450348419,
    0.8042995255893456,
    0.8059568251760993,
    0.8059172567849103,
    0.8118030874576894,
    0.8118420896809134,
    0.8148170982449469,
    0.8142292919278189,
    0.817396805325251,
    0.8179809859669545,
    0.8199366995656341,
    0.8227763337350766,
    0.8267627482353551,
    0.8231162609427934,
    0.8256055670493365,
    0.8298428848277449,
    0.8244945373530654,
    0.8335341067573828,
    0.8340051058140093,
    0.8315667429277503
  ],
  "train_fpr": [
    0.3235000712555223,
    0.24964377315474495,
    0.23528573464443495,
    0.2268775830126835,
    0.22114562553434028,
    0.2204645860054154,
    0.10474561778537837,
    0.08422402736212056,
    0.08864186974490523,
    0.08750178138805757,
    0.09062410943288686,
    0.08307210031347963,
    0.08593415989739205,
    0.07823856348867037,
    0.07651752636078656,
    0.07893986890852095,
    0.06883283454467722,
    0.0645575032064985,
    0.0675502351432236,
    0.0655550805187402,
    0.06726521305401169,
    0.05956961664529001,
    0.06896551724137931,
    0.058429528288442355,
    0.04588201766885153,
    0.05372666381644577,
    0.04374465659732117,
    0.05800199515462448,
    0.04574604531851219,
    0.04032487888287261
  ],
  "train_fnr": [
    0.05127727018459817,
    0.03692651995524058,
    0.033190378519485364,
    0.030579899310087637,
    0.02610966057441253,
    0.024986015289949655,
    0.0632108894275592,
    0.06302442662688794,
    0.06041394741749021,
    0.06414320343091554,
    0.054084296904140246,
    0.05389779932860873,
    0.048293865373857915,
    0.0538877493939959,
    0.05296531145095114,
    0.05072734054457292,
    0.05202312138728324,
    0.05407421219466716,
    0.053141898191310835,
    0.05612530300205109,
    0.050158493380570573,
    0.05071788178258437,
    0.04681089145841104,
    0.05258250978929704,
    0.05576277508392391,
    0.04773447697184412,
    0.06061171204774338,
    0.04605631176580272,
    0.049599104978556775,
    0.05594927265945543
  ],
  "val_loss": [
    0.4781152699333038,
    0.4171376484588985,
    0.41319655565014723,
    0.37173240915702205,
    0.5285787337452826,
    0.5002135863486867,
    0.4868424673585126,
    0.45194083617551484,
    0.41020980731849255,
    0.5332989903697132,
    0.6193295658069805,
    0.396861685192498,
    0.4125979163568385,
    0.47470050819598847,
    0.3492838048369345,
    0.470697653184842,
    0.5301095779794847,
    0.45446587104866976,
    0.48354082992912206,
    0.4696612528858394,
    0.4455477914888493,
    0.4228768529683134,
    0.47761606434836007,
    0.5216138429015222,
    0.43104933717825117,
    0.42300812354053025,
    0.45795533222003576,
    0.44221646296281886,
    0.4412235250873287,
    0.43445763866396714
  ],
  "val_dice": [
    0.6961467754503671,
    0.7133138880188012,
    0.7294355564091327,
    0.7469876390412776,
    0.645864464443884,
    0.6691413998087175,
    0.6984936363124934,
    0.7186477621976477,
    0.7505893655583589,
    0.6859293990081897,
    0.6589693673825177,
    0.7424838602977948,
    0.7451486470816779,
    0.7291854461396697,
    0.7782234285869738,
    0.7157137179774415,
    0.6959930694233762,
    0.7225249172670998,
    0.7118466363254472,
    0.7255675759084903,
    0.7374556335926491,
    0.7436829800588372,
    0.7312650978673984,
    0.700874708940948,
    0.7306701218668562,
    0.7426864305551905,
    0.7315880460134387,
    0.7374250035923328,
    0.7322450708842626,
    0.7258640143938744
  ],
  "val_fpr": [
    0.1653179190751445,
    0.24393063583815028,
    0.15144508670520232,
    0.23352601156069364,
    0.09017341040462427,
    0.11213872832369942,
    0.10289017341040463,
    0.04046242774566474,
    0.08554913294797688,
    0.04161849710982659,
    0.013872832369942197,
    0.048554913294797684,
    0.04393063583815029,
    0.012716763005780347,
    0.14682080924855492,
    0.055491329479768786,
    0.025433526011560695,
    0.04277456647398844,
    0.019653179190751446,
    0.04277456647398844,
    0.04393063583815029,
    0.055491329479768786,
    0.021965317919075144,
    0.016184971098265895,
    0.03121387283236994,
    0.03468208092485549,
    0.015028901734104046,
    0.03352601156069364,
    0.010404624277456647,
    0.025433526011560695
  ],
  "val_fnr": [
    0.04817518248175182,
    0.029197080291970802,
    0.05547445255474453,
    0.020437956204379562,
    0.08905109489051095,
    0.11678832116788321,
    0.11386861313868613,
    0.13576642335766423,
    0.06423357664233577,
    0.12992700729927006,
    0.17372262773722627,
    0.11532846715328467,
    0.10364963503649635,
    0.1416058394160584,
    0.035036496350364967,
    0.11240875912408758,
    0.1591240875912409,
    0.1343065693430657,
    0.14890510948905109,
    0.12554744525547445,
    0.10948905109489052,
    0.11386861313868613,
    0.12700729927007298,
    0.16204379562043797,
    0.12116788321167883,
    0.11970802919708029,
    0.13284671532846715,
    0.10948905109489052,
    0.12992700729927006,
    0.12116788321167883
  ]
}