{
  "dice": 0.7174442847915591,
  "hd95_mean": 13.952412605285645,
  "hd95_median": 5.914970874786377,
  "hd95_count": 676,
  "fpr": 0.13587604290822408,
  "fnr": 0.04922644163150492
}