{
  "dice": 0.7881418384193258,
  "hd95_mean": 16.58353614807129,
  "hd95_median": 8.028016090393066,
  "hd95_count": 745,
  "fpr": 0.3167082294264339,
  "fnr": 0.004010695187165776,
  "selected_threshold": 0.5
}