{
  "selected_threshold": 0.7,
  "dice": 0.8039926170884447,
  "hd95_median": 7.021320343017578,
  "fnr": 0.004010695187165776,
  "fpr": 0.29925187032418954
}