{
  "train_loss": [
    1.2269510300103939,
    1.075282394252103,
    1.0122712696811695,
    0.9834126496374763,
    0.8699143965375321,
    0.7976012401732391,
    0.7084195806563682,
    0.6531116396602037,
    0.6090319193054878,
    0.582479811203701,
    0.5458868235242141,
    0.5257519485199939,
    0.48615530817078306,
    0.48462097254767456,
    0.46062763935971496,
    0.45318223893254256,
    0.43012582545616906,
    0.4274677078168409,
    0.41647745773330264,
    0.3991985431714528,
    0.39623236922879534,
    0.3856380047476285,
    0.36917110731004216,
    0.36244030571870806,
    0.36110049695572566,
    0.36025161875064193,
    0.3476272726925774,
    0.34216121812679173,
    0.3374372735072201,
    0.33008212142978616
  ],
  "train_dice": [
    0.624645029051441,
    0.6850225892821341,
    0.6999664933865697,
    0.7125287951696999,
    0.7260864963051851,
    0.7322842330656837,
    0.743059676934484,
    0.751162038631252,
    0.7576162288475672,
    0.7623815671582903,
    0.7671061929825322,
    0.7722302036647192,
    0.7744551762141569,
    0.7789028755148644,
    0.7821456318549432,
    0.7859662795974139,
    0.7891510855689271,
    0.792060623815314,
    0.7945542665693429,
    0.7981656343815604,
    0.798877918773374,
    0.8030900256011867,
    0.8057879427721238,
    0.8092706832319856,
    0.8103609815143894,
    0.8118706804833192,
    0.813978591350199,
    0.8164969392990375,
    0.818806952908492,
    0.8215563257933124
  ],
  "train_fpr": [
    0.4975934314835787,
    0.39821630804077013,
    0.3543318233295583,
    0.3083238958097395,
    0.26769535673839184,
    0.2671291053227633,
    0.2629865534324133,
    0.25693657984144963,
    0.25268969422423554,
    0.25,
    0.2579275198187995,
    0.2576443941109853,
    0.26642129105322765,
    0.25552095130237823,
    0.2548131370328426,
    0.2524065685164213,
    0.2572197055492639,
    0.24405436013590034,
    0.27208380520951303,
    0.2556625141562854,
    0.26359003397508496,
    0.23952434881087203,
    0.25849377123442807,
    0.2618912797281993,
    0.24685067232837934,
    0.24943374858437145,
    0.2515571913929785,
    0.24122310305775765,
    0.24518686296715742,
    0.23740090600226502
  ],
  "train_fnr": [
    0.02492503748125937,
    0.027736131934032984,
    0.031859070464767617,
    0.03298350824587706,
    0.03335832083958021,
    0.034482758620689655,
    0.024742268041237112,
    0.027736131934032984,
    0.026049475262368817,
    0.029047976011994003,
    0.026049475262368817,
    0.022863568215892055,
    0.022113943028485756,
    0.022113943028485756,
    0.022113943028485756,
    0.02267616191904048,
    0.020802098950524737,
    0.021176911544227885,
    0.019865067466266866,
    0.02136431784107946,
    0.017428785607196403,
    0.018740629685157422,
    0.017991004497751123,
    0.015742128935532233,
    0.019119025304592314,
    0.01911544227886057,
    0.01780359820089955,
    0.015929535232383808,
    0.014992503748125937,
    0.013680659670164918
  ],
  "val_loss": [
    3.111273668972114,
    4.188061121148216,
    2.854245080569701,
    2.151566652008187,
    2.400394536488389,
    2.1802398373675915,
    2.0419486746756585,
    1.8806734392516327,
    2.7999819936825827,
    2.1876581230077665,
    2.1964083566298545,
    2.0275198310325795,
    2.794173840173198,
    2.4173177883006844,
    2.809771843996303,
    1.9089049969593626,
    2.9228884573765708,
    2.6899347578245942,
    2.1814669106116886,
    2.012981976710404,
    2.120873205939427,
    2.8613357721796095,
    2.332556742172893,
    2.4762162297167007,
    2.8626683896343827,
    3.2895203619686137,
    2.8864810977347006,
    2.2221598419378807,
    3.225525120812929,
    2.720150180614898
  ],
  "val_dice": [
    0.638900334463852,
    0.600356752531711,
    0.6706326652808118,
    0.6577577606787322,
    0.7019766594766242,
    0.6998895574568661,
    0.7226546246414509,
    0.7060380983235588,
    0.6803838186309207,
    0.7169038424805294,
    0.7057974840532352,
    0.7261416891781423,
    0.7078439944920533,
    0.6999574771031937,
    0.6865296067135827,
    0.7342752984726323,
    0.7192872370500533,
    0.7072709891862093,
    0.7294264112060881,
    0.7355625739782622,
    0.7349593795041649,
    0.7154202126962912,
    0.726280638317053,
    0.729433676374614,
    0.7200909672370028,
    0.692049148586616,
    0.7078139602717284,
    0.7132314993082414,
    0.7041136875726492,
    0.7334250772017625
  ],
  "val_fpr": [
    0.33409350057012543,
    0.11972633979475485,
    0.10148232611174458,
    0.3580387685290764,
    0.15051311288483465,
    0.12200684150513112,
    0.15963511972633979,
    0.16647662485746864,
    0.11744583808437856,
    0.1573546180159635,
    0.1402508551881414,
    0.1379703534777651,
    0.12884834663625996,
    0.05017103762827822,
    0.06955530216647662,
    0.24059293044469784,
    0.08437856328392246,
    0.2063854047890536,
    0.14823261117445838,
    0.2531356898517674,
    0.14367160775370583,
    0.08551881413911061,
    0.19270239452679588,
    0.11402508551881414,
    0.1379703534777651,
    0.10718358038768529,
    0.13911060433295325,
    0.1733181299885975,
    0.09350057012542759,
    0.16077537058152794
  ],
  "val_fnr": [
    0.06240713224368499,
    0.16939078751857356,
    0.10549777117384844,
    0.029717682020802376,
    0.05794947994056464,
    0.09212481426448738,
    0.06092124814264487,
    0.0475482912332838,
    0.1263001485884101,
    0.07726597325408618,
    0.08023774145616643,
    0.0713224368499257,
    0.0787518573551263,
    0.13670133729569092,
    0.14413075780089152,
    0.06835066864784546,
    0.08766716196136701,
    0.09063893016344725,
    0.09063893016344725,
    0.05794947994056464,
    0.08320950965824665,
    0.12035661218424963,
    0.0861812778603269,
    0.1025260029717682,
    0.09361069836552749,
    0.1263001485884101,
    0.11589895988112928,
    0.11292719167904904,
    0.12184249628528974,
    0.07578008915304606
  ],
  "train_bce_loss": [
    0.7743923716137823,
    0.7271099320485742,
    0.6853539487976208,
    0.671951015941117,
    0.5751175183867508,
    0.5110209938493904,
    0.43293833957405475,
    0.38742634210058974,
    0.34980076854743364,
    0.32922783908192915,
    0.29794634809534537,
    0.2832550798636,
    0.2466541807560112,
    0.24942333309107367,
    0.22923217795149045,
    0.22596889024348532,
    0.20613045261566657,
    0.20712356037347082,
    0.19867770081936456,
    0.1855412571169944,
    0.1833107897115039,
    0.1770913424599979,
    0.16389269669582945,
    0.16054567417291843,
    0.1610458314829465,
    0.1616990882394784,
    0.15223579782896346,
    0.1490476798517002,
    0.1477384799389316,
    0.14201346638446444
  ],
  "val_bce_loss": [
    2.721844781137571,
    3.7811677238916395,
    2.501147439835502,
    1.7787974737484262,
    2.085860732324936,
    1.8630769312161022,
    1.7448826187818185,
    1.5713803092732868,
    2.4726562369301748,
    1.8957132324244257,
    1.8921245096839845,
    1.7436915072873664,
    2.4955184680079685,
    2.1149694955476006,
    2.4918476223575787,
    1.6348192004895497,
    2.637451841041081,
    2.3922772893992104,
    1.9059543775477243,
    1.7385243854006645,
    1.8496310350794434,
    2.5724492733357103,
    2.0502710005031126,
    2.2007095469775946,
    2.5799316516021347,
    2.980372647528245,
    2.592863843440878,
    1.9281041787355726,
    2.9267128002324747,
    2.4500852558923745
  ],