{
  "dice": 0.7881418384193258,
  "hd95_mean": 14.395020484924316,
  "hd95_median": 7.021320343017578,
  "hd95_count": 745,
  "fpr": 0.29925187032418954,
  "fnr": 0.004010695187165776
}