{
  "thresholds": [
    0.5,
    0.55,
    0.6,
    0.65,
    0.7
  ],
  "val_dice_by_threshold": {
    "0.50": 0.7355625739782622,
    "0.55": 0.7371588511119859,
    "0.60": 0.7384135484570716,
    "0.65": 0.7391773099896192,
    "0.70": 0.7399260228192558
  },
  "best_threshold": 0.7,
  "best_val_dice": 0.7399260228192558
}