{
  "selected_threshold": 0.7,
  "dice": 0.7859928536821496,
  "hd95_median": 4.4721360206604,
  "fnr": 0.06426332288401254,
  "fpr": 0.25
}