{
  "dice": 0.7818555863147899,
  "hd95_mean": 8.912604331970215,
  "hd95_median": 5.0,
  "hd95_count": 600,
  "fpr": 0.2741228070175439,
  "fnr": 0.05956112852664577,
  "selected_threshold": 0.5
}