{
  "thresholds": [
    0.5,
    0.55,
    0.6,
    0.65,
    0.7
  ],
  "val_dice_by_threshold": {
    "0.50": 0.8528363643070827,
    "0.55": 0.8535611435286039,
    "0.60": 0.8540687593548785,
    "0.65": 0.8544770771604494,
    "0.70": 0.8548931288780898
  },
  "best_threshold": 0.7,
  "best_val_dice": 0.8548931288780898
}