{
  "train_loss": [
    1.41061599569538,
    1.1367561590824282,
    0.9887256520058441,
    0.9146069873864755,
    0.8689283988109159,
    0.8392573221016775,
    0.7426353347544589,
    0.6663191589185784,
    0.6052325078095302,
    0.573263678704833,
    0.545973584688442,
    0.5209727451228573,
    0.47790608063961193,
    0.46265451358820725,
    0.45248863989259924,
    0.42787731503878307,
    0.4334732923009586,
    0.4216220265710291,
    0.40596301204500157,
    0.4107250291256581,
    0.39187961649178804,
    0.3860201759880382,
    0.3809167820026046,
    0.3719132104502329,
    0.36161610381517423,
    0.3547399001843143,
    0.34621219358702826,
    0.34222091173902924,
    0.3362108254061898,
    0.3277527062436287
  ],
  "train_dice": [
    0.6140210598714191,
    0.6826279788475348,
    0.7057518256807784,
    0.7192982570053237,
    0.7277068942720474,
    0.7344726681874074,
    0.7454007505677996,
    0.7533210986472392,
    0.760725347747348,
    0.7679113188655741,
    0.7730046983236951,
    0.7785953590793727,
    0.7840025528454163,
    0.787019445489821,
    0.791052875399782,
    0.7964918621386152,
    0.798217216179763,
    0.8003725839182559,
    0.8021899773437309,
    0.8060625249447799,
    0.8104895056163053,
    0.8110769974506505,
    0.8139863201309177,
    0.8153480703239978,
    0.8166034460932757,
    0.8182389277451801,
    0.8214095750333907,
    0.8224790829949582,
    0.825979925543784,
    0.8253585788037944
  ],
  "train_fpr": [
    0.5059001097694841,
    0.4079308452250274,
    0.3605927552140505,
    0.3201152579582876,
    0.31627332601536773,
    0.31764544456641053,
    0.30982436882546655,
    0.30749176728869376,
    0.3201152579582876,
    0.31558726673984633,
    0.3331503841931943,
    0.3257409440175631,
    0.31815063794759224,
    0.3206641053787047,
    0.31599890230515915,
    0.2999451152579583,
    0.2889681668496158,
    0.2817944848401701,
    0.3018660812294182,
    0.27977497255762895,
    0.2804610318331504,
    0.27195389681668497,
    0.28059824368825464,
    0.27867727771679474,
    0.25946761800219537,
    0.27497255762897915,
    0.2668770581778266,
    0.2688983399643298,
    0.2538419319429199,
    0.26574290026066677
  ],
  "train_fnr": [
    0.02093114241001565,
    0.02601721439749609,
    0.030125195618153366,
    0.03755868544600939,
    0.03266823161189358,
    0.028951486697965573,
    0.029342723004694836,
    0.025821596244131457,
    0.024061032863849766,
    0.02190923317683881,
    0.019757433489827857,
    0.018192488262910797,
    0.01780473488554099,
    0.01917057902973396,
    0.01917057902973396,
    0.014084507042253521,
    0.01741001564945227,
    0.017609078458227352,
    0.01643192488262911,
    0.017214397496087636,
    0.014280125195618153,
    0.016823161189358372,
    0.014280125195618153,
    0.014475743348982786,
    0.01584507042253521,
    0.013302034428794992,
    0.014084507042253521,
    0.015065544903150069,
    0.017018779342723004,
    0.014087262766581883
  ],
  "val_loss": [
    6.04956601983344,
    0.6191896379831627,
    1.077398411962672,
    0.5433216654425542,
    0.6024337023628886,
    0.6463321810753564,
    0.5004640182579411,
    0.515997882767101,
    0.7706872758912969,
    0.6570697574484983,
    0.6072412105662935,
    0.8320737783989963,
    0.7597027105339885,
    0.6985904868449685,
    0.8351260566389596,
    1.1688524068570172,
    1.4223767408946826,
    0.9357311630279884,
    1.0218294286251774,
    0.8674935749263541,
    1.3217224108617334,
    0.8956956313537247,
    1.4694205532732183,
    1.249269447063465,
    1.0038347627482647,
    1.2046299980810056,
    0.9075150189469375,
    0.715986249240986,
    0.7899494789232163,
    0.7738765320139964
  ],
  "val_dice": [
    0.5048691702334309,
    0.7036042055225319,
    0.731483542575286,
    0.785637435426153,
    0.8046496382435046,
    0.8042824266467398,
    0.8071178352272899,
    0.819189776740858,
    0.8035166888062418,
    0.843185778670068,
    0.8322594778050156,
    0.8122605031642777,
    0.8344488613818601,
    0.8451147582574842,
    0.8312811342966274,
    0.8140944629995781,
    0.8177545661679827,
    0.8169571612052311,
    0.8360312581062317,
    0.84740378199553,
    0.8001881052282523,
    0.8071784159542645,
    0.8190843258245942,
    0.8286499483235312,
    0.8275360129332754,
    0.8430901424154728,
    0.8322311608704942,
    0.8516954485128617,
    0.8528363643070827,
    0.8520525628728406
  ],
  "val_fpr": [
    0.14874141876430205,
    0.33752860411899316,
    0.09610983981693363,
    0.20709382151029748,
    0.1853546910755149,
    0.2048054919908467,
    0.21624713958810068,
    0.19679633867276888,
    0.12814645308924486,
    0.19794050343249428,
    0.23569794050343248,
    0.12242562929061784,
    0.16704805491990846,
    0.21739130434782608,
    0.12814645308924486,
    0.17963386727688788,
    0.14187643020594964,
    0.18993135011441648,
    0.09610983981693363,
    0.10068649885583524,
    0.10755148741418764,
    0.09038901601830664,
    0.12013729977116705,
    0.09839816933638444,
    0.15102974828375287,
    0.10983981693363844,
    0.17162471395881007,
    0.16132723112128147,
    0.16933638443935928,
    0.13043478260869565
  ],
  "val_fnr": [
    0.19230769230769232,
    0.03698224852071006,
    0.1257396449704142,
    0.04142011834319527,
    0.03994082840236687,
    0.03106508875739645,
    0.028106508875739646,
    0.019230769230769232,
    0.04437869822485207,
    0.01775147928994083,
    0.026627218934911243,
    0.05325443786982249,
    0.03106508875739645,
    0.010355029585798817,
    0.028106508875739646,
    0.026627218934911243,
    0.034023668639053255,
    0.02514792899408284,
    0.03254437869822485,
    0.022189349112426034,
    0.034023668639053255,
    0.047337278106508875,
    0.028106508875739646,
    0.034023668639053255,
    0.022189349112426034,
    0.01775147928994083,
    0.026627218934911243,
    0.010355029585798817,
    0.013313609467455622,
    0.014792899408284023
  ],
  "train_bce_loss": [
    0.9469277551977026,
    0.7918695871446684,
    0.6706079083393912,
    0.6125005184330632,
    0.5763981478243088,
    0.5535806545043149,
    0.46956701555325947,
    0.40183481925675163,
    0.34938381888955783,
    0.32470863646366166,
    0.30293735666604965,
    0.2838408911947268,
    0.24590870150903119,
    0.23446630841263727,
    0.22880780737304546,
    0.20975823382896794,
    0.2175169023049109,
    0.20735113953378564,
    0.19434892131164913,
    0.20303764059450183,
    0.18853085103247724,
    0.18364069003708405,
    0.18172593252560368,
    0.17487107151947798,
    0.16604098891091748,
    0.16083931653028086,
    0.15542269887148097,
    0.15332813215547872,
    0.15084601482361426,
    0.14219011494077977
  ],
  "val_bce_loss": [
    5.533561225975009,
    0.278989857853495,
    0.8115236011303454,
    0.31639253358513714,
    0.3977893506503628,
    0.4361777571357164,
    0.29449413006211844,
    0.32190863659881613,
    0.5658790697998053,
    0.4839798939519716,
    0.42799571839976813,
    0.6369268619858374,
    0.587544458575916,
    0.5310468019117854,
    0.6582974905179836,
    0.97699038204861,
    1.2360778825213588,
    0.7468961557478798,
    0.8514198647414544,
    0.7080247802115679,
    1.1187720045341611,
    0.6997962197304025,
    1.284992205402876,
    1.073110376037113,
    0.8256285212542751,
    1.0395045735876383,
    0.7347072280368895,
    0.5557919389281708,
    0.6356316211315826,
    0.6172030618928852
  ],