{
  "dice": 0.7818555863147899,
  "hd95_mean": 8.274272918701172,
  "hd95_median": 4.4721360206604,
  "hd95_count": 597,
  "fpr": 0.25,
  "fnr": 0.06426332288401254
}