{
  "selected_threshold": 0.5,
  "dice": 0.73281073828247,
  "hd95_median": 7.225424766540527,
  "fnr": 0.061806656101426306,
  "fpr": 0.16095890410958905
}