{
  "thresholds": [
    0.5,
    0.55,
    0.6,
    0.65,
    0.7
  ],
  "val_dice_by_threshold": {
    "0.50": 0.7692205356765527,
    "0.55": 0.7667492342491945,
    "0.60": 0.7642325609741569,
    "0.65": 0.7611053629678864,
    "0.70": 0.7563530135098061
  },
  "best_threshold": 0.5,
  "best_val_dice": 0.7692205356765527
}