{
  "dice": 0.73281073828247,
  "hd95_mean": 19.262115478515625,
  "hd95_median": 7.338850975036621,
  "hd95_count": 586,
  "fpr": 0.14269406392694065,
  "fnr": 0.07131537242472266
}