{
  "train_loss": [
    0.5296288533413124,
    0.39524658418849007,
    0.3596490972323801,
    0.3326298621774307,
    0.3188393988608298,
    0.30808776190405657,
    0.29792589072627534,
    0.2900949687214229,
    0.2819962055852492,
    0.3382544206810526,
    0.3376798781961428,
    0.31788465364161955,
    0.3134937777076903,
    0.3056889237887851,
    0.3009255882267957,
    0.305170996804637,
    0.2965672385222702,
    0.2925971318660609,
    0.28671062794298946,
    0.28531563192196757,
    0.28208951967592405,
    0.27998710184572684,
    0.2818803725418437,
    0.27853881477194864,
    0.27369884196386646,
    0.27002195035121546,
    0.26950949284092335,
    0.2643632415515631,
    0.27323199280101546,
    0.2632140831941063
  ],
  "train_dice": [
    0.6704128872648655,
    0.7286609596123291,
    0.7530202189546265,
    0.7712276972623257,
    0.7806220882274373,
    0.7878719329246616,
    0.7951511045314325,
    0.8003110190823854,
    0.8051932609474819,
    0.786028232546077,
    0.7850017078827615,
    0.7918507960994717,
    0.7953438437488258,
    0.7985086109164007,
    0.8009196315182,
    0.7985581639133725,
    0.8041094033100914,
    0.8061594572849395,
    0.8084787890715707,
    0.8091343655187467,
    0.8108492021528078,
    0.8118419229983931,
    0.8115122903785739,
    0.8135322843177357,
    0.8157639928622468,
    0.8178006659783987,
    0.8177058031273552,
    0.8211808789761956,
    0.8153576105965319,
    0.8211851353173177
  ],
  "train_fpr": [
    0.31762381825878366,
    0.22449555524199238,
    0.21253175275190517,
    0.20234231691830112,
    0.21024410893184706,
    0.21769187358916478,
    0.21281399943550663,
    0.2043465989274626,
    0.20389445463524764,
    0.11866798363200226,
    0.0684255079006772,
    0.07478481727105969,
    0.0728093692676732,
    0.06420206011006067,
    0.06717471069714931,
    0.06715575620767494,
    0.06123024830699774,
    0.07534923098631297,
    0.07786711807024968,
    0.06108916478555305,
    0.07352526107818233,
    0.06462537039650064,
    0.058408577878103836,
    0.05742099322799097,
    0.06362866817155756,
    0.06518058690744921,
    0.06448426696768732,
    0.05884843353090601,
    0.04868068294059546,
    0.061379991533794274
  ],
  "train_fnr": [
    0.059837152054535124,
    0.056618064760462036,
    0.048655812192351384,
    0.04620337057375497,
    0.03957583790948684,
    0.041856060606060605,
    0.03672851192730026,
    0.03653918970087088,
    0.03559931831092596,
    0.06797954932777883,
    0.07840909090909091,
    0.06968377201287634,
    0.07081992046960803,
    0.07119863662185193,
    0.06853464596743658,
    0.07367424242424242,
    0.06931818181818182,
    0.06476046203370574,
    0.06175412009850351,
    0.06799242424242424,
    0.0626656569481257,
    0.06570725241431546,
    0.07026515151515152,
    0.06553030303030304,
    0.061742424242424244,
    0.06136363636363636,
    0.060405226282900966,
    0.06001514577811435,
    0.07025184624124219,
    0.058132929369437605
  ],
  "val_loss": [
    0.3598898177104475,
    0.35595280443194616,
    0.35387650609595106,
    0.3289158160053796,
    0.37162630158720666,
    0.36549487001108893,
    0.32652813309508233,
    0.3428711280660722,
    0.3353375662057917,
    0.3832642074348857,
    0.4090957139591569,
    0.379923132751559,
    0.3686064957945478,
    0.4140590134658474,
    0.4446671551581725,
    0.3742337541286999,
    0.3796071372564557,
    0.40152657142927733,
    0.3844130116132085,
    0.3983811585889665,
    0.4300173712008208,
    0.38359230838740144,
    0.359097355645162,
    0.40071901259491743,
    0.4219614143655138,
    0.3648645322540817,
    0.35671753718436344,
    0.41638441791329955,
    0.3531586253189732,
    0.4096516014399266
  ],
  "val_dice": [
    0.745112821242763,
    0.7439530050580941,
    0.7497211546670272,
    0.7692205356765527,
    0.7398535099941453,
    0.7423090009458821,
    0.7666666106980982,
    0.758406744058271,
    0.7601880601405325,
    0.7606945447141491,
    0.7409173353276786,
    0.7604599932877762,
    0.7638327660684061,
    0.742036198154333,
    0.7205887838571203,
    0.7552217080658693,
    0.7584269655729767,
    0.7421052597800698,
    0.7572874837467586,
    0.7457062935269766,
    0.73012360116063,
    0.7508136305511962,
    0.7638848660013436,
    0.7461075362023026,
    0.744502634991527,
    0.7658680711291176,
    0.7655522527480588,
    0.744450663508769,
    0.7682765573504288,
    0.7415633625245402
  ],
  "val_fpr": [
    0.20600858369098712,
    0.12660944206008584,
    0.17381974248927037,
    0.11695278969957082,
    0.1684549356223176,
    0.11909871244635194,
    0.1223175965665236,
    0.15879828326180256,
    0.10944206008583691,
    0.028969957081545063,
    0.009656652360515022,
    0.012875536480686695,
    0.03969957081545064,
    0.013948497854077254,
    0.002145922746781116,
    0.017167381974248927,
    0.033261802575107295,
    0.006437768240343348,
    0.028969957081545063,
    0.004291845493562232,
    0.016094420600858368,
    0.01072961373390558,
    0.011802575107296138,
    0.011802575107296138,
    0.013948497854077254,
    0.04291845493562232,
    0.043991416309012876,
    0.016094420600858368,
    0.0203862660944206,
    0.015021459227467811
  ],
  "val_fnr": [
    0.06472491909385113,
    0.08576051779935275,
    0.06957928802588997,
    0.059870550161812294,
    0.061488673139158574,
    0.05825242718446602,
    0.06796116504854369,
    0.06957928802588997,
    0.04692556634304207,
    0.10355987055016182,
    0.11812297734627832,
    0.10355987055016182,
    0.09546925566343042,
    0.10517799352750809,
    0.1488673139158576,
    0.10194174757281553,
    0.0970873786407767,
    0.12297734627831715,
    0.09385113268608414,
    0.12459546925566344,
    0.12297734627831715,
    0.10355987055016182,
    0.09870550161812297,
    0.11488673139158576,
    0.11488673139158576,
    0.0889967637540453,
    0.09546925566343042,
    0.11326860841423948,
    0.09385113268608414,
    0.13268608414239483
  ]
}