{
  "selected_threshold": 0.7,
  "dice": 0.760799071401673,
  "hd95_median": 5.70832633972168,
  "fnr": 0.027777777777777776,
  "fpr": 0.13224181360201512
}