{
  "train_loss": [
    1.516184532512389,
    1.2597476926659903,
    1.0268761103793789,
    0.9233924938471494,
    0.8640514952161169,
    0.7457852744727763,
    0.7157220552869167,
    0.667690147521044,
    0.6064534168201597,
    0.5741270246025173,
    0.563825785057689,
    0.551574409126643,
    0.5448992802710814,
    0.5323720469219673,
    0.5121357187704948,
    0.49267556446714783,
    0.4752767658574972,
    0.4753285531236404,
    0.44670518803931786,
    0.4339440728058598,
    0.41591737138712004,
    0.40741739155086987,
    0.4009660067621206,
    0.38986482614430623,
    0.38694111866116615,
    0.3728997409235886,
    0.369872136081061,
    0.3640999798046512,
    0.351992408766917,
    0.34985159577198677
  ],
  "train_dice": [
    0.6267532819347231,
    0.6884800854518986,
    0.7102330796041719,
    0.7204665676390501,
    0.7297464495358341,
    0.7393814849382435,
    0.7473692367838596,
    0.7512485627006342,
    0.7551021529981649,
    0.7643928584411854,
    0.7646556120228909,
    0.7702893157990485,
    0.7701822893481252,
    0.7752118896518121,
    0.7768827494165912,
    0.779031925105401,
    0.7828638467236161,
    0.7868881253078105,
    0.7899480893895596,
    0.7931586108492154,
    0.7956300310054395,
    0.7975514064314162,
    0.8002951854468974,
    0.801426698998913,
    0.8072210463842331,
    0.8062657476131438,
    0.8100538230846183,
    0.8113137825936028,
    0.8138031674159345,
    0.8160876003807517
  ],
  "train_fpr": [
    0.48088113050706566,
    0.3972014408423386,
    0.33832086450540316,
    0.3082571349404267,
    0.30950401773344416,
    0.2805486284289277,
    0.28387364921030755,
    0.27791632031033525,
    0.3059019118869493,
    0.2916320310335273,
    0.2835965641451926,
    0.27888611803823776,
    0.2860903297312275,
    0.2827653089498476,
    0.2635078969243558,
    0.28622887226378496,
    0.27015793848711556,
    0.26766417290108063,
    0.2597672485453034,
    0.26503186478248825,
    0.26420060958714325,
    0.26101413133832085,
    0.2629537267941258,
    0.2482682183430313,
    0.2601828761429759,
    0.26406206705458574,
    0.2664172901080632,
    0.25907453588251594,
    0.25865890828484345,
    0.2514546965918537
  ],
  "train_fnr": [
    0.025086839058278656,
    0.027788498649170205,
    0.027788498649170205,
    0.029911231184870705,
    0.025665766113469702,
    0.026823620223851794,
    0.023543033577769202,
    0.02527981474334234,
    0.020069471246622925,
    0.01775376302585874,
    0.018911617136240833,
    0.02064839830181397,
    0.018332690081049787,
    0.0192975685063682,
    0.018332690081049787,
    0.015245079120030876,
    0.018139714395986106,
    0.01659590891547665,
    0.016016981860285603,
    0.016402933230412968,
    0.01756078734079506,
    0.016402933230412968,
    0.014280200694712466,
    0.013894249324585103,
    0.013508297954457738,
    0.013315322269394057,
    0.01370127363952142,
    0.012929370899266693,
    0.010420686993438826,
    0.013122346584330374
  ],
  "val_loss": [
    3.7847843834987054,
    1.894002759303802,
    1.2715197826106834,
    1.0521715949276234,
    1.80544311740035,
    1.8302314133937883,
    1.1004088093179074,
    2.51359500072663,
    1.3768426472602406,
    2.1759971218061582,
    1.6890699552250044,
    1.123710227721607,
    1.4721696522097472,
    0.9435144455684217,
    1.1504306886398215,
    1.4989904113156334,
    1.6710282905064417,
    1.6367983626589138,
    1.5578309425240398,
    1.3904604854385907,
    1.3981627429227883,
    2.1836042005643037,
    1.8351189110778336,
    1.5913339211178301,
    1.7568325219713046,
    1.6456179826432824,
    2.1355596083691317,
    1.4479784013284238,
    1.4623266447048922,
    2.357392175361896
  ],
  "val_dice": [
    0.5429415233506877,
    0.6595952880178761,
    0.7318987803390393,
    0.7275251805506371,
    0.6737235796099205,
    0.7183066360775827,
    0.7543230290256674,
    0.6502363105063085,
    0.7271822883755478,
    0.6891479763577817,
    0.7517122149976909,
    0.7456582013120944,
    0.7332452179232554,
    0.7622469116302149,
    0.7431877960538508,
    0.731329067997592,
    0.7351862025363278,
    0.7409516456523682,
    0.7453524876529207,
    0.7634963636655371,
    0.740949078619565,
    0.7442011398805883,
    0.753055102028685,
    0.7472361786558991,
    0.7693026619134179,
    0.758768294317027,
    0.7325045272463832,
    0.7699104894531036,
    0.7724808058767789,
    0.7286520203233211
  ],
  "val_fpr": [
    0.18867924528301888,
    0.1792452830188679,
    0.22877358490566038,
    0.14268867924528303,
    0.25825471698113206,
    0.1792452830188679,
    0.24056603773584906,
    0.06721698113207547,
    0.1792452830188679,
    0.17452830188679244,
    0.1650943396226415,
    0.2134433962264151,
    0.20047169811320756,
    0.20518867924528303,
    0.17099056603773585,
    0.18278301886792453,
    0.2169811320754717,
    0.16627358490566038,
    0.14268867924528303,
    0.19811320754716982,
    0.1957547169811321,
    0.14268867924528303,
    0.20636792452830188,
    0.17570754716981132,
    0.1474056603773585,
    0.10259433962264151,
    0.125,
    0.19693396226415094,
    0.21226415094339623,
    0.12382075471698113
  ],
  "val_fnr": [
    0.13532763532763534,
    0.09116809116809117,
    0.04131054131054131,
    0.0584045584045584,
    0.019943019943019943,
    0.04131054131054131,
    0.01282051282051282,
    0.12962962962962962,
    0.04415954415954416,
    0.042735042735042736,
    0.03133903133903134,
    0.03276353276353276,
    0.04415954415954416,
    0.04131054131054131,
    0.037037037037037035,
    0.03418803418803419,
    0.038461538461538464,
    0.042735042735042736,
    0.05270655270655271,
    0.03276353276353276,
    0.045584045584045586,
    0.06267806267806268,
    0.03133903133903134,
    0.022792022792022793,
    0.04131054131054131,
    0.04415954415954416,
    0.0641025641025641,
    0.019943019943019943,
    0.018518518518518517,
    0.04985754985754986
  ],
  "train_bce_loss": [
    1.069472435892289,
    0.9191104812108233,
    0.713149248384787,
    0.6234159111358467,
    0.5743277471856545,
    0.46647298663068043,
    0.4436181906148346,
    0.40032552123249127,
    0.34294907611766284,
    0.3199490125103958,
    0.30993226646490263,
    0.3046587569294379,
    0.29698987606031224,
    0.2900671943516956,
    0.2716042641347665,
    0.25459995236529853,
    0.24184765179940065,
    0.24625991414831638,
    0.22121264633724355,
    0.21185133699873615,
    0.19694717032831743,
    0.1906445303363729,
    0.18722422815808906,
    0.17760389677682656,
    0.1813271887865872,
    0.16646731846533347,
    0.16718719270917295,
    0.16281421440910057,
    0.15420881215075338,
    0.15434416469239293
  ],
  "val_bce_loss": [
    3.345364348211344,
    1.557098883235339,
    0.9894708125006959,
    0.7726035305229878,
    1.4657514762001356,
    1.5372662815473312,
    0.8417271694925977,
    2.1686213910795265,
    1.0976628107343802,
    1.8624439203734922,
    1.4272400138125572,
    0.8576376695574615,
    1.1974267597878059,
    0.6924223524585971,
    0.8838562957625412,
    1.217800854216396,
    1.3975490484309736,
    1.3725294022982744,
    1.296651071285102,
    1.1396425452144376,
    1.1310635390238732,
    1.9223396451467187,
    1.5761782967477527,
    1.3295904434520878,
    1.5211702759229735,
    1.397857217589112,
    1.869049616390176,
    1.208560219195743,
    1.225732627301875,
    2.083151191797378
  ],