{
  "dice": 0.7599903278979202,
  "hd95_mean": 14.860085487365723,
  "hd95_median": 6.057933807373047,
  "hd95_count": 742,
  "fpr": 0.1574307304785894,
  "fnr": 0.018518518518518517,
  "selected_threshold": 0.5
}