{
  "dice": 0.7599903278979202,
  "hd95_mean": 14.629297256469727,
  "hd95_median": 5.70832633972168,
  "hd95_count": 735,
  "fpr": 0.13224181360201512,
  "fnr": 0.027777777777777776
}