{
  "thresholds": [
    0.5,
    0.55,
    0.6,
    0.65,
    0.7
  ],
  "val_dice_by_threshold": {
    "0.50": 0.7724808058767789,
    "0.55": 0.7733941210295867,
    "0.60": 0.7747257486373144,
    "0.65": 0.7757248867699807,
    "0.70": 0.7765704706852508
  },
  "best_threshold": 0.7,
  "best_val_dice": 0.7765704706852508
}