{
  "dice": 0.7993306617450701,
  "hd95_mean": 7.636074542999268,
  "hd95_median": 4.0,
  "hd95_count": 5913,
  "fpr": 0.032247340425531915,
  "fnr": 0.08693638048177887,
  "selected_threshold": 0.5
}