{
  "thresholds": [
    0.5,
    0.55,
    0.6,
    0.65,
    0.7
  ],
  "val_dice_by_threshold": {
    "0.50": 0.7683829172367515,
    "0.55": 0.7678316159231648,
    "0.60": 0.7672393247579532,
    "0.65": 0.7665259806383837,
    "0.70": 0.765716138517011
  },
  "best_threshold": 0.5,
  "best_val_dice": 0.7683829172367515
}