{
  "selected_threshold": 0.5,
  "dice": 0.7993306617450701,
  "hd95_median": 4.0,
  "fnr": 0.08693638048177887,
  "fpr": 0.032247340425531915
}