{
  "dice": 0.7968045370501191,
  "hd95_mean": 7.675263404846191,
  "hd95_median": 4.0,
  "hd95_count": 5912,
  "fpr": 0.03202570921985816,
  "fnr": 0.08709079678814083
}