{
  "train_loss": [
    0.3308771198834499,
    0.25957327964566135,
    0.2666247767410404,
    0.2656927583558525,
    0.2596290076658114,
    0.25188866672535376,
    0.2475551192354191,
    0.24622544069101202,
    0.24115113429320462,
    0.23966213195740993,
    0.2338403410230007,
    0.23369751441759273,
    0.2299019757404451,
    0.23138948179614965,
    0.2273684568271821,
    0.22394335432835696,
    0.2244514549233971,
    0.21924612538052152,
    0.22352878643183005,
    0.21656798389392926,
    0.21994956597867696,
    0.2146608065312787,
    0.2159747618058631,
    0.21471919899645392,
    0.21639470099900796,
    0.2112336870136646,
    0.21200017419485784,
    0.21074162117659118,
    0.20792995907377745,
    0.20879940627089943
  ],
  "train_dice": [
    0.7292224145661733,
    0.7761645540324473,
    0.7757281586163345,
    0.7749172585044709,
    0.7778408682231736,
    0.7830928097905301,
    0.7856694216999867,
    0.7867181674847711,
    0.7906135012065768,
    0.7913698181056907,
    0.7957776560520246,
    0.7958768704134332,
    0.7989585528374317,
    0.7973319809895671,
    0.8009518008632452,
    0.8033989509442683,
    0.8029240073961437,
    0.8073292766952298,
    0.8036077260654415,
    0.8093467497417038,
    0.8062273597724495,
    0.8110428717036938,
    0.8098739708843636,
    0.810455660148349,
    0.8092208133304569,
    0.8134580453076898,
    0.8130300393111369,
    0.8139259814228094,
    0.8163228827840598,
    0.8154641132622348
  ],
  "train_fpr": [
    0.2908733181010409,
    0.2915846925176112,
    0.2100403008282296,
    0.08612865348608423,
    0.07336887534907337,
    0.07343234323432343,
    0.07025226082817705,
    0.05968965188969631,
    0.06667301345519168,
    0.055405705581823374,
    0.06197638994668698,
    0.056010408733181014,
    0.05623433086858557,
    0.048552932216298555,
    0.05762701107479453,
    0.05858085808580858,
    0.05023483117542524,
    0.055754767873575986,
    0.04280773014311554,
    0.05804138106118304,
    0.046361818931869386,
    0.05254974137657475,
    0.047377272871513346,
    0.04721860819344398,
    0.04157146483879157,
    0.04769460222765208,
    0.041189350426807984,
    0.043064326743042114,
    0.04566369434836417,
    0.040935486941897
  ],
  "train_fnr": [
    0.03465869106263195,
    0.02370898214128618,
    0.04556850670771938,
    0.06812684171174738,
    0.07455137227304715,
    0.07151653764954258,
    0.07385738793823957,
    0.07794149989003739,
    0.07244018296973961,
    0.07758961952936001,
    0.0729679802955665,
    0.07455137227304715,
    0.07336060166248845,
    0.07872976776917663,
    0.07200351880360677,
    0.0703289936664321,
    0.07411154116819141,
    0.06861667033208708,
    0.07802946998020673,
    0.06623856439127375,
    0.07583021772597318,
    0.06778095447547834,
    0.07121178799208269,
    0.07024411700021993,
    0.07516713581984517,
    0.06918847591818782,
    0.07305915988563888,
    0.0723930157892422,
    0.06804486474598637,
    0.071035847811744
  ],
  "val_loss": [
    0.3119886070861469,
    0.3068672546059922,
    0.3330189646183359,
    0.3538142369170641,
    0.3247273004625023,
    0.4454568436427102,
    0.38972834830347536,
    0.3647898619521487,
    0.3115759677247176,
    0.3033047403752134,
    0.29797304063820723,
    0.327787669449561,
    0.30904765114774474,
    0.350745941051049,
    0.3123059662921853,
    0.36438870593814615,
    0.31724873526780345,
    0.2857451350519586,
    0.32516697785587645,
    0.2852895794547811,
    0.3331905185794098,
    0.27193294933031564,
    0.29626162474216483,
    0.3053151380124445,
    0.30638580230206836,
    0.35252493659289175,
    0.3186741570952131,
    0.30428533735870844,
    0.29040428076618885,
    0.2977813235669856
  ],
  "val_dice": [
    0.7341568571713117,
    0.7372931833194653,
    0.7332114994896315,
    0.7189410632829216,
    0.73586887411391,
    0.6706842363088322,
    0.6981848466951468,
    0.7047919167814384,
    0.7426831378826212,
    0.7419419676840908,
    0.7486820762293995,
    0.7344214292201836,
    0.7432509802692959,
    0.7089007320466432,
    0.7390123511192125,
    0.7119822071698872,
    0.7420656999586087,
    0.7584726110740994,
    0.7311998246623377,
    0.7612388580453602,
    0.7354764922476592,
    0.7683829172367515,
    0.755476796898125,
    0.7442040697620159,
    0.7456588667685884,
    0.7121187741257736,
    0.7355018718577473,
    0.7467875466236704,
    0.7545019754357848,
    0.7530812701607622
  ],
  "val_fpr": [
    0.26001742160278746,
    0.15984320557491288,
    0.04050522648083624,
    0.028963414634146343,
    0.02700348432055749,
    0.005008710801393728,
    0.01328397212543554,
    0.009581881533101045,
    0.029616724738675958,
    0.04660278745644599,
    0.02003484320557491,
    0.019381533101045297,
    0.023301393728222996,
    0.008493031358885017,
    0.03397212543554007,
    0.013719512195121951,
    0.016114982578397212,
    0.023083623693379792,
    0.014808362369337979,
    0.028527874564459932,
    0.010452961672473868,
    0.031794425087108016,
    0.02547909407665505,
    0.034625435540069686,
    0.02569686411149826,
    0.018728222996515678,
    0.01524390243902439,
    0.031141114982578398,
    0.018510452961672474,
    0.02003484320557491
  ],
  "val_fnr": [
    0.04528182393920203,
    0.054781507283090565,
    0.1272957568081064,
    0.1434452184927169,
    0.11716276124129196,
    0.21120962634578846,
    0.16054464851171626,
    0.18682710576314124,
    0.12919569347688412,
    0.11779607346421786,
    0.13521215959468016,
    0.14629512349588347,
    0.13457884737175427,
    0.1903103229892337,
    0.1155794806839772,
    0.16086130462317924,
    0.13426219126029132,
    0.11336288790373654,
    0.1519949335022166,
    0.11526282457251424,
    0.14787840405319821,
    0.103863204559848,
    0.11399620012666245,
    0.1019632678910703,
    0.1279290690310323,
    0.13837872070930968,
    0.14217859404686511,
    0.12096263457884737,
    0.1260291323622546,
    0.12317922735908803
  ],
  "train_bce_loss": [
    0.03831333742329519,
    0.027819534473260396,
    0.035878097459678154,
    0.03485210878907871,
    0.03182657434379195,
    0.029547130748731557,
    0.02800925913541906,
    0.027916936587101624,
    0.02670576991396475,
    0.02619245657026914,
    0.024806476911772048,
    0.02491987237186117,
    0.024229586757217595,
    0.02424164881266683,
    0.02383451395771422,
    0.022924934241073534,
    0.023037787843094074,
    0.02223010578975111,
    0.02297709010987079,
    0.02168828260431662,
    0.022074813356860953,
    0.02162033751244049,
    0.021824275210828834,
    0.021126671328924117,
    0.021625909593201025,
    0.020688072563625398,
    0.021145733148399022,
    0.020776407250765724,
    0.02032285995612393,
    0.02041931699845607
  ],
  "val_bce_loss": [
    0.03844660402140258,
    0.03837699945923546,
    0.0609289629929093,
    0.06729885206287305,
    0.053623215642555996,
    0.11252780009503535,
    0.08409876064070783,
    0.06515512473863845,
    0.0503528256585572,
    0.04048963242471147,
    0.042481847518531984,
    0.057744093528908025,
    0.04880168491144968,
    0.05577587696935864,
    0.0481546642718637,
    0.07268304607109041,
    0.05531627328877396,
    0.040716052026844876,
    0.05218208610543411,
    0.042820207323483676,
    0.06439525878737276,
    0.037234873898720905,
    0.048087474634791114,
    0.046439945007660535,
    0.0488031505584637,
    0.061154268933726275,
    0.05114804850613465,
    0.04751568487925171,
    0.041468395893447994,
    0.048126866941902366
  ],