{
  "train_loss": [
    0.4420905087239514,
    0.32423958905826245,
    0.2897896077552187,
    0.2719854586378505,
    0.26172461299946737,
    0.25137474882768324,
    0.24549598506511994,
    0.2335194141243842,
    0.227810027399857,
    0.22177169500375313,
    0.21612812310136603,
    0.21429169866274747,
    0.21169070644747712,
    0.21629903858598712,
    0.24607956526381877,
    0.2407188921730458,
    0.23578518043969163,
    0.23228384072190372,
    0.22903843728026763,
    0.22385978077393456,
    0.2209615641967647,
    0.22178786437432252,
    0.22093653940965555,
    0.21816214738864437,
    0.21993005636249877,
    0.2147134304411827,
    0.2127324222820329,
    0.2129259862351497,
    0.21502352790782658,
    0.2108352026076853
  ],
  "train_dice": [
    0.6744034855870115,
    0.7249314155754361,
    0.752712030557715,
    0.76742275396576,
    0.775200666452225,
    0.7829322614212816,
    0.7860606806781822,
    0.7956690523764086,
    0.8001293303087199,
    0.804997588377667,
    0.8095207932032789,
    0.81064477779542,
    0.8128908256537722,
    0.8111893630346455,
    0.7924344551994669,
    0.7939872059342784,
    0.7969370176871884,
    0.7998099359363786,
    0.8014505245744936,
    0.8050158045411725,
    0.8070802765534288,
    0.8061432678954096,
    0.8070062104600367,
    0.8088052014686204,
    0.8072681019872726,
    0.812336542710104,
    0.8134097175277979,
    0.8130978372034989,
    0.8111354738714002,
    0.8143630074041481
  ],
  "train_fpr": [
    0.4027431421446384,
    0.37919091160986423,
    0.3484344693821003,
    0.34372402327514545,
    0.3320864505403159,
    0.3401219174286506,
    0.2910778609032973,
    0.301052923247437,
    0.28165696868938767,
    0.26697146023829316,
    0.2660016625103907,
    0.24799113327791633,
    0.27043502355223054,
    0.257412025491826,
    0.08603491271820449,
    0.0742587974508174,
    0.0773067331670823,
    0.08492657245774453,
    0.06899418121363259,
    0.07245774452756996,
    0.07259628706012745,
    0.07592130784150734,
    0.06428373510667774,
    0.06317539484621779,
    0.055278470490440566,
    0.06650041562759768,
    0.07481296758104738,
    0.05500138542532557,
    0.05555555555555555,
    0.06525353283458021
  ],
  "train_fnr": [
    0.03608645310690853,
    0.02720957159397916,
    0.02219220378232343,
    0.0214203010420687,
    0.01968351987649556,
    0.019876495561559245,
    0.022964106522578156,
    0.01736781165573138,
    0.018718641451177152,
    0.019876495561559245,
    0.018332690081049787,
    0.01968351987649556,
    0.018139714395986106,
    0.021806252412196064,
    0.0642609031262061,
    0.0652257815515245,
    0.063103049015824,
    0.063103049015824,
    0.06348900038595137,
    0.06368197607101506,
    0.05692782709378618,
    0.05982246236974141,
    0.06136626785025087,
    0.06020841373986878,
    0.07120802778849865,
    0.06059436510999614,
    0.05576997298340409,
    0.06387495175607874,
    0.06792744114241606,
    0.059243535314550365
  ],
  "val_loss": [
    0.3663725722103547,
    0.3458390574254881,
    0.26485697972320255,
    0.3389198423344695,
    0.34934608764585606,
    0.44148332089122033,
    0.25943942286838323,
    0.2620096789550917,
    0.2560245981095014,
    0.2723930687444587,
    0.2637754774193394,
    0.2699772594523141,
    0.2556696475305703,
    0.3878736258550757,
    0.35196250537543045,
    0.30834403515732356,
    0.4415193611803727,
    0.311873644054403,
    0.3850627783367522,
    0.3353091879904355,
    0.37937180515898766,
    0.3612003232540823,
    0.3883900725073115,
    0.3033000707488369,
    0.3091165594427589,
    0.26991387006118256,
    0.35640719131250836,
    0.3125642773740397,
    0.4092658426867336,
    0.445131849242836
  ],
  "val_dice": [
    0.6828606447212907,
    0.6975324919206513,
    0.7761664477076138,
    0.7019870581537846,
    0.7020192484814473,
    0.6218154193048081,
    0.7822659429576662,
    0.7815226774670693,
    0.7835237587506264,
    0.7700709569635417,
    0.7818789930239405,
    0.7760177000221449,
    0.7832316165402574,
    0.7246633587017698,
    0.7430742956973888,
    0.7640955112794907,
    0.6746911528995234,
    0.7613560022027405,
    0.7161945190354969,
    0.746494315284705,
    0.7175766512051097,
    0.7246465221195989,
    0.7048523658064016,
    0.7648027033208102,
    0.7680536027987119,
    0.7853115580211847,
    0.730444885907095,
    0.760627531130769,
    0.6919226872706865,
    0.6630358470343797
  ],
  "val_fpr": [
    0.3466981132075472,
    0.14150943396226415,
    0.2688679245283019,
    0.08608490566037735,
    0.22169811320754718,
    0.0589622641509434,
    0.19929245283018868,
    0.17688679245283018,
    0.1580188679245283,
    0.20636792452830188,
    0.14150943396226415,
    0.20872641509433962,
    0.11084905660377359,
    0.025943396226415096,
    0.04363207547169811,
    0.06132075471698113,
    0.02358490566037736,
    0.0294811320754717,
    0.02358490566037736,
    0.030660377358490566,
    0.041273584905660375,
    0.02358490566037736,
    0.04834905660377359,
    0.0589622641509434,
    0.04245283018867924,
    0.09787735849056604,
    0.036556603773584904,
    0.03891509433962264,
    0.014150943396226415,
    0.015330188679245283
  ],
  "val_fnr": [
    0.05982905982905983,
    0.10113960113960115,
    0.02564102564102564,
    0.10968660968660969,
    0.04131054131054131,
    0.12108262108262108,
    0.022792022792022793,
    0.022792022792022793,
    0.03276353276353276,
    0.02849002849002849,
    0.024216524216524215,
    0.008547008547008548,
    0.022792022792022793,
    0.1168091168091168,
    0.09544159544159544,
    0.07834757834757834,
    0.2022792022792023,
    0.07407407407407407,
    0.15527065527065528,
    0.08547008547008547,
    0.11965811965811966,
    0.10968660968660969,
    0.14387464387464388,
    0.07264957264957266,
    0.0698005698005698,
    0.045584045584045586,
    0.10968660968660969,
    0.0868945868945869,
    0.16381766381766383,
    0.21794871794871795
  ],
  "train_bce_loss": [
    0.05391067132883156,
    0.03527220235009974,
    0.03122745447925602,
    0.028882050275277734,
    0.027207299682408943,
    0.02518964730011545,
    0.023295581374872504,
    0.02177235788544972,
    0.020636424298438028,
    0.020094061518480092,
    0.019319834820677274,
    0.018989549634916465,
    0.018728181737179363,
    0.022090151619914747,
    0.03400364027472592,
    0.030000387093998666,
    0.027887148078833995,
    0.027081191127112863,
    0.025515329955870088,
    0.024059671557669304,
    0.023299534611465115,
    0.023013367780694714,
    0.023364261805592715,
    0.022330684781942854,
    0.02286601185598299,
    0.02256523069172299,
    0.021767184182217746,
    0.021727043902529546,
    0.02196453192883652,
    0.020951853301949982
  ],
  "val_bce_loss": [
    0.042649215487783186,
    0.039505599271191814,
    0.032749278026128335,
    0.03762022526869653,
    0.04884012007614547,
    0.06345822769484186,
    0.03376184856344812,
    0.036363198608603625,
    0.033602089596168665,
    0.03660699923697642,
    0.03946832707759137,
    0.04119770302759337,
    0.034316308467743944,
    0.10917333781672277,
    0.09080954219778122,
    0.06719147381473908,
    0.11195872878198754,
    0.06794126269925303,
    0.0977459729947959,
    0.07711574341320321,
    0.09269667341574271,
    0.08158941938204524,
    0.08878521067756984,
    0.06390873415313032,
    0.07324609063605365,
    0.050515530636128465,
    0.08311763208026486,
    0.06944422386518674,
    0.09819193763284946,
    0.10524368022216625
  ],