{
  "dice": 0.7720455053464446,
  "hd95_mean": 13.58633804321289,
  "hd95_median": 4.0,
  "hd95_count": 724,
  "fpr": 0.10579345088161209,
  "fnr": 0.042328042328042326,
  "selected_threshold": 0.5
}