{
  "dice": 0.7720455053464446,
  "hd95_mean": 13.599212646484375,
  "hd95_median": 4.0,
  "hd95_count": 724,
  "fpr": 0.10453400503778337,
  "fnr": 0.042328042328042326
}