{
  "selected_threshold": 0.5,
  "dice": 0.7720455053464446,
  "hd95_median": 4.0,
  "fnr": 0.042328042328042326,
  "fpr": 0.10579345088161209
}