{
  "thresholds": [
    0.5,
    0.55,
    0.6,
    0.65,
    0.7
  ],
  "val_dice_by_threshold": {
    "0.50": 0.7853115580211847,
    "0.55": 0.7845000670771738,
    "0.60": 0.7835946361881885,
    "0.65": 0.7824272086175207,
    "0.70": 0.7811703100864195
  },
  "best_threshold": 0.5,
  "best_val_dice": 0.7853115580211847
}