{
  "dice": 0.7652576821063881,
  "hd95_mean": 13.305350303649902,
  "hd95_median": 6.06620979309082,
  "hd95_count": 330,
  "fpr": 0.2863636363636364,
  "fnr": 0.014925373134328358
}