{
  "train_loss": [
    0.5386275103753205,
    0.3351049009864246,
    0.3042272615216479,
    0.28071516390257284,
    0.26474375891588875,
    0.25469127202878045,
    0.25001260402882347,
    0.23810230858462966,
    0.2403608149014973,
    0.23673563221827695,
    0.23019541627297466,
    0.22604890205112446,
    0.22167837929050876,
    0.21627018341424423,
    0.21557200084310502,
    0.21340248106351242,
    0.2091254080724021,
    0.20247146027500668,
    0.204126886397688,
    0.2011603645670161,
    0.20233204223892107,
    0.19675075666284855,
    0.19607781924787274,
    0.19317860192247321,
    0.19448655023043332,
    0.18890940657825614,
    0.18812491875858825,
    0.18710217473123503,
    0.1870694823120867,
    0.18380642046349463
  ],
  "train_dice": [
    0.647735824605003,
    0.7182110946552283,
    0.741428631072526,
    0.7606956290306103,
    0.7733262635533257,
    0.7810517958139872,
    0.7848444799927355,
    0.7948972600067586,
    0.7923270133062114,
    0.7947507172927694,
    0.8004498463519254,
    0.8040275188861872,
    0.807820766872826,
    0.8116438465729906,
    0.8128522021567892,
    0.8141543217522983,
    0.8179691701097551,
    0.8241294221901346,
    0.8220668860804472,
    0.824273810675889,
    0.8234151976619432,
    0.8282457527487814,
    0.8283958501677787,
    0.8309225796827309,
    0.8300619048473524,
    0.8348593924406172,
    0.8354090501606254,
    0.8368429252768006,
    0.8360750392861312,
    0.8391185692857817
  ],
  "train_fpr": [
    0.40967204002223456,
    0.35343150875243123,
    0.3193440800444691,
    0.2975,
    0.3009169213670464,
    0.26861111111111113,
    0.2898832684824903,
    0.2586829674909697,
    0.28547625659539017,
    0.27492363232435435,
    0.26090580716865797,
    0.26451792164490134,
    0.2786111111111111,
    0.2712618121178432,
    0.3009169213670464,
    0.2861906085023618,
    0.33046136742634796,
    0.2962757087270706,
    0.2670186162823006,
    0.26209005002779323,
    0.295,
    0.29527777777777775,
    0.2537520844913841,
    0.29,
    0.30416666666666664,
    0.2825,
    0.33073929961089493,
    0.31027777777777776,
    0.2733333333333333,
    0.3275
  ],
  "train_fnr": [
    0.05223880597014925,
    0.03850687622789784,
    0.03613511390416339,
    0.0294811320754717,
    0.031041257367387033,
    0.03459119496855346,
    0.030636292223095052,
    0.037721021611001965,
    0.029885961462839165,
    0.03342508847817539,
    0.03732809430255403,
    0.03025540275049116,
    0.031839622641509434,
    0.03338570306362922,
    0.02711198428290766,
    0.025147347740667975,
    0.02474469756480754,
    0.02474469756480754,
    0.029076620825147347,
    0.029850746268656716,
    0.031053459119496855,
    0.027122641509433963,
    0.030243519245875882,
    0.027122641509433963,
    0.025550314465408806,
    0.025157232704402517,
    0.020816967792615867,
    0.02279874213836478,
    0.02790880503144654,
    0.020440251572327043
  ],
  "val_loss": [
    0.6334017654911417,
    0.32003717100033996,
    0.2989621980268447,
    0.2720303893089294,
    0.29172476681529497,
    0.24592081630816226,
    0.25113381220669045,
    0.23630757776440167,
    0.46795060023909707,
    0.2989621575494282,
    0.23630172969376453,
    0.26763313564120744,
    0.2538743108022408,
    0.2475969925278523,
    0.22871499032270712,
    0.24634043364251246,
    0.220755516090354,
    0.2284910608510502,
    0.7730010370250608,
    0.21828590648584678,
    0.2138551691516501,
    0.2240908013748341,
    0.219845178674479,
    0.24309249075709796,
    0.22852681635833177,
    0.2553452695002321,
    0.21637832771559232,
    0.21262952853910258,
    0.21085599895383492,
    0.22348016818038752
  ],
  "val_dice": [
    0.40923551450689616,
    0.7200832181289548,
    0.7401842956660224,
    0.7618330894923601,
    0.7440635044555195,
    0.7827284139687898,
    0.7754554076272934,
    0.791912085306449,
    0.5887258660231457,
    0.7329176314541551,
    0.790217652868052,
    0.76588314840051,
    0.7771540032058466,
    0.7829549142571747,
    0.7985696767197281,
    0.7816331278105251,
    0.8076879968408679,
    0.7965572031795002,
    0.35825538741516283,
    0.805891283711449,
    0.8124501172636376,
    0.7994858347001623,
    0.8063777371508176,
    0.7826568926455545,
    0.7945419369387577,
    0.7720953286671247,
    0.8093743622791572,
    0.8110462729071007,
    0.8130509401931137,
    0.8011010907223968
  ],
  "val_fpr": [
    0.17659574468085107,
    0.08297872340425531,
    0.12127659574468085,
    0.24893617021276596,
    0.30638297872340425,
    0.09787234042553192,
    0.04680851063829787,
    0.12340425531914893,
    0.12340425531914893,
    0.06808510638297872,
    0.13617021276595745,
    0.07872340425531915,
    0.3191489361702128,
    0.09148936170212765,
    0.15319148936170213,
    0.17446808510638298,
    0.24680851063829787,
    0.13617021276595745,
    0.03829787234042553,
    0.2170212765957447,
    0.1829787234042553,
    0.12340425531914893,
    0.20851063829787234,
    0.16170212765957448,
    0.1574468085106383,
    0.13617021276595745,
    0.24468085106382978,
    0.18723404255319148,
    0.3382978723404255,
    0.13191489361702127
  ],
  "val_fnr": [
    0.13114754098360656,
    0.04262295081967213,
    0.05901639344262295,
    0.03934426229508197,
    0.03278688524590164,
    0.05573770491803279,
    0.07540983606557378,
    0.036065573770491806,
    0.18688524590163935,
    0.09836065573770492,
    0.05245901639344262,
    0.06885245901639345,
    0.019672131147540985,
    0.07540983606557378,
    0.03934426229508197,
    0.04918032786885246,
    0.019672131147540985,
    0.06557377049180328,
    0.2786885245901639,
    0.04262295081967213,
    0.03278688524590164,
    0.05573770491803279,
    0.03934426229508197,
    0.05901639344262295,
    0.06557377049180328,
    0.08196721311475409,
    0.03278688524590164,
    0.04918032786885246,
    0.02622950819672131,
    0.04590163934426229
  ]
}