{
  "dice": 0.805184800722092,
  "hd95_mean": 7.98193359375,
  "hd95_median": 3.0,
  "hd95_count": 295,
  "fpr": 0.16916488222698073,
  "fnr": 0.04220779220779221
}