{
  "train_loss": [
    0.638245330206217,
    0.46696507208769594,
    0.4257044204186948,
    0.40745293678664496,
    0.3906316449011371,
    0.3681139634722377,
    0.3515013797681887,
    0.3342787743320709,
    0.3181544123407242,
    0.308835564744432,
    0.2967070747448026,
    0.2916449722904273,
    0.29097342127339937,
    0.2761106631367352,
    0.2747653487160959,
    0.26911831493085286,
    0.2639490648873485,
    0.2593682228326347,
    0.2552146483044017,
    0.2503871931196969,
    0.24935220593566174,
    0.2416564564730199,
    0.27339782795956674,
    0.30798257215628994,
    0.29115422049080425,
    0.2714847227486069,
    0.2751523591957565,
    0.2674004401592397,
    0.26759862655272926,
    0.258355022916254
  ],
  "train_dice": [
    0.6147513614320851,
    0.6812300316870192,
    0.7120875262856771,
    0.7249751128516486,
    0.734807447365001,
    0.7505169269182858,
    0.7607745483288507,
    0.7736806271463441,
    0.7826280554807481,
    0.7891673051895242,
    0.798572626184883,
    0.8024498902053222,
    0.8022234812688269,
    0.8132473745444144,
    0.8142987416647065,
    0.8163239623012267,
    0.8212052878546474,
    0.8244386256052615,
    0.8276122861134134,
    0.8307016508598563,
    0.8304117462640328,
    0.8376074287323457,
    0.82315019367087,
    0.809152867163707,
    0.8133510524575721,
    0.8226789235337449,
    0.8207846580038093,
    0.8244035703724805,
    0.8258425664414125,
    0.8287406067465836
  ],
  "train_fpr": [
    0.3206214689265537,
    0.25169491525423726,
    0.25091833851370443,
    0.22831308279174908,
    0.22294433455778467,
    0.21045197740112995,
    0.2136196665724781,
    0.19892625035320713,
    0.18032786885245902,
    0.17547329754167845,
    0.17919728660260034,
    0.157909604519774,
    0.16077988132240745,
    0.15710652726758972,
    0.14858757062146893,
    0.141888072357264,
    0.1469341621927098,
    0.1455213337100876,
    0.1455624646693047,
    0.1644532353772252,
    0.1523029104266742,
    0.14330130016958734,
    0.10994912379875636,
    0.05789325049421067,
    0.0607687959299039,
    0.050296693981350664,
    0.05031091011871114,
    0.03446327683615819,
    0.036440677966101696,
    0.04494064443188242
  ],
  "train_fnr": [
    0.06231117824773414,
    0.046450151057401814,
    0.03095507738769347,
    0.033597583993959984,
    0.03020007550018875,
    0.026812688821752265,
    0.02642506606266516,
    0.022650056625141562,
    0.026037735849056602,
    0.026802567006417515,
    0.01849056603773585,
    0.0256797583081571,
    0.022272555681389205,
    0.01925254813137033,
    0.019259818731117824,
    0.022641509433962263,
    0.021140052850132124,
    0.01963004907512269,
    0.017735849056603775,
    0.015855039637599093,
    0.015477538693846734,
    0.01509433962264151,
    0.025660377358490565,
    0.04117869285984133,
    0.045283018867924525,
    0.04228010570026425,
    0.04415094339622642,
    0.045317220543806644,
    0.04154078549848943,
    0.03962264150943396
  ],
  "val_loss": [
    0.4129722379246821,
    0.448917817057602,
    0.3349185725105852,
    0.343454509024911,
    0.428735564297327,
    0.4253978419367135,
    0.30673589693772696,
    0.42142923757315315,
    0.34246353729966467,
    0.3170359322025542,
    0.28558851213290776,
    0.3379910466525536,
    0.3362489640712738,
    0.3821339608424538,
    0.30869686401965446,
    0.3003775908633948,
    0.3594395480753572,
    0.31501932343374195,
    0.303888223413131,
    0.3523282002390854,
    0.31166910828740907,
    0.317195505891934,
    0.4786980679401985,
    0.45243162185507046,
    0.45228928331512985,
    0.3198073803192741,
    0.3454324110591443,
    0.4201487928075563,
    0.35769063594012424,
    0.37097342055419397
  ],
  "val_dice": [
    0.7062604004709885,
    0.6829983163081524,
    0.7834690918044165,
    0.7726965511479571,
    0.724997795475968,
    0.7168843736699152,
    0.7943311205988537,
    0.7221792212265002,
    0.7682169462388643,
    0.7854040152040022,
    0.8100097887613255,
    0.7794585869961297,
    0.7705509090297102,
    0.7385343251557186,
    0.7895344476010502,
    0.7978074706754886,
    0.7631109687709682,
    0.7815117510801443,
    0.8012662154970696,
    0.7734384440300636,
    0.7953389567231626,
    0.7931182932365557,
    0.7389926553879239,
    0.752593868844389,
    0.7416004492093461,
    0.8005463114151588,
    0.7878272459306198,
    0.7569487972348059,
    0.7873450887713097,
    0.7787237821902774
  ],
  "val_fpr": [
    0.1407035175879397,
    0.01507537688442211,
    0.06281407035175879,
    0.16331658291457288,
    0.12562814070351758,
    0.09045226130653267,
    0.11306532663316583,
    0.032663316582914576,
    0.04271356783919598,
    0.0678391959798995,
    0.11809045226130653,
    0.04020100502512563,
    0.03768844221105527,
    0.032663316582914576,
    0.06281407035175879,
    0.035175879396984924,
    0.03768844221105527,
    0.05778894472361809,
    0.06281407035175879,
    0.052763819095477386,
    0.04522613065326633,
    0.05025125628140704,
    0.01507537688442211,
    0.01507537688442211,
    0.02763819095477387,
    0.035175879396984924,
    0.02512562814070352,
    0.032663316582914576,
    0.035175879396984924,
    0.032663316582914576
  ],
  "val_fnr": [
    0.09018567639257294,
    0.09283819628647215,
    0.050397877984084884,
    0.034482758620689655,
    0.06896551724137931,
    0.08222811671087533,
    0.05305039787798409,
    0.06896551724137931,
    0.06631299734748011,
    0.050397877984084884,
    0.03978779840848806,
    0.050397877984084884,
    0.0610079575596817,
    0.06631299734748011,
    0.03978779840848806,
    0.0610079575596817,
    0.0636604774535809,
    0.058355437665782495,
    0.04509283819628647,
    0.05305039787798409,
    0.04774535809018567,
    0.04774535809018567,
    0.09814323607427056,
    0.08753315649867374,
    0.09283819628647215,
    0.06896551724137931,
    0.06896551724137931,
    0.09814323607427056,
    0.06896551724137931,
    0.07161803713527852
  ]
}