{
  "dice": 0.7154974518802263,
  "hd95_mean": 14.479898452758789,
  "hd95_median": 7.6157732009887695,
  "hd95_count": 664,
  "fpr": 0.15852205005959474,
  "fnr": 0.06610407876230662,
  "selected_threshold": 0.5
}