{
  "selected_threshold": 0.5,
  "dice": 0.7154974518802263,
  "hd95_median": 7.6157732009887695,
  "fnr": 0.06610407876230662,
  "fpr": 0.15852205005959474
}