{
  "dice": 0.7154974518802263,
  "hd95_mean": 13.86217212677002,
  "hd95_median": 7.139150619506836,
  "hd95_count": 662,
  "fpr": 0.14064362336114422,
  "fnr": 0.06891701828410689
}