{
  "thresholds": [
    0.5,
    0.55,
    0.6,
    0.65,
    0.7
  ],
  "val_dice_by_threshold": {
    "0.50": 0.7882624611557618,
    "0.55": 0.7875796676525016,
    "0.60": 0.7864695544388608,
    "0.65": 0.7853515844302673,
    "0.70": 0.7839066728269749
  },
  "best_threshold": 0.5,
  "best_val_dice": 0.7882624611557618
}