{
  "train_loss": [
    1.0579804194583702,
    0.8500739782840241,
    0.7722722292015874,
    0.7102056844656712,
    0.6368326514962114,
    0.602283252082162,
    0.559118465799161,
    0.5311909469941555,
    0.4942489895916143,
    0.4798944711403162,
    0.4707165275456055,
    0.4445757633976398,
    0.42660127619551275,
    0.4200823154969378,
    0.4168691531298833,
    0.3983952286245995,
    0.38887525461760003,
    0.3815289733064179,
    0.36021157352796646,
    0.3611882673967203,
    0.35266514061080995,
    0.351599101032058,
    0.3439517021540406,
    0.33895126849193413,
    0.3259207371364617,
    0.3217731522725808,
    0.31437427971290494,
    0.31001316543106555,
    0.3068983685471841,
    0.30086411084370585
  ],
  "train_dice": [
    0.6651363918525116,
    0.7264025195123563,
    0.7428976434857589,
    0.752301076047417,
    0.7595676484254836,
    0.76608257342527,
    0.769954895321436,
    0.7755273751665605,
    0.7799309925779228,
    0.7830746037999813,
    0.786629526116511,
    0.790590274584784,
    0.7911338093908513,
    0.7950069010552938,
    0.8003625854361491,
    0.8026942336334791,
    0.8049787752741523,
    0.8091127297078832,
    0.8118316763744547,
    0.8141815859852899,
    0.8160486341959952,
    0.817044973027141,
    0.8215765186995143,
    0.8212257699831507,
    0.8258080893244268,
    0.8276427056186795,
    0.8287181485522106,
    0.8302951947887156,
    0.832817478342294,
    0.8359128165039863
  ],
  "train_fpr": [
    0.4970868267727725,
    0.3700440528634361,
    0.34631234901236324,
    0.3175618073316283,
    0.2950120790109422,
    0.2922705314009662,
    0.29288048884467816,
    0.2847399829497016,
    0.2751172374591445,
    0.27398038937047037,
    0.26616455876083556,
    0.28733835441239164,
    0.2906067926673298,
    0.28065937189143103,
    0.2708540571266165,
    0.2773909336364928,
    0.28222253801335795,
    0.28961205058973993,
    0.29089100468949836,
    0.2866278243569703,
    0.2820804320022737,
    0.2758277675145659,
    0.26403296859457154,
    0.27497513144806024,
    0.28733835441239164,
    0.27326985931504905,
    0.2766804035810715,
    0.26545402870541424,
    0.26829614892709963,
    0.27270143527071194
  ],
  "train_fnr": [
    0.02368077568525079,
    0.025545403691963453,
    0.02237553608055193,
    0.025736665423349497,
    0.020324445273168002,
    0.017717269675494217,
    0.0214432220771956,
    0.019022752704214847,
    0.017900428864441546,
    0.018459817266455344,
    0.016968114861085213,
    0.01566287525638635,
    0.013052396046988626,
    0.01379824724967369,
    0.01808689166511281,
    0.01379824724967369,
    0.014357635651687487,
    0.011560693641618497,
    0.011001305239604698,
    0.014171172851016222,
    0.012306544844303562,
    0.011560693641618497,
    0.011374230840947231,
    0.01286593324631736,
    0.01193361924296103,
    0.01193361924296103,
    0.008950214432220773,
    0.011747156442289764,
    0.012306544844303562,
    0.01006899123624837
  ],
  "val_loss": [
    3.028775638548562,
    2.2537817515813523,
    2.5733410240198573,
    1.5609970653796719,
    1.8218793697165747,
    2.0332707754995702,
    2.66475537030475,
    2.1696927639037153,
    2.620348342687544,
    2.4453280083998274,
    3.3820870363364253,
    2.5790930503911347,
    2.461642210946901,
    2.3293030995413333,
    1.9623850741960707,
    2.7024949123878983,
    2.0991429595616613,
    2.4850692409233455,
    2.9401608823533474,
    2.6150033211892976,
    3.1751860716808453,
    2.803269143098027,
    2.286371771893362,
    2.5406079938485675,
    2.7710882830413155,
    2.349641325580378,
    2.294188940269451,
    2.5076155871533565,
    3.301382726175289,
    2.9563858244975987
  ],
  "val_dice": [
    0.6730238352732284,
    0.748583233144379,
    0.7319408207152882,
    0.7393192204517605,
    0.7805341195777384,
    0.7319574188631381,
    0.7724026420690717,
    0.7569449780848775,
    0.7646467981601719,
    0.7526082687786896,
    0.741217748567897,
    0.7575819335803118,
    0.7700943519708013,
    0.7882624611557618,
    0.7750365144362414,
    0.7623726909504319,
    0.7667025995950629,
    0.7354803784594048,
    0.772472004396637,
    0.7711041892096944,
    0.7711282630036347,
    0.7668526251820752,
    0.7575586675292384,
    0.7663033827486699,
    0.750942326723224,
    0.7711628524165084,
    0.7860735755767265,
    0.7688618938200665,
    0.7727984827909157,
    0.7729484930960802
  ],
  "val_fpr": [
    0.20809248554913296,
    0.2277456647398844,
    0.17109826589595376,
    0.3953757225433526,
    0.2323699421965318,
    0.17341040462427745,
    0.17572254335260115,
    0.1930635838150289,
    0.1329479768786127,
    0.1676300578034682,
    0.20346820809248556,
    0.15375722543352602,
    0.2543352601156069,
    0.19884393063583816,
    0.25549132947976877,
    0.1884393063583815,
    0.31676300578034683,
    0.22890173410404624,
    0.21734104046242775,
    0.24739884393063583,
    0.23583815028901733,
    0.2508670520231214,
    0.2115606936416185,
    0.20578034682080926,
    0.1630057803468208,
    0.223121387283237,
    0.2543352601156069,
    0.2184971098265896,
    0.2138728323699422,
    0.22658959537572254
  ],
  "val_fnr": [
    0.08759124087591241,
    0.04525547445255475,
    0.058394160583941604,
    0.01167883211678832,
    0.029197080291970802,
    0.052554744525547446,
    0.04671532846715328,
    0.04671532846715328,
    0.052554744525547446,
    0.043795620437956206,
    0.04525547445255475,
    0.049635036496350364,
    0.052554744525547446,
    0.042335766423357665,
    0.029197080291970802,
    0.04671532846715328,
    0.026277372262773723,
    0.052554744525547446,
    0.030656934306569343,
    0.03941605839416058,
    0.029197080291970802,
    0.033576642335766425,
    0.04817518248175182,
    0.03795620437956204,
    0.05401459854014599,
    0.029197080291970802,
    0.026277372262773723,
    0.03941605839416058,
    0.030656934306569343,
    0.0364963503649635
  ],
  "train_bce_loss": [
    0.6602639144625319,
    0.5538438094561302,
    0.4939653026739751,
    0.44172418216335096,
    0.37722074348554097,
    0.34945173807812496,
    0.31021686307442087,
    0.28742380851998434,
    0.25599300366025884,
    0.24487596489294147,
    0.23948290375967476,
    0.21806778657148865,
    0.2011754741149531,
    0.1985121850225534,
    0.20116816904582413,
    0.18519697947522795,
    0.17852987231683543,
    0.1755522764751119,
    0.15721533745165192,
    0.16076127346498698,
    0.1543573293123235,
    0.15488580915592917,
    0.1512718461184095,
    0.14636804960621982,
    0.13846789613067784,
    0.13621448226132918,
    0.13043326076736556,
    0.12790546627941765,
    0.12754975054158674,
    0.12479384653747584
  ],
  "val_bce_loss": [
    2.69384245424647,
    1.9873538031807019,
    2.298249511373821,
    1.28329910371371,
    1.5830058240270528,
    1.7571363489163945,
    2.4292978668707783,
    1.9155102253089367,
    2.378456856791664,
    2.1882714397036027,
    3.118386565592058,
    2.327784119755791,
    2.2237439898638067,
    2.1097079921078725,
    1.7295029964182445,
    2.4595473851430754,
    1.8524795166468315,
    2.2130702728636726,
    2.705574298231271,
    2.381243882572999,
    2.9416553487770094,
    2.564345903293549,
    2.0393240941185367,
    2.3014155077863565,
    2.5181626415791083,
    2.1151365920541005,
    2.0705195840475334,
    2.270062151619906,
    3.07119999122364,
    2.7264237175913135
  ],