{
  "train_loss": [
    0.4581620690885768,
    0.3378773388618251,
    0.31679966365291806,
    0.3011402025788218,
    0.2846985836852202,
    0.27400465690748,
    0.26534065808510593,
    0.25896427753280865,
    0.24898527712956164,
    0.2450481233058034,
    0.24014986450681886,
    0.23441412876227488,
    0.22906240714833104,
    0.2256835546947182,
    0.21994166857532352,
    0.21527411254066012,
    0.2145941862559561,
    0.20844043764671866,
    0.20867946757118805,
    0.20526625035390408,
    0.20134213158834569,
    0.20095151635280378,
    0.1972862601415757,
    0.19671410577009535,
    0.19543963222631802,
    0.19071212323515127,
    0.18867961749258116,
    0.1872905458959056,
    0.18629869694146728,
    0.18313019351701731
  ],
  "train_dice": [
    0.6533385345895671,
    0.7084736722872734,
    0.7257733311661168,
    0.738287708044423,
    0.7524416342580615,
    0.7606543021331066,
    0.7682531611722091,
    0.7724669200065072,
    0.7804346410744366,
    0.7837147366359184,
    0.7875225046031609,
    0.7930139477548679,
    0.79719283396345,
    0.7995693435828152,
    0.8044627768751628,
    0.8083509320968176,
    0.8090674641734522,
    0.8145753040068279,
    0.8141153403786933,
    0.8169648754622689,
    0.8203467099959431,
    0.8207814233393608,
    0.8240405037468634,
    0.8246049078859837,
    0.8252290072592182,
    0.8300657450984464,
    0.8316827376864279,
    0.8329956249503928,
    0.8336009215425987,
    0.8361449082673756
  ],
  "train_fpr": [
    0.3416575192096597,
    0.3029637760702525,
    0.29541712403951703,
    0.29363336992316136,
    0.3077661909989023,
    0.31215697036223927,
    0.324231613611416,
    0.3035126234906696,
    0.32766190998902306,
    0.33191547749725575,
    0.31092206366630076,
    0.3409714599341383,
    0.3373576622307587,
    0.3323271130625686,
    0.3158616904500549,
    0.30982436882546655,
    0.34659714599341385,
    0.32926327342571,
    0.3386388583973655,
    0.340834248079034,
    0.33068057080131724,
    0.346185510428101,
    0.3216245883644347,
    0.3357574094401756,
    0.34742041712403954,
    0.33218990120746433,
    0.3331503841931943,
    0.3302236246398683,
    0.3371295279912184,
    0.34119906708739195
  ],
  "train_fnr": [
    0.05496870109546166,
    0.04812206572769953,
    0.042057902973395934,
    0.03599374021909233,
    0.0297339593114241,
    0.02797339593114241,
    0.028755868544600938,
    0.030125195618153366,
    0.027386541471048513,
    0.02269170579029734,
    0.025821596244131457,
    0.020539906103286387,
    0.01936998630405009,
    0.021322378716744913,
    0.023474178403755867,
    0.02171361502347418,
    0.017801251956181534,
    0.01917432987673645,
    0.019561815336463225,
    0.017018779342723004,
    0.019561815336463225,
    0.017214397496087636,
    0.01936619718309859,
    0.014280125195618153,
    0.016236306729264474,
    0.01486697965571205,
    0.015453834115805946,
    0.013695949911954608,
    0.013497652582159625,
    0.015261201330463705
  ],
  "val_loss": [
    0.479657902949925,
    0.23826433201568456,
    0.21241133470231524,
    0.2989228864823132,
    0.18958495535540598,
    0.2922212246546423,
    0.2993856169704965,
    0.27613625950152443,
    0.27007372306450406,
    0.199297836400326,
    0.23871032491645958,
    0.2103504581299759,
    0.23654006882267592,
    0.20015426606942827,
    0.2803323467953693,
    0.2037880083204374,
    0.20544518395630124,
    0.26738962322506593,
    0.19896192421872147,
    0.2579497105756102,
    0.2651675127766277,
    0.23131814894966296,
    0.30292373400776695,
    0.21829630138859504,
    0.22338192763644651,
    0.252411649650591,
    0.20970734581075742,
    0.23951508230033755,
    0.23628504491086014,
    0.25353360360835475
  ],
  "val_dice": [
    0.6047214081830526,
    0.7898337861313622,
    0.8118647632999181,
    0.7338669061710363,
    0.8360148138606359,
    0.7455061322612655,
    0.7384463778983515,
    0.7692534122698714,
    0.7683414958118455,
    0.8354857654349338,
    0.7968482189238645,
    0.8255868405682316,
    0.8002948415735681,
    0.8370854087372327,
    0.7594179105662504,
    0.8311916024468222,
    0.8370700342547611,
    0.7749721165085156,
    0.8328682845623712,
    0.7789482699070654,
    0.777047959121892,
    0.8085809403301296,
    0.7458400036313036,
    0.8231756689093082,
    0.813129411271867,
    0.7937877941546003,
    0.8259534146896764,
    0.7974102086437171,
    0.8070090847618921,
    0.7875989605775985
  ],
  "val_fpr": [
    0.014874141876430207,
    0.14073226544622425,
    0.17048054919908467,
    0.08009153318077804,
    0.17848970251716248,
    0.15331807780320367,
    0.08009153318077804,
    0.06064073226544622,
    0.06864988558352403,
    0.2505720823798627,
    0.14187643020594964,
    0.17848970251716248,
    0.12013729977116705,
    0.22654462242562928,
    0.05606407322654462,
    0.11784897025171624,
    0.2139588100686499,
    0.06521739130434782,
    0.15560640732265446,
    0.12471395881006865,
    0.09382151029748284,
    0.09267734553775744,
    0.06521739130434782,
    0.18764302059496568,
    0.15217391304347827,
    0.09267734553775744,
    0.16018306636155608,
    0.15102974828375287,
    0.21967963386727687,
    0.16475972540045766
  ],
  "val_fnr": [
    0.1849112426035503,
    0.057692307692307696,
    0.04585798816568047,
    0.08284023668639054,
    0.03106508875739645,
    0.04881656804733728,
    0.07840236686390532,
    0.057692307692307696,
    0.0621301775147929,
    0.013313609467455622,
    0.04585798816568047,
    0.022189349112426034,
    0.05029585798816568,
    0.014792899408284023,
    0.07248520710059171,
    0.022189349112426034,
    0.019230769230769232,
    0.06656804733727811,
    0.03106508875739645,
    0.03106508875739645,
    0.04585798816568047,
    0.03994082840236687,
    0.07396449704142012,
    0.023668639053254437,
    0.029585798816568046,
    0.029585798816568046,
    0.022189349112426034,
    0.028106508875739646,
    0.01775147928994083,
    0.038461538461538464
  ],
  "train_bce_loss": [
    0.06303834507611861,
    0.04160572759724239,
    0.038663508848038985,
    0.03600404251706871,
    0.03346889459076772,
    0.03132721148124834,
    0.0305004782134438,
    0.028544738688036836,
    0.02663110109287045,
    0.026242418655668405,
    0.02506452138583251,
    0.0248285251612669,
    0.023882408621377943,
    0.02289385799438076,
    0.022386758708546867,
    0.021663006151721335,
    0.021470778869705,
    0.02086520526668563,
    0.02082941126500885,
    0.020485680864498226,
    0.019806675684234283,
    0.02001365307892058,
    0.019604489059414382,
    0.019720543706777487,
    0.019072869846908324,
    0.018979637741295408,
    0.018755723961981455,
    0.01880453876154703,
    0.018479170683044777,
    0.01792432011325725
  ],
  "val_bce_loss": [
    0.0831452407038293,
    0.026952344028730552,
    0.023237669710736354,
    0.035839408138465,
    0.023467441868280148,
    0.0385338548398358,
    0.04118436616180691,
    0.04542436185625269,
    0.038649577640386894,
    0.0345491392832391,
    0.036355567338717816,
    0.03381685249375427,
    0.0361567452781904,
    0.036126118956917974,
    0.04084577296620969,
    0.03441218225391408,
    0.04131442819721222,
    0.04257472032655189,
    0.031425963147228564,
    0.03722168372536888,
    0.043911822992515614,
    0.03975344323724065,
    0.049471520119804414,
    0.03912872914074177,
    0.037645857347671105,
    0.04606490625668187,
    0.03490998289742805,
    0.03764503957885738,
    0.04329075756464784,
    0.041281008501271074
  ],