{
  "thresholds": [
    0.5,
    0.55,
    0.6,
    0.65,
    0.7
  ],
  "val_dice_by_threshold": {
    "0.50": 0.8370854087372327,
    "0.55": 0.8363337371851036,
    "0.60": 0.8356044565454214,
    "0.65": 0.8349414769471926,
    "0.70": 0.8339354932727017
  },
  "best_threshold": 0.5,
  "best_val_dice": 0.8370854087372327
}