{
  "dice": 0.8062367515118799,
  "hd95_mean": 11.83226490020752,
  "hd95_median": 5.0,
  "hd95_count": 626,
  "fpr": 0.3530701754385965,
  "fnr": 0.018808777429467086
}