{
  "selected_threshold": 0.5,
  "dice": 0.8062367515118799,
  "hd95_median": 5.017328262329102,
  "fnr": 0.01567398119122257,
  "fpr": 0.3793859649122807
}