{
  "dice": 0.8062367515118799,
  "hd95_mean": 12.034658432006836,
  "hd95_median": 5.017328262329102,
  "hd95_count": 628,
  "fpr": 0.3793859649122807,
  "fnr": 0.01567398119122257,
  "selected_threshold": 0.5
}