{
  "train_loss": [
    0.6365770635759918,
    0.4392010302048509,
    0.40564947993093375,
    0.386655264523252,
    0.36379059086757876,
    0.34821648984156756,
    0.3352381402448793,
    0.32497615859367507,
    0.31818583032889874,
    0.30855556790276667,
    0.30611565430473303,
    0.29688213280051845,
    0.29416740708318173,
    0.28183323213915584,
    0.2820824464926353,
    0.27541713004015245,
    0.27211934618240025,
    0.268171356992374,
    0.2663404044825159,
    0.2645114544673942,
    0.26204867957208117,
    0.2558379564247017,
    0.2550253968485705,
    0.2522784964500567,
    0.24860463545567335,
    0.2427649047725395,
    0.24580684803774747,
    0.24011279173284641,
    0.23879563852505284,
    0.23722772323292352
  ],
  "train_dice": [
    0.6162792949321773,
    0.6982898983121052,
    0.7227973287382393,
    0.7382792685923152,
    0.7525671612914864,
    0.7622701827786607,
    0.7713549988769833,
    0.7787736038883315,
    0.7819218288866511,
    0.7887743099167465,
    0.7891153757934537,
    0.7955619639774283,
    0.7973056958566225,
    0.8053868132681576,
    0.8041433892535009,
    0.8096007264557985,
    0.8126591951170505,
    0.8146550474697054,
    0.8154592202378025,
    0.8184073037389776,
    0.8189865867468695,
    0.8240885985604641,
    0.8234861412900635,
    0.8260498830201558,
    0.8286385376180605,
    0.8342790273214382,
    0.8316341446047332,
    0.8360094061610226,
    0.8365464660857099,
    0.8368247027731481
  ],
  "train_fpr": [
    0.34789869190091843,
    0.30642916782632895,
    0.24067890929326655,
    0.2223149693934335,
    0.1903701642081826,
    0.20456443083774006,
    0.20512106874478153,
    0.17895908711383246,
    0.2045075125208681,
    0.1800723629279154,
    0.16671305315892013,
    0.17478430281102142,
    0.17167501391207568,
    0.17167501391207568,
    0.16921792374060673,
    0.18146395769551907,
    0.1681046479265238,
    0.169449081803005,
    0.178402449206791,
    0.16392986362371278,
    0.1672696910659616,
    0.17111853088480802,
    0.17172279432229334,
    0.1580411797440178,
    0.16448650153075425,
    0.16142499304202615,
    0.17172279432229334,
    0.168939604787086,
    0.14695240745894794,
    0.16304952698942682
  ],
  "train_fnr": [
    0.07112485504445304,
    0.04483958252802474,
    0.04021655065738593,
    0.038669760247486466,
    0.039427908774642445,
    0.034016235021260145,
    0.039427908774642445,
    0.04136064940085041,
    0.037122969837587005,
    0.040587553150367224,
    0.03904136064940085,
    0.03981445689988403,
    0.03596287703016241,
    0.033642691415313224,
    0.031696946269810594,
    0.027831465017394665,
    0.031310398144569,
    0.031322505800464036,
    0.03594897564746811,
    0.030537301894085815,
    0.030923850019327407,
    0.025522041763341066,
    0.027444916892153073,
    0.027068832173240527,
    0.027831465017394665,
    0.023192887514495556,
    0.02551217626594511,
    0.023192887514495556,
    0.023579435639737148,
    0.02242846094354215
  ],
  "val_loss": [
    0.4933608947573481,
    0.497174974551072,
    0.5847084802550239,
    0.4183394804194167,
    0.41860871137799444,
    0.5230436928771638,
    0.3740829826206774,
    0.45062371742081,
    0.39629316845455687,
    0.3816615910948934,
    0.40846755512662836,
    0.49641329823313535,
    0.5625062164422628,
    0.4526332967184685,
    0.4105420928549122,
    0.3852318226888373,
    0.4358177528993503,
    0.36538851402095845,
    0.6153055793932967,
    0.468937331478338,
    0.4359293169266469,
    0.41889966657838307,
    0.43206473093580555,
    0.5601385597441647,
    0.38788667486326117,
    0.3816775216444119,
    0.38791690871522233,
    0.4399251447336094,
    0.41515536783514795,
    0.42254276694478216
  ],
  "val_dice": [
    0.6790392421664218,
    0.67444807789257,
    0.6292530451271985,
    0.7386230268490476,
    0.7381678033519435,
    0.6733372771659413,
    0.7654589198328353,
    0.7335009777465382,
    0.7648404698919605,
    0.7668284872295084,
    0.753984835139803,
    0.7095325049717685,
    0.6700967233527351,
    0.7259131418692099,
    0.751744707069687,
    0.7689867986617862,
    0.7507416348501638,
    0.7852526676010441,
    0.6492309214698302,
    0.7245649217955163,
    0.7414507911213346,
    0.7557667507915884,
    0.7443323810559672,
    0.6767323301299601,
    0.7727333333846685,
    0.776121344598564,
    0.7686506902043884,
    0.7474583294947406,
    0.7606041307787638,
    0.7537698215729481
  ],
  "val_fpr": [
    0.14074074074074075,
    0.39753086419753086,
    0.027160493827160494,
    0.16049382716049382,
    0.13580246913580246,
    0.05432098765432099,
    0.2617283950617284,
    0.05925925925925926,
    0.14320987654320988,
    0.11851851851851852,
    0.12098765432098765,
    0.056790123456790124,
    0.02962962962962963,
    0.14074074074074075,
    0.2271604938271605,
    0.1382716049382716,
    0.13333333333333333,
    0.28641975308641976,
    0.21728395061728395,
    0.06666666666666667,
    0.2938271604938272,
    0.10123456790123457,
    0.18271604938271604,
    0.07654320987654321,
    0.2691358024691358,
    0.1382716049382716,
    0.17777777777777778,
    0.18765432098765433,
    0.12345679012345678,
    0.15308641975308643
  ],
  "val_fnr": [
    0.03783783783783784,
    0.008108108108108109,
    0.12162162162162163,
    0.024324324324324326,
    0.024324324324324326,
    0.05675675675675676,
    0.010810810810810811,
    0.03513513513513514,
    0.016216216216216217,
    0.021621621621621623,
    0.043243243243243246,
    0.0918918918918919,
    0.10270270270270271,
    0.024324324324324326,
    0.005405405405405406,
    0.032432432432432434,
    0.02702702702702703,
    0.010810810810810811,
    0.06756756756756757,
    0.043243243243243246,
    0.013513513513513514,
    0.03513513513513514,
    0.02972972972972973,
    0.05945945945945946,
    0.024324324324324326,
    0.013513513513513514,
    0.024324324324324326,
    0.02972972972972973,
    0.02972972972972973,
    0.016216216216216217
  ]
}