{
  "dice": 0.8420178020729664,
  "hd95_mean": 8.427163124084473,
  "hd95_median": 6.082762718200684,
  "hd95_count": 369,
  "fpr": 0.12531328320802004,
  "fnr": 0.018617021276595744
}