{
  "thresholds": [
    0.5,
    0.55,
    0.6,
    0.65,
    0.7
  ],
  "val_dice_by_threshold": {
    "0.50": 0.73833905614049,
    "0.55": 0.7378864971170808,
    "0.60": 0.7373596089234766,
    "0.65": 0.7366218631893374,
    "0.70": 0.7362059943092901
  },
  "best_threshold": 0.5,
  "best_val_dice": 0.73833905614049
}