{
  "dice": 0.804429772668543,
  "hd95_mean": 13.763531684875488,
  "hd95_median": 5.270160675048828,
  "hd95_count": 738,
  "fpr": 0.18703241895261846,
  "fnr": 0.013368983957219251
}