{
  "selected_threshold": 0.5,
  "dice": 0.804429772668543,
  "hd95_median": 6.082762718200684,
  "fnr": 0.009358288770053475,
  "fpr": 0.21571072319201995
}