{
  "train_loss": [
    1.246973175445161,
    1.1268810778018505,
    1.0303559677404488,
    0.999148074006229,
    0.9115720014276354,
    0.8744702195061714,
    0.8333925162812986,
    0.7505176006662736,
    0.6993525491530325,
    0.6567617240159408,
    0.6546157449302354,
    0.5928281017466039,
    0.5569374204719386,
    0.5552637795456915,
    0.5297491175794172,
    0.516302020265267,
    0.49707542557473194,
    0.4842875278757318,
    0.46791696443880115,
    0.4612732151121102,
    0.45532356174048344,
    0.43698726647157876,
    0.42466363254194517,
    0.4110843229485952,
    0.41268829909740706,
    0.40262909683243914,
    0.3971994647894451,
    0.3936968860886656,
    0.39043644802767724,
    0.3805475090867721
  ],
  "train_dice": [
    0.6121190333784695,
    0.6660077237090196,
    0.6894840503918186,
    0.7030620582599327,
    0.7166584182879364,
    0.7266670149458486,
    0.7344502019367749,
    0.7424326274513718,
    0.748991165235094,
    0.7570129885335454,
    0.758530342709685,
    0.7623170483250882,
    0.7665346670913966,
    0.7715194092731769,
    0.7763525190357554,
    0.778531407487629,
    0.7803834895459804,
    0.7815619978688607,
    0.7882439351244096,
    0.789436253726886,
    0.7898882705291713,
    0.7941316691151509,
    0.7948812797991629,
    0.7971374588726002,
    0.7985025646055035,
    0.8016595199937699,
    0.8023060203503365,
    0.8049329571929276,
    0.8036064882769711,
    0.8072062044647401
  ],
  "train_fpr": [
    0.5335503963759909,
    0.43459796149490376,
    0.39637599093997733,
    0.3522083805209513,
    0.3107304643261608,
    0.2975651189127973,
    0.2767162066525124,
    0.27123442808607023,
    0.25665345413363533,
    0.262599093997735,
    0.2536806342015855,
    0.2580690826727067,
    0.2504246885617214,
    0.2495753114382786,
    0.24745186862967158,
    0.2508493771234428,
    0.2570781426953567,
    0.23669309173272934,
    0.25424688561721404,
    0.24419592298980747,
    0.2601925254813137,
    0.25849377123442807,
    0.25962627406568517,
    0.2729331823329558,
    0.25916489738145787,
    0.25339750849377124,
    0.25212344280860705,
    0.26090033975084936,
    0.26528878822197055,
    0.2579275198187995
  ],
  "train_fnr": [
    0.018553223388305846,
    0.02230134932533733,
    0.025112443778110945,
    0.027361319340329836,
    0.028298350824587707,
    0.03223388305847077,
    0.02942830365510778,
    0.03110944527736132,
    0.027548725637181408,
    0.0297976011994003,
    0.03073463268365817,
    0.027736131934032984,
    0.02717391304347826,
    0.025487256371814093,
    0.027736131934032984,
    0.02361319340329835,
    0.024550224887556222,
    0.02492503748125937,
    0.020802098950524737,
    0.021926536731634184,
    0.020802098950524737,
    0.018553223388305846,
    0.0181784107946027,
    0.016116941529235384,
    0.017244611059044047,
    0.019677661169415293,
    0.016304347826086956,
    0.016116941529235384,
    0.018365817091454274,
    0.015742128935532233
  ],
  "val_loss": [
    2.9889965521013933,
    2.729497032259407,
    2.511571938922023,
    2.6193469670693905,
    3.2714026626116453,
    2.7330791638253524,
    2.4827483930136527,
    2.106173448890093,
    2.9043714735839643,
    2.402103629599797,
    2.1623362239400397,
    2.402227733693851,
    2.458983034332785,
    2.7293729602593104,
    2.594028147604499,
    2.4522601033036455,
    2.824474903003466,
    2.9803900816830713,
    2.5601475428717895,
    2.7287436894253227,
    2.1243570917306736,
    2.7082407599782785,
    2.010587386615342,
    2.554128560897677,
    2.895373327986934,
    3.0639092531636423,
    3.1955364168432014,
    2.486364133611742,
    3.1182998111706786,
    2.346700809049084
  ],
  "val_dice": [
    0.6195905474602711,
    0.6309105867982177,
    0.6556096651977451,
    0.655268045261303,
    0.668782945939604,
    0.6815100884145294,
    0.6925071842890969,
    0.7012453517180495,
    0.6866676152751603,
    0.7113744273095393,
    0.7105202835612275,
    0.7185025337092678,
    0.7171252912566354,
    0.685770144556714,
    0.7026795331294611,
    0.7187362677302837,
    0.7061181038155886,
    0.6883743631544165,
    0.7121808044944529,
    0.7300518973914555,
    0.7329706045512503,
    0.7164346428884174,
    0.7377059291190237,
    0.730095415145026,
    0.6822581236952304,
    0.6963686968433778,
    0.7100989870937405,
    0.6994098682748084,
    0.6919692964812002,
    0.73833905614049
  ],
  "val_fpr": [
    0.346636259977195,
    0.22462941847206386,
    0.1904218928164196,
    0.1949828962371722,
    0.18129988597491448,
    0.06385404789053592,
    0.12086659064994298,
    0.16077537058152794,
    0.03534777651083238,
    0.10262257696693272,
    0.20296465222348917,
    0.14937286202964653,
    0.17445838084378562,
    0.09236031927023945,
    0.03534777651083238,
    0.07639680729760548,
    0.08095781071835804,
    0.07639680729760548,
    0.09578107183580388,
    0.09007981755986318,
    0.1790193842645382,
    0.16875712656784492,
    0.20296465222348917,
    0.1265678449258837,
    0.14823261117445838,
    0.08893956670467502,
    0.18129988597491448,
    0.17559863169897377,
    0.11516533637400228,
    0.17445838084378562
  ],
  "val_fnr": [
    0.05794947994056464,
    0.05943536404160475,
    0.04457652303120357,
    0.05052005943536404,
    0.07726597325408618,
    0.08469539375928678,
    0.08023774145616643,
    0.029717682020802376,
    0.10846953937592868,
    0.0713224368499257,
    0.06240713224368499,
    0.08023774145616643,
    0.0713224368499257,
    0.12927191679049035,
    0.12332838038632987,
    0.09063893016344725,
    0.10549777117384844,
    0.10104011887072809,
    0.09063893016344725,
    0.08172362555720654,
    0.05794947994056464,
    0.07280832095096583,
    0.06983655274888559,
    0.07280832095096583,
    0.10401188707280833,
    0.13967310549777118,
    0.09361069836552749,
    0.11144130757800892,
    0.12035661218424963,
    0.07280832095096583
  ],
  "train_bce_loss": [
    0.7784646620390646,
    0.7553865041625142,
    0.6881813357092511,
    0.6748300587117527,
    0.6032399588874178,
    0.5770364235659212,
    0.5445200187253182,
    0.4722940568825325,
    0.4280354835128278,
    0.3940962501996703,
    0.39477334868877945,
    0.33709862714033073,
    0.30577485528052856,
    0.30903616377702375,
    0.2887547074535813,
    0.27762471104713665,
    0.26077628212629583,
    0.24994949445017087,
    0.2399881585897156,
    0.23459197480868665,
    0.22910785926129362,
    0.21536492887857586,
    0.2038481047921127,
    0.19345310486146602,
    0.19633734070789985,
    0.18950825736153612,
    0.1850202666052052,
    0.1842114592904457,
    0.18005294339350236,
    0.17405673766808158
  ],
  "val_bce_loss": [
    2.586174236353138,
    2.3418385792038587,
    2.1433310135275288,
    2.255022690502752,
    2.91803643133292,
    2.3982277686453743,
    2.1547367665726402,
    1.7825422892540714,
    2.584144436914811,
    2.099808004270114,
    1.857355461785927,
    2.1079096304421228,
    2.162844065302446,
    2.4115494443752343,
    2.2914848466275606,
    2.162682850955692,
    2.526702904623496,
    2.6661801594257617,
    2.268545620303074,
    2.4522565578066926,
    1.8495143010174817,
    2.419053076634102,
    1.737382673068916,
    2.2769374019775284,
    2.575104074696055,
    2.7575350000270826,
    2.9039096535701736,
    2.179699795004077,
    2.807937295983904,
    2.0813607482074756
  ],