{
  "dice": 0.804429772668543,
  "hd95_mean": 15.29574203491211,
  "hd95_median": 6.082762718200684,
  "hd95_count": 741,
  "fpr": 0.21571072319201995,
  "fnr": 0.009358288770053475,
  "selected_threshold": 0.5
}