{
  "dice": 0.7343340457827062,
  "hd95_mean": 14.344274520874023,
  "hd95_median": 6.324555397033691,
  "hd95_count": 681,
  "fpr": 0.21096543504171633,
  "fnr": 0.04219409282700422
}