{
  "selected_threshold": 0.5,
  "dice": 0.7343340457827062,
  "hd95_median": 6.810332298278809,
  "fnr": 0.040787623066104076,
  "fpr": 0.24195470798569726
}