{
  "train_loss": [
    0.9538146679345383,
    0.7549508416467074,
    0.6633017612327707,
    0.6183105898552503,
    0.5695371803748034,
    0.5345387594962262,
    0.5236543946778238,
    0.494344187006271,
    0.47928401923601405,
    0.46496619759903746,
    0.4514904764246278,
    0.4471991077300252,
    0.435931995648617,
    0.4217802193411826,
    0.4183812215035139,
    0.40867987987736476,
    0.3995109303294779,
    0.4033036899531072,
    0.3927073638817445,
    0.3821061170879983,
    0.3761147208096442,
    0.3711237795199451,
    0.36663325220824355,
    0.36392131070053313,
    0.35607296814506334,
    0.35038606765937425,
    0.3474902198022924,
    0.34559454893882996,
    0.3382236338435003,
    0.3332210349319487
  ],
  "train_dice": [
    0.6866319111245159,
    0.7353817531853774,
    0.7527726384443472,
    0.7649972074452052,
    0.776008588014916,
    0.7828705125840344,
    0.7878393414740356,
    0.7935270634966151,
    0.7970294416813504,
    0.8009353371926795,
    0.8042758593310394,
    0.8065293175200462,
    0.8087402169635406,
    0.8133158297363094,
    0.813953886271383,
    0.8187707063063898,
    0.8213835555903061,
    0.8202143756546271,
    0.8242142600954306,
    0.8272135822627219,
    0.8300034923994027,
    0.8316573194503707,
    0.8331636472520251,
    0.8360596782047355,
    0.8371953276458104,
    0.84014257845663,
    0.8413117483663985,
    0.842297506684709,
    0.8445583785502558,
    0.8467975252144887
  ],
  "train_fpr": [
    0.4050163887701297,
    0.3122416987316517,
    0.27860909220464586,
    0.2717685620635599,
    0.25776574522656026,
    0.2521020379079379,
    0.2420917640353377,
    0.22513536620119692,
    0.23713837822431239,
    0.24226877583012685,
    0.24212626478552088,
    0.2314379364400741,
    0.22784269022513537,
    0.23268737532060416,
    0.23656833404588856,
    0.24109432886862353,
    0.22656027358221714,
    0.23265422424846843,
    0.24326635314236852,
    0.23186546957389198,
    0.22759013823571328,
    0.22773264928031922,
    0.22844520450334901,
    0.23785093344734218,
    0.23055001424907381,
    0.22456540324878882,
    0.2158734682245654,
    0.20903391279566827,
    0.22274476271911073,
    0.2129115006412997
  ],
  "train_fnr": [
    0.03207160171545777,
    0.030206973708745106,
    0.03151221331344397,
    0.027969420100689913,
    0.02928011935844834,
    0.03002051090807384,
    0.027788138754196196,
    0.025736665423349497,
    0.02330785008390826,
    0.01808689166511281,
    0.020697370874510537,
    0.01995151967182547,
    0.023685192092502798,
    0.01976874300634092,
    0.019392131269811673,
    0.01641178664677359,
    0.0175307720999627,
    0.019026301063234472,
    0.014544098452358755,
    0.016781652060413946,
    0.019019205668469142,
    0.016222263658400148,
    0.018646280067126608,
    0.014171172851016222,
    0.015292801193584483,
    0.013054830287206266,
    0.01641178664677359,
    0.013987318164863857,
    0.013425321648331158,
    0.013425321648331158
  ],
  "val_loss": [
    1.4066364702517098,
    1.1008998107736128,
    2.5219191909706504,
    1.2493067478611521,
    1.076870449398556,
    1.1972096148198539,
    1.6868219164166138,
    0.9759312951216732,
    1.446102835096582,
    1.0366227101670564,
    1.2643291429446561,
    1.1223347499422784,
    0.822362954773172,
    0.9767948040997025,
    0.8510741198584981,
    1.165026235232388,
    0.9094077513600788,
    1.1130099664204312,
    1.0918605601265483,
    1.0550356209713176,
    1.1802663548584402,
    1.2071655804658459,
    1.5407125240694868,
    1.4263032502501551,
    1.074852008584642,
    1.2714814823909397,
    0.9223403937625189,
    1.1286505445511672,
    1.2122805950850466,
    1.256258367926535
  ],
  "val_dice": [
    0.6805292422686071,
    0.7092897672314931,
    0.5776600740102195,
    0.7297876333980992,
    0.7602674301197059,
    0.7396532962710536,
    0.7032145436227757,
    0.7696354102370513,
    0.7026991232811561,
    0.7441206021057646,
    0.7480445027351379,
    0.7500035266208388,
    0.7756299069545565,
    0.7658870592169518,
    0.7977770086187516,
    0.7681889480809225,
    0.7973332931797434,
    0.7777189661986637,
    0.7696141455023393,
    0.7856538518665046,
    0.7758372514026008,
    0.7572846060469203,
    0.7275337498390326,
    0.7277664405205388,
    0.7847816048747431,
    0.767928913136414,
    0.7745581126234827,
    0.7746735746115718,
    0.7737070176070624,
    0.7821854477353992
  ],
  "val_fpr": [
    0.13641618497109825,
    0.15953757225433526,
    0.06242774566473988,
    0.1260115606936416,
    0.14797687861271677,
    0.14450867052023122,
    0.12369942196531791,
    0.2878612716763006,
    0.07283236994219654,
    0.15953757225433526,
    0.1283236994219653,
    0.13410404624277455,
    0.16184971098265896,
    0.19190751445086704,
    0.2682080924855491,
    0.1653179190751445,
    0.2543352601156069,
    0.15606936416184972,
    0.15491329479768787,
    0.19190751445086704,
    0.21965317919075145,
    0.12485549132947976,
    0.15260115606936417,
    0.09364161849710982,
    0.27398843930635836,
    0.1930635838150289,
    0.13641618497109825,
    0.15606936416184972,
    0.19653179190751446,
    0.1976878612716763
  ],
  "val_fnr": [
    0.07007299270072993,
    0.07153284671532846,
    0.11240875912408758,
    0.06277372262773723,
    0.052554744525547446,
    0.04671532846715328,
    0.06423357664233577,
    0.024817518248175182,
    0.0905109489051095,
    0.061313868613138686,
    0.058394160583941604,
    0.08029197080291971,
    0.07007299270072993,
    0.06277372262773723,
    0.029197080291970802,
    0.052554744525547446,
    0.032116788321167884,
    0.03795620437956204,
    0.051094890510948905,
    0.03941605839416058,
    0.032116788321167884,
    0.07153284671532846,
    0.07007299270072993,
    0.07007299270072993,
    0.027737226277372264,
    0.027737226277372264,
    0.052554744525547446,
    0.058394160583941604,
    0.042335766423357665,
    0.029197080291970802
  ]
}