{
  "thresholds": [
    0.5,
    0.55,
    0.6,
    0.65,
    0.7
  ],
  "val_dice_by_threshold": {
    "0.50": 0.7977770086187516,
    "0.55": 0.7973662277316526,
    "0.60": 0.7963231624477971,
    "0.65": 0.7950421891725846,
    "0.70": 0.7936813146419769
  },
  "best_threshold": 0.5,
  "best_val_dice": 0.7977770086187516
}