{
  "dice": 0.7586768230709134,
  "hd95_mean": 11.543971061706543,
  "hd95_median": 3.605551242828369,
  "hd95_count": 703,
  "fpr": 0.011335012594458438,
  "fnr": 0.0701058201058201
}