{
  "train_loss": [
    0.45826522944772985,
    0.3414496417212897,
    0.31188012857857966,
    0.298770460090591,
    0.2855563390829655,
    0.27307300296818987,
    0.2600797213982778,
    0.24989576870305963,
    0.24231168976971437,
    0.2376032447031207,
    0.22955224670712793,
    0.2498637801185437,
    0.26724717037526136,
    0.265763456537195,
    0.26047893899335844,
    0.2551588572198561,
    0.24875105024937796,
    0.2501413792437169,
    0.24622890129800445,
    0.2408479134926148,
    0.24203202862287496,
    0.24252219378595818,
    0.23686957127813782,
    0.23345282773744863,
    0.24015663634166712,
    0.23265700653458546,
    0.22986612853137453,
    0.2257367431246718,
    0.22624204802031753,
    0.2239313196413157
  ],
  "train_dice": [
    0.663953350071945,
    0.7105343307802032,
    0.7342063655616925,
    0.7439905320614467,
    0.7543837576392867,
    0.7639589176567496,
    0.774042711653238,
    0.7819507247713527,
    0.7875221074104728,
    0.7909401404818384,
    0.7981641454127997,
    0.7858460019070269,
    0.7750141262074098,
    0.7736972436225094,
    0.7769095264598964,
    0.7808790791833694,
    0.7852459825225768,
    0.7838295338749426,
    0.7873888424150265,
    0.7903131919456322,
    0.7880266516937148,
    0.7887230161222823,
    0.7929977807342201,
    0.7955411834388114,
    0.7901171987512827,
    0.796343271205512,
    0.7986297034144286,
    0.8022654807669222,
    0.8011690565104198,
    0.8036509368801804
  ],
  "train_fpr": [
    0.43001566282215575,
    0.38260002847785846,
    0.3350420048412359,
    0.3315294787809741,
    0.32312731415551127,
    0.3131140538231525,
    0.3162916547992025,
    0.32383936200512675,
    0.3282073188096255,
    0.33409285103958986,
    0.3274953723479994,
    0.29503061369784994,
    0.09027481133418767,
    0.08002278228677204,
    0.0854457419538593,
    0.08086560364464693,
    0.07473309608540925,
    0.08188550270578183,
    0.0756087142246903,
    0.07944191343963554,
    0.061085006407518155,
    0.08926537585421412,
    0.07445899772209567,
    0.07945322511747116,
    0.06208173145379468,
    0.07076747828563291,
    0.07203872437357631,
    0.06920119607005554,
    0.06807177442324124,
    0.07034031040865726
  ],
  "train_fnr": [
    0.03319822428102683,
    0.027793862188766647,
    0.02798687512063308,
    0.023736009262832883,
    0.021999228097259745,
    0.020073344914109247,
    0.02045542261675029,
    0.017946738710922425,
    0.016213086276780544,
    0.01563103049015824,
    0.015055008685581933,
    0.025670719938235862,
    0.06987068133564948,
    0.07990735379270411,
    0.07526051717483596,
    0.07953667953667953,
    0.07144236339061595,
    0.0760324199150907,
    0.06890561667631731,
    0.06853281853281853,
    0.07720517274657403,
    0.07046332046332046,
    0.07065637065637066,
    0.06813356494885157,
    0.07894228913337194,
    0.06813356494885157,
    0.07181467181467181,
    0.06388728044779,
    0.06715553840216133,
    0.06388728044779
  ],
  "val_loss": [
    0.39021293568475296,
    0.42499187406141875,
    0.33356459591633236,
    0.36605328688679256,
    0.4378621433450286,
    0.2991186880063467,
    0.3877106481722617,
    0.3835830275829022,
    0.3361180046217734,
    0.2851550517725809,
    0.27999769437771577,
    0.6372593132901055,
    0.8845136821736977,
    0.4080933100222862,
    0.3464539224478254,
    0.33543971862293714,
    0.40181667444712754,
    0.3236205469169508,
    0.3907127267657182,
    0.34991317448283193,
    0.3457272558491624,
    0.28083709892723974,
    0.40351785411607166,
    0.4338962382655538,
    0.35890177172473353,
    0.3372317112111977,
    0.3041455395243786,
    0.5016958097744192,
    0.2695528377707188,
    0.29034625768576594
  ],
  "val_dice": [
    0.666525562344241,
    0.641171099647264,
    0.7120875448275071,
    0.6881502820258467,
    0.6281704322927156,
    0.7501143483004594,
    0.6744074991551304,
    0.6739177187464261,
    0.7188837525018218,
    0.7641310430877442,
    0.7713490770731726,
    0.5798789840589604,
    0.49105153901114773,
    0.6958643077976174,
    0.7347948510555333,
    0.7294666857546211,
    0.7037739413969505,
    0.7447188232860865,
    0.6994795841257754,
    0.7325268819970623,
    0.7328259075681368,
    0.7783365042885484,
    0.6898485850370316,
    0.6787946579972564,
    0.7214153728585828,
    0.7350496178933358,
    0.7551646702352413,
    0.6403156088088358,
    0.7811191818528301,
    0.7697803355604834
  ],
  "val_fpr": [
    0.33372641509433965,
    0.22287735849056603,
    0.19693396226415094,
    0.08844339622641509,
    0.2134433962264151,
    0.15212264150943397,
    0.18396226415094338,
    0.21580188679245282,
    0.12382075471698113,
    0.24056603773584906,
    0.23349056603773585,
    0.0,
    0.0011792452830188679,
    0.015330188679245283,
    0.027122641509433963,
    0.025943396226415096,
    0.030660377358490566,
    0.0330188679245283,
    0.020047169811320754,
    0.049528301886792456,
    0.031839622641509434,
    0.05778301886792453,
    0.007075471698113208,
    0.015330188679245283,
    0.030660377358490566,
    0.007075471698113208,
    0.0330188679245283,
    0.0023584905660377358,
    0.04834905660377359,
    0.03419811320754717
  ],
  "val_fnr": [
    0.06837606837606838,
    0.05555555555555555,
    0.05698005698005698,
    0.0754985754985755,
    0.07407407407407407,
    0.038461538461538464,
    0.045584045584045586,
    0.05128205128205128,
    0.039886039886039885,
    0.021367521367521368,
    0.019943019943019943,
    0.2863247863247863,
    0.2777777777777778,
    0.13675213675213677,
    0.09116809116809117,
    0.1396011396011396,
    0.11823361823361823,
    0.09259259259259259,
    0.1396011396011396,
    0.1168091168091168,
    0.1267806267806268,
    0.0641025641025641,
    0.1623931623931624,
    0.17094017094017094,
    0.12393162393162394,
    0.11965811965811966,
    0.07834757834757834,
    0.20655270655270655,
    0.05982905982905983,
    0.06125356125356125
  ]
}