{
  "thresholds": [
    0.5,
    0.55,
    0.6,
    0.65,
    0.7
  ],
  "val_dice_by_threshold": {
    "0.50": 0.7811191818528301,
    "0.55": 0.7807901529329921,
    "0.60": 0.7800457567497928,
    "0.65": 0.7792454211789573,
    "0.70": 0.7783065900721314
  },
  "best_threshold": 0.5,
  "best_val_dice": 0.7811191818528301
}