{
  "selected_threshold": 0.5,
  "dice": 0.7586768230709134,
  "hd95_median": 3.861943006515503,
  "fnr": 0.0701058201058201,
  "fpr": 0.012594458438287154
}