{
  "train_loss": [
    0.517802802912958,
    0.3659153308246743,
    0.3441025184679989,
    0.3283434799598256,
    0.31743033351824135,
    0.30419504521876106,
    0.29180949429531133,
    0.28068813824936656,
    0.26306615037670183,
    0.25131284290513545,
    0.24633478863282246,
    0.2359831973878169,
    0.23054205127726043,
    0.22482330243133972,
    0.22039490608238355,
    0.2136344838378442,
    0.2115218354691122,
    0.2092849589708085,
    0.20311596028453618,
    0.20300511992047052,
    0.19835512422783128,
    0.19430830289103515,
    0.18928562004437988,
    0.18878037410483392,
    0.18875743187935995,
    0.18103376417434788,
    0.18124373628430673,
    0.17609669379442483,
    0.17782536183565004,
    0.17468345408641114
  ],
  "train_dice": [
    0.6641526666876976,
    0.6989057894910451,
    0.7144954499995543,
    0.7251839853046034,
    0.7351466999291344,
    0.7439542492416719,
    0.7549791193927999,
    0.7635114643100143,
    0.7788372190529166,
    0.7882935588325685,
    0.7915633862178113,
    0.8001280124201341,
    0.80405977884218,
    0.8075097615043311,
    0.8118383586926294,
    0.8176956357932216,
    0.8195880208536424,
    0.8209456786245538,
    0.8256348642395102,
    0.8258958623713782,
    0.8298464740763556,
    0.8338929153398495,
    0.838048730835643,
    0.8384380452908218,
    0.8385605261865277,
    0.8447092016585529,
    0.8443982398386363,
    0.8491843361841017,
    0.847010893533258,
    0.8498617784880862
  ],
  "train_fpr": [
    0.46804298642533937,
    0.47228506787330315,
    0.4527714932126697,
    0.41798642533936653,
    0.4035633484162896,
    0.40554298642533937,
    0.4157239819004525,
    0.3930995475113122,
    0.38122171945701355,
    0.37104072398190047,
    0.37641402714932126,
    0.36001131221719457,
    0.3342760180995475,
    0.3667986425339366,
    0.35407239819004527,
    0.35180995475113125,
    0.30797511312217196,
    0.34304298642533937,
    0.3059954751131222,
    0.3263574660633484,
    0.3071266968325792,
    0.313631221719457,
    0.29524886877828055,
    0.3379524886877828,
    0.3328619909502262,
    0.31278280542986425,
    0.30062217194570134,
    0.3040158371040724,
    0.32324660633484165,
    0.29411764705882354
  ],
  "train_fnr": [
    0.03453453453453453,
    0.0228978978978979,
    0.01951951951951952,
    0.02177177177177177,
    0.02027027027027027,
    0.01876876876876877,
    0.020645645645645645,
    0.019894894894894894,
    0.01951951951951952,
    0.019894894894894894,
    0.016891891891891893,
    0.01539039039039039,
    0.021021021021021023,
    0.019144144144144143,
    0.014264264264264264,
    0.01614114114114114,
    0.018018018018018018,
    0.017642642642642644,
    0.01614114114114114,
    0.01539039039039039,
    0.01951951951951952,
    0.01539039039039039,
    0.01463963963963964,
    0.01463963963963964,
    0.011636636636636636,
    0.012387387387387387,
    0.014264264264264264,
    0.012387387387387387,
    0.010885885885885885,
    0.012387387387387387
  ],
  "val_loss": [
    0.45029117329554125,
    0.6343088301745328,
    0.4164156730879437,
    0.40176146563255427,
    0.37406873761704473,
    0.3699374537124778,
    0.3523961900310083,
    0.3617886300339843,
    0.3408111188899387,
    0.3671255444486936,
    0.3362169639179201,
    0.3775526040882775,
    0.3075783056743217,
    0.3308961421251297,
    0.357539709409078,
    0.3247916376500419,
    0.3317580809647387,
    0.3209040960127657,
    0.3350899717572964,
    0.31014147567929645,
    0.3377152469347824,
    0.30951752881660605,
    0.29664709145824114,
    0.31605340016610695,
    0.29008199951865454,
    0.3313270484633518,
    0.29404398263855414,
    0.3286488577949278,
    0.3332648478899941,
    0.3104595877681718
  ],
  "val_dice": [
    0.6150692853145301,
    0.44442643797533077,
    0.6358853697438132,
    0.6538978738823171,
    0.6715938522282875,
    0.6809608742707607,
    0.6910370730089419,
    0.6817297760848746,
    0.6968566532049215,
    0.6751709030404913,
    0.702682974042766,
    0.6666613891184556,
    0.7272714556011399,
    0.7070417399320639,
    0.6870667658210027,
    0.7111618848122431,
    0.7082402593258655,
    0.7174267443743619,
    0.7068554273947621,
    0.7243872559968043,
    0.7039227641455716,
    0.7267673486109936,
    0.7355105034978778,
    0.7201837766125346,
    0.7428028103528601,
    0.7071644173427062,
    0.7384663172179099,
    0.7090998051095415,
    0.7022255080589799,
    0.7255847132200319
  ],
  "val_fpr": [
    0.451685393258427,
    0.11685393258426967,
    0.3235955056179775,
    0.32808988764044944,
    0.251685393258427,
    0.2966292134831461,
    0.15730337078651685,
    0.2606741573033708,
    0.350561797752809,
    0.17303370786516853,
    0.24943820224719102,
    0.26741573033707866,
    0.20674157303370785,
    0.2157303370786517,
    0.43595505617977526,
    0.3146067415730337,
    0.4,
    0.3056179775280899,
    0.2853932584269663,
    0.23595505617977527,
    0.34831460674157305,
    0.3797752808988764,
    0.21797752808988763,
    0.36404494382022473,
    0.2247191011235955,
    0.20224719101123595,
    0.251685393258427,
    0.1842696629213483,
    0.19325842696629214,
    0.2292134831460674
  ],
  "val_fnr": [
    0.012121212121212121,
    0.09393939393939393,
    0.01818181818181818,
    0.00909090909090909,
    0.02727272727272727,
    0.006060606060606061,
    0.03333333333333333,
    0.045454545454545456,
    0.015151515151515152,
    0.03939393939393939,
    0.03333333333333333,
    0.03333333333333333,
    0.04242424242424243,
    0.04242424242424243,
    0.0,
    0.021212121212121213,
    0.012121212121212121,
    0.03636363636363636,
    0.02727272727272727,
    0.03333333333333333,
    0.012121212121212121,
    0.00909090909090909,
    0.024242424242424242,
    0.01818181818181818,
    0.021212121212121213,
    0.045454545454545456,
    0.03333333333333333,
    0.03333333333333333,
    0.08181818181818182,
    0.01818181818181818
  ]
}