{
  "dice": 0.8067240468728214,
  "hd95_mean": 7.874831199645996,
  "hd95_median": 4.149282932281494,
  "hd95_count": 378,
  "fpr": 0.19414893617021275,
  "fnr": 0.05263157894736842
}