{
  "train_loss": [
    1.0366669673014661,
    0.8452723785603734,
    0.7711097065155497,
    0.6927387680484169,
    0.6387800972467509,
    0.5936512476855378,
    0.555053057451056,
    0.5195608678897996,
    0.5054037560160081,
    0.49032807051213917,
    0.47045235573055816,
    0.4426886766612798,
    0.43904731674273423,
    0.42213018058563234,
    0.4167393609529537,
    0.39570586910999117,
    0.3920875549779973,
    0.38272769384035865,
    0.3746065818446352,
    0.3595638150835167,
    0.36286524410193405,
    0.35365088936849043,
    0.3460357637260517,
    0.3367687481926053,
    0.3321685712362073,
    0.33136895587290827,
    0.3255589829493912,
    0.31921941633971557,
    0.3160352510060819,
    0.3097411942119519
  ],
  "train_dice": [
    0.5750086797420552,
    0.6345267017241313,
    0.6583811784481384,
    0.6798161950741549,
    0.6968399990352452,
    0.7060143043194769,
    0.7161991085000022,
    0.7254563549487584,
    0.7287038589398882,
    0.735254442534651,
    0.7392426365864292,
    0.7441787290255256,
    0.7471695463125967,
    0.7527755665384454,
    0.756093500377949,
    0.7630394900338431,
    0.7649211491420768,
    0.7696431219499946,
    0.7727397717759119,
    0.7747835127932279,
    0.7782706899472095,
    0.7798903040428027,
    0.7839344729509866,
    0.7873524827332642,
    0.7862067082577369,
    0.7907345673883392,
    0.7915454150500081,
    0.7968978515242867,
    0.7983759198385966,
    0.7992628399292119
  ],
  "train_fpr": [
    0.5621460928652322,
    0.482163080407701,
    0.4270951302378256,
    0.3956681766704417,
    0.3628255945639864,
    0.3432899207248018,
    0.3399858457183298,
    0.3302661381653454,
    0.3357870894677237,
    0.34937712344280863,
    0.35419026047565116,
    0.3359286523216308,
    0.3472536806342016,
    0.35815402038505095,
    0.35843714609286526,
    0.32587768969422426,
    0.3389014722536806,
    0.342440543601359,
    0.3204983012457531,
    0.31044733861834656,
    0.3217723669309173,
    0.30973952434881086,
    0.32460362400906,
    0.29657417893544735,
    0.2978060863411182,
    0.3019535673839185,
    0.29416761041902606,
    0.3008210645526614,
    0.2977066817667044,
    0.27718006795016986
  ],
  "train_fnr": [
    0.017616191904047975,
    0.018365817091454274,
    0.02230134932533733,
    0.022863568215892055,
    0.023800599700149926,
    0.02567466266866567,
    0.02380506091846298,
    0.020802098950524737,
    0.01911544227886057,
    0.018928035982008994,
    0.019865067466266866,
    0.015367316341829085,
    0.015179910044977511,
    0.01461769115442279,
    0.011806596701649175,
    0.012743628185907047,
    0.010869565217391304,
    0.011806596701649175,
    0.011806596701649175,
    0.010119940029985007,
    0.011806596701649175,
    0.010494752623688156,
    0.008058470764617692,
    0.00843328335832084,
    0.009746954076850984,
    0.009370314842578711,
    0.009182908545727137,
    0.006559220389805097,
    0.006184407796101949,
    0.005434782608695652
  ],
  "val_loss": [
    2.003398911205479,
    2.2786953785798523,
    1.710563800199425,
    1.625865134649964,
    1.444958271943088,
    1.562610662554738,
    1.969840284796739,
    1.7123126289620443,
    1.8925228991931828,
    2.2441874353815683,
    1.9445809945906962,
    1.962729844869423,
    2.11734957636554,
    2.519773431044808,
    2.256031721022207,
    1.8549314447931868,
    2.621779372375929,
    1.8346143415720821,
    2.155878705519181,
    1.9502300869225127,
    2.068290998663803,
    2.0400477695828205,
    2.5327410367255223,
    1.9422532325225812,
    2.1306366305604554,
    2.234322086557812,
    2.705191694565372,
    2.1048717464902955,
    2.2446179581366,
    1.7029703178043085
  ],
  "val_dice": [
    0.5426853885057689,
    0.6036745213909022,
    0.6334248349910538,
    0.6283119302511113,
    0.6412216875609426,
    0.6634964135193154,
    0.6971144956795369,
    0.6719484209964525,
    0.6854107517300708,
    0.6877389383152194,
    0.6927091773449932,
    0.7002742106643648,
    0.7115072907954676,
    0.6674417908605116,
    0.7209688811763612,
    0.7163706697512523,
    0.6933181095220713,
    0.709232097542132,
    0.7015712556012672,
    0.7278028111379001,
    0.7161835973036169,
    0.7128181661718579,
    0.7013080387886885,
    0.7278307800583906,
    0.7048327099216374,
    0.7083629837970943,
    0.7209036894555011,
    0.7153134811807972,
    0.7269946386592039,
    0.7281016594886691
  ],
  "val_fpr": [
    0.40935005701254273,
    0.3614595210946408,
    0.4264538198403649,
    0.4640820980615735,
    0.46864310148232613,
    0.2588369441277081,
    0.1402508551881414,
    0.2748004561003421,
    0.20524515393386544,
    0.2234891676168757,
    0.2748004561003421,
    0.24401368301026224,
    0.3215507411630559,
    0.16875712656784492,
    0.18129988597491448,
    0.2120866590649943,
    0.13911060433295325,
    0.30216647662485746,
    0.24173318129988597,
    0.3249714937286203,
    0.34891676168757124,
    0.3888255416191562,
    0.338654503990878,
    0.17673888255416192,
    0.15279361459521096,
    0.20752565564424175,
    0.17559863169897377,
    0.3352337514253136,
    0.22234891676168758,
    0.22576966932725198
  ],
  "val_fnr": [
    0.03417533432392273,
    0.05349182763744428,
    0.022288261515601784,
    0.017830609212481426,
    0.007429420505200594,
    0.041604754829123326,
    0.08320950965824665,
    0.02674591381872214,
    0.08172362555720654,
    0.04457652303120357,
    0.0475482912332838,
    0.0237741456166419,
    0.04606240713224369,
    0.13075780089153047,
    0.08320950965824665,
    0.06092124814264487,
    0.0787518573551263,
    0.041604754829123326,
    0.07726597325408618,
    0.03268945022288262,
    0.04309063893016345,
    0.017830609212481426,
    0.05646359583952452,
    0.06983655274888559,
    0.07429420505200594,
    0.09063893016344725,
    0.07578008915304606,
    0.03566121842496285,
    0.04457652303120357,
    0.06240713224368499
  ],
  "train_bce_loss": [
    0.5303713610963728,
    0.43902211721273204,
    0.39586912454758677,
    0.3438883674681128,
    0.30747289198619693,
    0.2738233824662663,
    0.24667877964627422,
    0.22156942576004857,
    0.21098399290899122,
    0.20315411002215486,
    0.1881993079175869,
    0.16708006515828533,
    0.16682833228634658,
    0.15589914709078098,
    0.155094683735378,
    0.14044351551930995,
    0.13980366437543376,
    0.13520120264421867,
    0.1305428473556392,
    0.11870392346934878,
    0.1255281949938101,
    0.1180508446661428,
    0.11454143062188502,
    0.10887112042801546,
    0.1045516319987962,
    0.10771607028332125,
    0.10361863663552728,
    0.10210358809839097,
    0.1005011650847447,
    0.09542913265778324
  ],
  "val_bce_loss": [
    1.5111359699541373,
    1.8588098526688743,
    1.2905053627936038,
    1.219894311051777,
    1.0546667793288933,
    1.1968872547858875,
    1.643757308424723,
    1.3562019964241399,
    1.5576689428041646,
    1.9137766160258407,
    1.622937701747339,
    1.644388940700788,
    1.8090851761208346,
    2.177229144097234,
    1.9632277640975586,
    1.5572882949230697,
    2.3047093474832026,
    1.5297528050938844,
    1.84928137603694,
    1.666382355442517,
    1.7712215646209866,
    1.7391259040787987,
    2.221722750904462,
    1.6604234652983283,
    1.8309600180432541,
    1.9357152162308293,
    2.419593643838883,
    1.8106003749264918,
    1.9622955499658012,
    1.4239570507911181
  ],