{
  "dice": 0.7784177010286261,
  "hd95_mean": 13.471226692199707,
  "hd95_median": 5.239070892333984,
  "hd95_count": 742,
  "fpr": 0.27556109725685785,
  "fnr": 0.008021390374331552
}