{
  "thresholds": [
    0.5,
    0.55,
    0.6,
    0.65,
    0.7
  ],
  "val_dice_by_threshold": {
    "0.50": 0.7281016594886691,
    "0.55": 0.7292913268603949,
    "0.60": 0.7305051513780102,
    "0.65": 0.7314731613310804,
    "0.70": 0.7325849900323825
  },
  "best_threshold": 0.7,
  "best_val_dice": 0.7325849900323825
}