{
  "selected_threshold": 0.7,
  "dice": 0.7920430527332633,
  "hd95_median": 5.239070892333984,
  "fnr": 0.008021390374331552,
  "fpr": 0.27556109725685785
}