{
  "dice": 0.7784177010286261,
  "hd95_mean": 15.404397010803223,
  "hd95_median": 6.324555397033691,
  "hd95_count": 744,
  "fpr": 0.30673316708229426,
  "fnr": 0.0053475935828877,
  "selected_threshold": 0.5
}