{
  "dice": 0.7966858615412455,
  "hd95_mean": 15.340652465820312,
  "hd95_median": 5.629556655883789,
  "hd95_count": 6343,
  "fpr": 0.34306974677920926,
  "fnr": 0.02355295566502463,
  "selected_threshold": 0.5
}