{
  "selected_threshold": 0.5,
  "dice": 0.7966858615412455,
  "hd95_median": 5.629556655883789,
  "fnr": 0.02355295566502463,
  "fpr": 0.34306974677920926
}