{
  "dice": 0.7932846068976369,
  "hd95_mean": 14.651007652282715,
  "hd95_median": 5.385164737701416,
  "hd95_count": 6316,
  "fpr": 0.3019768991559307,
  "fnr": 0.02770935960591133
}