{
  "train_loss": [
    0.3241673263015643,
    0.24956225511423702,
    0.24400473631882397,
    0.2670944927113194,
    0.2539834608740091,
    0.2511311111812455,
    0.23844600979015182,
    0.2388974645138514,
    0.23628903269038098,
    0.23444789972243912,
    0.23437924194203927,
    0.23277136401233922,
    0.22740469586094655,
    0.22092003760006995,
    0.2229672893695083,
    0.2219146405281792,
    0.22525596188654287,
    0.2193471831732869,
    0.2173514962473556,
    0.21996943834398272,
    0.21700986220680912,
    0.21464348765318414,
    0.21505673341919024,
    0.21271710346033257,
    0.20803206777234498,
    0.20933747932967092,
    0.20810729214329102,
    0.2103887325992972,
    0.21071686759270902,
    0.20556874364167355
  ],
  "train_dice": [
    0.7360236463875707,
    0.7836151914994042,
    0.7894857351865233,
    0.7746402802988916,
    0.7823257079559917,
    0.7833645826097309,
    0.792888203948242,
    0.7922620279027306,
    0.7937126317238679,
    0.7948896128863832,
    0.7947210957007727,
    0.7954914241993036,
    0.7995640142265323,
    0.8054601322861819,
    0.8034588189689972,
    0.8043227693957811,
    0.8009080467013888,
    0.8059381571891322,
    0.807914793768754,
    0.8055416646672214,
    0.8079223067835252,
    0.8095855626670815,
    0.8096517654832535,
    0.811555300307371,
    0.8154244016984287,
    0.8143056287806785,
    0.8154119176643531,
    0.8133587557534,
    0.8126531926083431,
    0.8174929091472659
  ],
  "train_fpr": [
    0.33474051737819394,
    0.32586338242762825,
    0.299177856077199,
    0.0651663280853225,
    0.07510395835317271,
    0.0643113354283719,
    0.0815795321080532,
    0.06878491620111732,
    0.061962352791797605,
    0.06167666571437641,
    0.05301082436593341,
    0.05637737286521491,
    0.057139229255285376,
    0.06275393600812595,
    0.05878805193156207,
    0.05523283496809828,
    0.04538962069512776,
    0.05282036631431927,
    0.056280354251976,
    0.04818435754189944,
    0.04878900422182014,
    0.05390133959748587,
    0.04904450511078662,
    0.05158075165058405,
    0.060658963941086844,
    0.05491366175723718,
    0.054566231787448814,
    0.044725899120718664,
    0.04345617877662445,
    0.05412182966701584
  ],
  "train_fnr": [
    0.03390054082574858,
    0.02523742525501231,
    0.033809628489777976,
    0.08468167428772423,
    0.0795339635084634,
    0.08428225983732689,
    0.07214772477467575,
    0.07861413999296518,
    0.07997362057595075,
    0.07988568916245328,
    0.08401846559683447,
    0.08414666314956476,
    0.08032181482458454,
    0.07237073513893774,
    0.076104638382062,
    0.07663222686304683,
    0.0845095194125665,
    0.07847878654649373,
    0.07329083315014288,
    0.08028491030601477,
    0.07839085513299626,
    0.07561769102259738,
    0.07671678536885607,
    0.07474498768906085,
    0.06507210692930003,
    0.07184312346113261,
    0.06999340514398769,
    0.07654429544954935,
    0.07711584963728292,
    0.06805891404704331
  ],
  "val_loss": [
    0.28408056609900867,
    0.21605862636910114,
    0.25345445441947334,
    0.2740779294995394,
    0.2486684414793553,
    0.2575155822194853,
    0.3677986108513542,
    0.2992823297745904,
    0.25388518985996433,
    0.2658867416103112,
    0.3563079621702558,
    0.23680759511469338,
    0.2287103078747922,
    0.30475091041821945,
    0.33609059707587524,
    0.24083358392897636,
    0.28550916994605235,
    0.3212447352075293,
    0.26407390147514853,
    0.27363588631119473,
    0.2518851741919918,
    0.24142715104526213,
    0.3245345795724847,
    0.23687570059589652,
    0.2698850624847828,
    0.230515198991431,
    0.22040575052812175,
    0.21504881840656195,
    0.2335813570136128,
    0.22695905216685397
  ],
  "val_dice": [
    0.7555469521536282,
    0.8109804435133248,
    0.7816006793590682,
    0.7743533897036188,
    0.7889477245458593,
    0.7814569178006611,
    0.7190347266722567,
    0.7519895757037037,
    0.7828608112361,
    0.7762605062347244,
    0.7254193610387621,
    0.7950133190922043,
    0.8012362407216834,
    0.7571015520320549,
    0.7296278043249959,
    0.7908761633147171,
    0.7650127835295732,
    0.7435197686790437,
    0.7729115019660271,
    0.765502396517504,
    0.7818779694819638,
    0.7901213886790386,
    0.7337791449291768,
    0.7933205775591832,
    0.7735130475907369,
    0.8000426767533123,
    0.8061260523072735,
    0.8086936719289948,
    0.7929370032355495,
    0.7992300529814074
  ],
  "val_fpr": [
    0.45526663728514766,
    0.33957690612604674,
    0.05685323931247246,
    0.052886734244160426,
    0.05927721463199648,
    0.04495372410753636,
    0.01895107977082415,
    0.01740855002203614,
    0.045394446892904367,
    0.030850594975760245,
    0.011899515204936095,
    0.04671661524900837,
    0.07227853680035258,
    0.02754517408550022,
    0.0057293962097840455,
    0.05420890260026443,
    0.012780960775672102,
    0.014323490524460115,
    0.01608638166593213,
    0.013442044953724107,
    0.020713970912296167,
    0.022697223446452183,
    0.007712648743940061,
    0.035698545614808286,
    0.02886734244160423,
    0.03283384750991626,
    0.07382106654914058,
    0.06104010577346849,
    0.02996914940502424,
    0.04208902600264434
  ],
  "val_fnr": [
    0.009651307596513076,
    0.015255292652552927,
    0.09993773349937733,
    0.09713574097135741,
    0.08312577833125778,
    0.09713574097135741,
    0.15473225404732255,
    0.14352428393524283,
    0.09028642590286426,
    0.10990037359900373,
    0.17247820672478206,
    0.08779576587795766,
    0.07067247820672479,
    0.11861768368617684,
    0.17621419676214198,
    0.07876712328767123,
    0.1391656288916563,
    0.15161892901618929,
    0.12173100871731009,
    0.12889165628891655,
    0.1095890410958904,
    0.11207970112079702,
    0.16936488169364883,
    0.09090909090909091,
    0.10990037359900373,
    0.08530510585305105,
    0.07067247820672479,
    0.07970112079701121,
    0.09651307596513076,
    0.08872976338729763
  ],
  "train_bce_loss": [
    0.03630530803878277,
    0.025203358582892813,
    0.026721463912250353,
    0.03614666457192136,
    0.03077625616141603,
    0.029364745467771482,
    0.02619769172616797,
    0.026281783417103716,
    0.025326434743091517,
    0.024675433101209746,
    0.024641468507111772,
    0.023809421255652587,
    0.022525367299649032,
    0.021976314136173264,
    0.022118001547253064,
    0.022006593199625325,
    0.022071533535412198,
    0.021157887462174882,
    0.02112191639775204,
    0.021507289054187497,
    0.020913817898700223,
    0.020252336520272713,
    0.020740230795566982,
    0.02034534900972942,
    0.019464223778723394,
    0.019680192018368736,
    0.019624546280514462,
    0.019932385258707226,
    0.019600657939639977,
    0.019189729122031686
  ],
  "val_bce_loss": [
    0.03225852562107565,
    0.01753307356228883,
    0.029044739741042335,
    0.04279943844892995,
    0.030008874637857855,
    0.03318767486571108,
    0.0825708761930245,
    0.04673843141038652,
    0.030939665144046415,
    0.03708504700815155,
    0.07756914625108587,
    0.02812754988789519,
    0.021346889183602513,
    0.05782149918630201,
    0.0614233030408678,
    0.027470033822435763,
    0.04662268746962461,
    0.059872444757107304,
    0.03307805414240043,
    0.03541470174471714,
    0.02917321242402592,
    0.02681156294049315,
    0.0554730902100348,
    0.02714978686912363,
    0.03952290437462337,
    0.026521936663817747,
    0.02213835150384646,
    0.020343521924404064,
    0.022554588084084972,
    0.022513353735642207
  ],