{
  "thresholds": [
    0.5,
    0.55,
    0.6,
    0.65,
    0.7
  ],
  "val_dice_by_threshold": {
    "0.50": 0.8109804435133248,
    "0.55": 0.8104511156671241,
    "0.60": 0.8098713222695085,
    "0.65": 0.809073034012261,
    "0.70": 0.8077664827350365
  },
  "best_threshold": 0.5,
  "best_val_dice": 0.8109804435133248
}