{
  "thresholds": [
    0.5,
    0.55,
    0.6,
    0.65,
    0.7
  ],
  "val_dice_by_threshold": {
    "0.50": 0.765130114528167,
    "0.55": 0.7609826366423907,
    "0.60": 0.7567831650865774,
    "0.65": 0.7518817195682412,
    "0.70": 0.7465371459341832
  },
  "best_threshold": 0.5,
  "best_val_dice": 0.765130114528167
}