{
  "dice": 0.7135550679001071,
  "hd95_mean": 14.184408187866211,
  "hd95_median": 7.8102498054504395,
  "hd95_count": 679,
  "fpr": 0.1299165673420739,
  "fnr": 0.0450070323488045
}