{
  "train_loss": [
    0.5033750322328038,
    0.3771138009550121,
    0.342518989269733,
    0.3249655685445032,
    0.3085600594701284,
    0.29651211549458656,
    0.2921357504663595,
    0.28210593862351374,
    0.2778857015629002,
    0.27115514682740965,
    0.26937599473414237,
    0.2629726208675581,
    0.2602255558695801,
    0.2580001140211343,
    0.2534492749122737,
    0.25209957818858153,
    0.24896209372755687,
    0.2927248785256606,
    0.30960586493195447,
    0.29919545536709047,
    0.2889231412647021,
    0.28050200103026884,
    0.2817105089295006,
    0.27939543488039337,
    0.2780248356881631,
    0.27615955098421324,
    0.27041599527557186,
    0.2678201260876796,
    0.262623758888997,
    0.26376477139789223
  ],
  "train_dice": [
    0.6933870738873729,
    0.745380043516257,
    0.7658125413578256,
    0.7780040913500599,
    0.7878208500180284,
    0.7956984563732915,
    0.7993536870066856,
    0.8055729639109576,
    0.8082676005332484,
    0.8125792038554033,
    0.8140504215150216,
    0.818521817483087,
    0.8198838841982244,
    0.8212101673057768,
    0.8246885297857135,
    0.8250267369427233,
    0.8278612103681429,
    0.8067501470970532,
    0.7969734794112054,
    0.8042174600687836,
    0.8071704670729898,
    0.8114098594673529,
    0.8119630230871678,
    0.8120246797122107,
    0.8130022699853314,
    0.8145517071400564,
    0.8178881330291244,
    0.8193764391187432,
    0.8217645787430603,
    0.8228649156558484
  ],
  "train_fpr": [
    0.36140800912070686,
    0.2957104175573607,
    0.28160182414137097,
    0.26079521162890124,
    0.25135366201196924,
    0.23970357702721962,
    0.24294670846394983,
    0.2212881162724423,
    0.22245974062989882,
    0.21846943138093203,
    0.22972780390480263,
    0.2228872737637167,
    0.2281276717013394,
    0.21459105158164718,
    0.22245974062989882,
    0.22413793103448276,
    0.22157309774864634,
    0.1508761931899131,
    0.0645575032064985,
    0.058429528288442355,
    0.055721818440929174,
    0.07082798916916061,
    0.06626763574176998,
    0.05671939575317087,
    0.058991165574237676,
    0.05386149900256483,
    0.06241094328868624,
    0.06241094328868624,
    0.06213481544819723,
    0.053299130682627906
  ],
  "train_fnr": [
    0.03897072534029461,
    0.028155882901361177,
    0.030393436509416373,
    0.030206973708745106,
    0.02928011935844834,
    0.02852880850270371,
    0.02610966057441253,
    0.024804177545691905,
    0.027782957300018646,
    0.025172478090620922,
    0.024799552489278388,
    0.024613089688607124,
    0.023871689668034317,
    0.023125699365908244,
    0.019205668469140406,
    0.019955240581872435,
    0.022006713912719134,
    0.047006155567991044,
    0.07066940145440985,
    0.06600783143762819,
    0.06395674063024427,
    0.055938840201379826,
    0.05873578221144882,
    0.06246503822487414,
    0.06229019022752704,
    0.06266318537859007,
    0.06005221932114883,
    0.057068258112644536,
    0.05351482379265336,
    0.05836285661010628
  ],
  "val_loss": [
    0.4891306396818509,
    0.4444659950524351,
    0.470068401837871,
    0.5294302917744992,
    0.4746505442762027,
    0.5321775774451067,
    0.686774917806152,
    0.40768650280733176,
    0.5955869397107703,
    0.4267244990724717,
    0.4964410869091967,
    0.3797443859986145,
    0.3913456374711364,
    0.3962328622375962,
    0.3948637437646406,
    0.47022101491907214,
    0.37774980318372264,
    0.5574541778024966,
    0.7275615874433169,
    0.6446038951621439,
    0.6368604767931639,
    0.5571886970613995,
    0.7265210577606285,
    0.9426439750803648,
    0.6676620414657314,
    0.6140249738292972,
    0.5168236822542482,
    0.4853726225612807,
    0.4409982424800413,
    0.5294318561571358
  ],
  "val_dice": [
    0.6852387558532892,
    0.7076533638471125,
    0.6888085966399551,
    0.6565776453346667,
    0.6941980496212079,
    0.6641837607824455,
    0.5734494020958452,
    0.7366440631925081,
    0.6148672732313837,
    0.7185537727318541,
    0.6934726443930264,
    0.7508818562448459,
    0.7468455430963179,
    0.7447230672966825,
    0.7434030137847375,
    0.6902444093671702,
    0.765130114528167,
    0.7025534628353415,
    0.6471884798829572,
    0.6519869678891705,
    0.6576597412082835,
    0.6938895495377317,
    0.6315857825053,
    0.5516455004685117,
    0.6718945122113194,
    0.6620865837555298,
    0.6945186278680815,
    0.7185455815309155,
    0.7358823120920327,
    0.7127256452710959
  ],
  "val_fpr": [
    0.17803468208092485,
    0.2069364161849711,
    0.1352601156069364,
    0.1375722543352601,
    0.10982658959537572,
    0.10635838150289018,
    0.04508670520231214,
    0.1815028901734104,
    0.05202312138728324,
    0.1676300578034682,
    0.11098265895953757,
    0.15028901734104047,
    0.15144508670520232,
    0.12023121387283237,
    0.2184971098265896,
    0.055491329479768786,
    0.1676300578034682,
    0.028901734104046242,
    0.018497109826589597,
    0.015028901734104046,
    0.021965317919075144,
    0.018497109826589597,
    0.020809248554913295,
    0.011560693641618497,
    0.026589595375722544,
    0.035838150289017344,
    0.07167630057803469,
    0.04046242774566474,
    0.06127167630057803,
    0.03699421965317919
  ],
  "val_fnr": [
    0.03941605839416058,
    0.052554744525547446,
    0.05547445255474453,
    0.05693430656934306,
    0.06861313868613139,
    0.059854014598540145,
    0.12700729927007298,
    0.033576642335766425,
    0.09635036496350365,
    0.051094890510948905,
    0.06569343065693431,
    0.04525547445255475,
    0.043795620437956206,
    0.05693430656934306,
    0.02335766423357664,
    0.08321167883211679,
    0.027737226277372264,
    0.10364963503649635,
    0.1635036496350365,
    0.1635036496350365,
    0.13284671532846715,
    0.1416058394160584,
    0.145985401459854,
    0.19562043795620437,
    0.11240875912408758,
    0.09781021897810219,
    0.07445255474452554,
    0.10656934306569343,
    0.10656934306569343,
    0.12408759124087591
  ]
}