{
  "selected_threshold": 0.5,
  "dice": 0.7135550679001071,
  "hd95_median": 7.228099822998047,
  "fnr": 0.040787623066104076,
  "fpr": 0.1573301549463647
}