{
  "train_loss": [
    0.35095795288638987,
    0.30970145726717496,
    0.30588035640639094,
    0.28733639330004,
    0.2731455980063551,
    0.2649215941752374,
    0.2540440053458189,
    0.2497428738551485,
    0.24460017302472042,
    0.24030959344935923,
    0.23980190377360613,
    0.23392385916766192,
    0.2282716411327411,
    0.22991908959481208,
    0.22513308841603824,
    0.22513120660366187,
    0.22122149431997434,
    0.22181337987162653,
    0.22134820447739006,
    0.21872120669460968,
    0.21734173840563112,
    0.21693027267221623,
    0.21288353909176286,
    0.21196320100002028,
    0.2080368849719916,
    0.20780840240796364,
    0.2068899250206115,
    0.20629553741199524,
    0.2062147624371715,
    0.20615866413975897
  ],
  "train_dice": [
    0.7147341946573192,
    0.7394214226049673,
    0.7443673806678143,
    0.7578904110948403,
    0.7671214106505764,
    0.7727251471600938,
    0.7807692131090302,
    0.7840095970577187,
    0.7877135300979816,
    0.7905508582076765,
    0.7910233786971078,
    0.7955709212857472,
    0.8005540090741108,
    0.798496247804738,
    0.8027999357421551,
    0.8017819241821043,
    0.8056538967248231,
    0.8050438189518557,
    0.8052607333371659,
    0.8071475789274772,
    0.8084942527645701,
    0.8087327626944596,
    0.8120452016777675,
    0.8130448588872388,
    0.8162532298954646,
    0.8164513954130465,
    0.8171038148315451,
    0.8174079988561096,
    0.8172665078178262,
    0.8174413997539225
  ],
  "train_fpr": [
    0.3588613814308809,
    0.20192094335436017,
    0.0913211614048434,
    0.08184613433923986,
    0.08124643377924301,
    0.07366786065235997,
    0.08272845415068623,
    0.07762774185368328,
    0.07278260318265391,
    0.07350936697625765,
    0.07011315731084979,
    0.07297280162302669,
    0.08003930643167338,
    0.07240220630190833,
    0.07920760697305863,
    0.06457237050656185,
    0.07303620110315096,
    0.06789869084223539,
    0.06406314388055917,
    0.06425537310594052,
    0.06282888480314461,
    0.06323897676482708,
    0.0702104729301382,
    0.06723301740260564,
    0.06967382001458142,
    0.0698934956257132,
    0.062286040319513125,
    0.05993850835208723,
    0.06073477668241037,
    0.06409281095473564
  ],
  "train_fnr": [
    0.03167261354125369,
    0.06545967138011541,
    0.09458149779735683,
    0.09096515572001233,
    0.08461809532199806,
    0.08656006343332893,
    0.07758051015463237,
    0.07854625550660793,
    0.07770240507444277,
    0.07713316593982644,
    0.07841755143398388,
    0.07263677209056471,
    0.06761816660059028,
    0.07360584970487181,
    0.0667019120627368,
    0.07316535988018677,
    0.06818782486124571,
    0.06915994890092947,
    0.07145059689000484,
    0.06964144128270637,
    0.07109505770416703,
    0.07012906920399982,
    0.06585903083700441,
    0.0646667547685124,
    0.061539139244967185,
    0.06149779735682819,
    0.06374449339207049,
    0.06326269879730384,
    0.06585612968591692,
    0.0647136563876652
  ],
  "val_loss": [
    0.3267303223660849,
    0.3344112476207605,
    0.3922238800722874,
    0.30562256504838853,
    0.27787841425173554,
    0.32732322710983836,
    0.4878394543288793,
    0.28473898978905654,
    0.3127660114575576,
    0.299872807406639,
    0.2970746251569021,
    0.2575185519063292,
    0.27489422713769335,
    0.26224450480502065,
    0.28831838387273,
    0.3190544210527176,
    0.31418098453473464,
    0.29246837713539076,
    0.2929678788457422,
    0.26111287114575726,
    0.3034714628075643,
    0.2645924834769046,
    0.25591908658611623,
    0.23366566322674537,
    0.2682165625046982,
    0.2521123936174701,
    0.27552888560164385,
    0.2811636479624949,
    0.25243865993989495,
    0.24470371443281022
  ],
  "val_dice": [
    0.7223268736394974,
    0.7251700018754458,
    0.6842802275376587,
    0.7468672534671302,
    0.763968905627389,
    0.725862692508455,
    0.628741977635845,
    0.758869673970954,
    0.7429211336787839,
    0.7476164217087308,
    0.7471403505861214,
    0.7801195441126005,
    0.7697956498803994,
    0.7785150538171907,
    0.7519977093318935,
    0.7324586272634667,
    0.7358571847330023,
    0.7511563499027004,
    0.7503651093248408,
    0.7753777244125641,
    0.7468633573383573,
    0.7744306810541122,
    0.7834058247905421,
    0.7989040847230584,
    0.7752757402446677,
    0.784065337560991,
    0.7672848524346492,
    0.7623850508710871,
    0.780682914580006,
    0.7889939593680205
  ],
  "val_fpr": [
    0.15062213490504256,
    0.048897620606854396,
    0.0091683038637852,
    0.018554900676708144,
    0.05064396419995634,
    0.03470857891290111,
    0.0034926871862038856,
    0.02968784108273303,
    0.014407334643091027,
    0.04933420650512988,
    0.017245142981881685,
    0.044095175725824054,
    0.03710980135341629,
    0.044968347522375024,
    0.019428072473259114,
    0.006330495524994543,
    0.010259768609473915,
    0.02008295132067234,
    0.012224405151713599,
    0.0351451648111766,
    0.010914647456887142,
    0.01899148657498363,
    0.020956123117223315,
    0.10827330277232046,
    0.02379393145601397,
    0.027723204540493342,
    0.008950010914647456,
    0.021174416066361057,
    0.026631739794804626,
    0.04453176162409954
  ],
  "val_fnr": [
    0.06879141685074155,
    0.11265383401704007,
    0.1773430104133796,
    0.12653834017040075,
    0.09656042915746292,
    0.12306721363206059,
    0.2423477437677501,
    0.11360050489113285,
    0.13190280845692648,
    0.1271694540864626,
    0.11991164405175134,
    0.09656042915746292,
    0.10760492268854528,
    0.08772483433259703,
    0.13884506153360682,
    0.16282739034395707,
    0.15304512464499842,
    0.11454717576522562,
    0.146418428526349,
    0.10444935310823604,
    0.14010728936573053,
    0.1142316188071947,
    0.09656042915746292,
    0.05017355632691701,
    0.10508046702429788,
    0.08456926475228779,
    0.12685389712843168,
    0.12685389712843168,
    0.0949826443673083,
    0.0848848217103187
  ],
  "train_bce_loss": [
    0.039359164255693246,
    0.03938911461946295,
    0.04249094598560402,
    0.03813195278545415,
    0.03380223230748017,
    0.031629897257582404,
    0.029086910882567863,
    0.028303071328982174,
    0.027099750950694952,
    0.025818014789789807,
    0.025905191866105303,
    0.0246334124869129,
    0.02396254168983164,
    0.02373113927987818,
    0.023273444066227087,
    0.022410969176980485,
    0.022428397383797108,
    0.0224260938557839,
    0.02229110478925674,
    0.02157370176520342,
    0.021593426411460233,
    0.021437571106705796,
    0.020778920521736834,
    0.020844537565876883,
    0.02021478384235231,
    0.02024809255702411,
    0.01997798490063272,
    0.019732253640996684,
    0.019525148356206938,
    0.01971993163008282
  ],
  "val_bce_loss": [
    0.03900488273447319,
    0.05323341064954543,
    0.0706682054008138,
    0.046450308802822395,
    0.03406851168579527,
    0.04662252107915654,
    0.11233545440198928,
    0.036310623336783074,
    0.05016119856527229,
    0.04286318254816449,
    0.03968276168998284,
    0.03240727608188707,
    0.03964096518166647,
    0.036218473864641026,
    0.0364410508821597,
    0.048046014899443136,
    0.04594195919188993,
    0.039804800380013876,
    0.038725430419944515,
    0.03229502286246708,
    0.04645050131085744,
    0.03401907957385458,
    0.0355649889864406,
    0.027231057305542216,
    0.03973253008591631,
    0.032211636510123126,
    0.038612053462378525,
    0.04035069292008071,
    0.02907820444485909,
    0.02987945678364287
  ],