{
  "dice": 0.7943424917853291,
  "hd95_mean": 13.377764701843262,
  "hd95_median": 5.034657001495361,
  "hd95_count": 6257,
  "fpr": 0.11982448244824483,
  "fnr": 0.05369026013309135
}