{
  "thresholds": [
    0.5,
    0.55,
    0.6,
    0.65,
    0.7
  ],
  "val_dice_by_threshold": {
    "0.50": 0.7989040847230584,
    "0.55": 0.7982355522626053,
    "0.60": 0.7974669568392875,
    "0.65": 0.7965037900597121,
    "0.70": 0.7953379793549894
  },
  "best_threshold": 0.5,
  "best_val_dice": 0.7989040847230584
}