{
  "selected_threshold": 0.5,
  "dice": 0.796977457285031,
  "hd95_median": 5.009902000427246,
  "fnr": 0.05338777979431337,
  "fpr": 0.12027452745274528
}