{
  "dice": 0.796977457285031,
  "hd95_mean": 13.570208549499512,
  "hd95_median": 5.009902000427246,
  "hd95_count": 6259,
  "fpr": 0.12027452745274528,
  "fnr": 0.05338777979431337,
  "selected_threshold": 0.5
}