{
  "selected_threshold": 0.5,
  "dice": 0.7229869987097806,
  "hd95_median": 7.6157732009887695,
  "fnr": 0.030942334739803096,
  "fpr": 0.2860548271752086
}