{
  "dice": 0.7229869987097806,
  "hd95_mean": 15.166463851928711,
  "hd95_median": 7.6157732009887695,
  "hd95_count": 689,
  "fpr": 0.2860548271752086,
  "fnr": 0.030942334739803096,
  "selected_threshold": 0.5
}