{
  "dice": 0.7229869987097806,
  "hd95_mean": 15.042977333068848,
  "hd95_median": 7.34724235534668,
  "hd95_count": 687,
  "fpr": 0.27175208581644816,
  "fnr": 0.03375527426160337
}