{
  "train_loss": [
    0.409289322416648,
    0.29627394509358834,
    0.2739444748317375,
    0.2558400598886127,
    0.24319134720479754,
    0.23877396436595053,
    0.2329869749727474,
    0.22676932306839337,
    0.22314378327563122,
    0.2177492151949947,
    0.2147669744232064,
    0.2125563418540257,
    0.21124378094318008,
    0.20679402298518199,
    0.20435228381471254,
    0.19997088843010158,
    0.19777495765326775,
    0.19754859863316948,
    0.192890456095324,
    0.19064285515444798,
    0.1905006597144347,
    0.18815725382001358,
    0.18603812194514951,
    0.1839042827990597,
    0.1839576132712584,
    0.18031436986297386,
    0.17930572002337047,
    0.17820486502953564,
    0.17581700243603882,
    0.1737747067598959
  ],
  "train_dice": [
    0.7038893007805129,
    0.7453377633832247,
    0.7632321859518028,
    0.7772499223546108,
    0.7879044987700995,
    0.7911537841639104,
    0.7958378929166572,
    0.8009879428023838,
    0.8041396240531667,
    0.8081789264733636,
    0.8106616719099015,
    0.8123505701663978,
    0.8132272571052314,
    0.8168061226028092,
    0.8188366836673905,
    0.8226999767956817,
    0.8248463848211073,
    0.8245596871854146,
    0.8284821475460242,
    0.83106116867747,
    0.8305395749331065,
    0.8323058175147428,
    0.8343996111898864,
    0.8360162536385631,
    0.8360615985159963,
    0.8392323365653117,
    0.8402439362317207,
    0.8410291789506279,
    0.8427466196783405,
    0.8450688906809315
  ],
  "train_fpr": [
    0.42802330538581784,
    0.33707545829188573,
    0.33707545829188573,
    0.31585677749360613,
    0.3318175358817678,
    0.3147200909349247,
    0.3056700298422623,
    0.29695936345552715,
    0.2992752593434702,
    0.2889015205343186,
    0.2952962910331107,
    0.3006963194543129,
    0.3089384680972005,
    0.28549097626829617,
    0.27994884183600965,
    0.3126332243853915,
    0.29955947136563876,
    0.28819099047889724,
    0.29742788119937474,
    0.28733835441239164,
    0.28492255222395907,
    0.2921699587892568,
    0.3085121500639477,
    0.28279096205769505,
    0.2955805030552792,
    0.2921699587892568,
    0.28009094784709393,
    0.26829614892709963,
    0.30552792383117805,
    0.2961489270996163
  ],
  "train_fnr": [
    0.02908819690471751,
    0.03542793212754056,
    0.02703710609733358,
    0.02909362178291682,
    0.021070296475853068,
    0.021074226035061545,
    0.024053701286593326,
    0.02237970906378217,
    0.01808689166511281,
    0.02368077568525079,
    0.018832742867797875,
    0.019205668469140406,
    0.02013798247249674,
    0.0208838336751818,
    0.01995151967182547,
    0.01473056125303002,
    0.018459817266455344,
    0.018273354465784077,
    0.014917024053701287,
    0.01379824724967369,
    0.016968114861085213,
    0.015103486854372553,
    0.01379824724967369,
    0.014917024053701287,
    0.015289949655043818,
    0.01379824724967369,
    0.013052396046988626,
    0.01473056125303002,
    0.01379824724967369,
    0.01473056125303002
  ],
  "val_loss": [
    0.3486641873734711,
    0.366776735629261,
    0.3351594710301091,
    0.37644898116479825,
    0.32477112407286235,
    0.37809592170273737,
    0.3593101839079474,
    0.31018062843295346,
    0.36047316966918264,
    0.4113959146731526,
    0.40639594091224845,
    0.3568054404707938,
    0.6138620705282601,
    0.33941596642299726,
    0.30149663750925204,
    0.3193194709120006,
    0.3121922728544387,
    0.27114590384936244,
    0.2892304083441187,
    0.3135915354084577,
    0.3242260136852299,
    0.3251163725435299,
    0.32443845667434434,
    0.28699800239155326,
    0.27140699340859903,
    0.2584379199715535,
    0.2421000052787309,
    0.28031903957254695,
    0.26975311388390777,
    0.28425305234200327
  ],
  "val_dice": [
    0.7159082826471677,
    0.7085958853690294,
    0.7259049056111461,
    0.6938731287191384,
    0.7340351401671876,
    0.6994510000340477,
    0.7161541681899859,
    0.7488932854937811,
    0.7161244208169897,
    0.6689822698161549,
    0.6785548138031124,
    0.7175974386669424,
    0.5153965251996134,
    0.718537573767894,
    0.7509938306617041,
    0.7364309568991408,
    0.7457287632744678,
    0.7630521506234242,
    0.7621409745982094,
    0.7495772882534639,
    0.732474717889389,
    0.7320870315941581,
    0.7412511594974212,
    0.7688201721132236,
    0.7689221772834333,
    0.7796538345352576,
    0.7930184936871494,
    0.7677327224155412,
    0.7820175920524737,
    0.7717814662051897
  ],
  "val_fpr": [
    0.30289017341040464,
    0.20809248554913296,
    0.26473988439306356,
    0.2705202312138728,
    0.2705202312138728,
    0.17803468208092485,
    0.13410404624277455,
    0.3213872832369942,
    0.16184971098265896,
    0.1283236994219653,
    0.08323699421965318,
    0.09364161849710982,
    0.23121387283236994,
    0.09595375722543352,
    0.15953757225433526,
    0.21271676300578035,
    0.1815028901734104,
    0.2046242774566474,
    0.12947976878612716,
    0.19884393063583816,
    0.12023121387283237,
    0.13988439306358383,
    0.2161849710982659,
    0.3063583815028902,
    0.1676300578034682,
    0.1283236994219653,
    0.2566473988439306,
    0.3132947976878613,
    0.3179190751445087,
    0.15722543352601157
  ],
  "val_fnr": [
    0.032116788321167884,
    0.042335766423357665,
    0.029197080291970802,
    0.032116788321167884,
    0.03795620437956204,
    0.04525547445255475,
    0.052554744525547446,
    0.026277372262773723,
    0.05401459854014599,
    0.052554744525547446,
    0.06861313868613139,
    0.061313868613138686,
    0.0948905109489051,
    0.07007299270072993,
    0.049635036496350364,
    0.035036496350364967,
    0.03941605839416058,
    0.035036496350364967,
    0.049635036496350364,
    0.04525547445255475,
    0.06423357664233577,
    0.05547445255474453,
    0.04671532846715328,
    0.026277372262773723,
    0.042335766423357665,
    0.04671532846715328,
    0.024817518248175182,
    0.020437956204379562,
    0.024817518248175182,
    0.049635036496350364
  ],
  "train_bce_loss": [
    0.05733111735434795,
    0.03673345547747573,
    0.03361548317388188,
    0.030300254775242588,
    0.028498273645211823,
    0.027585846328279404,
    0.026549556241542385,
    0.025818573177111007,
    0.02522433929754883,
    0.024004741951365604,
    0.02382999998775432,
    0.02335893686111535,
    0.02297290358909533,
    0.02222882810333866,
    0.022080306716300045,
    0.021437409163995242,
    0.021312655388596655,
    0.021009244475126258,
    0.020255116240311295,
    0.020642041396902493,
    0.020047129263060952,
    0.01978875948281049,
    0.019651306178163335,
    0.01917482882264963,
    0.019197988364776437,
    0.018877434452503818,
    0.018892411841429622,
    0.018612773333964192,
    0.01807537820881585,
    0.018225059188895127
  ],
  "val_bce_loss": [
    0.05842156876260959,
    0.07210965018641258,
    0.059718208906222064,
    0.069785066265069,
    0.05897382101975381,
    0.07612856557349722,
    0.07546463462874212,
    0.058899070807549095,
    0.07736148515607427,
    0.08117333118341537,
    0.08520753542224734,
    0.0747499830681783,
    0.13223694853457438,
    0.059538338245844376,
    0.052208210709232865,
    0.05682819516552667,
    0.05890574004614971,
    0.03509680247996478,
    0.05310837104755121,
    0.06401156450631981,
    0.05858527467531716,
    0.05715788035648433,
    0.06674756685893873,
    0.055386878538793496,
    0.04159145769059835,
    0.03976922283198916,
    0.0357973829255079,
    0.048701676104921356,
    0.05344610775491209,
    0.054432839568259096
  ],