{
  "thresholds": [
    0.5,
    0.55,
    0.6,
    0.65,
    0.7
  ],
  "val_dice_by_threshold": {
    "0.50": 0.7930184936871494,
    "0.55": 0.7919879180997828,
    "0.60": 0.7906949215888107,
    "0.65": 0.7894938727908761,
    "0.70": 0.7881959579286785
  },
  "best_threshold": 0.5,
  "best_val_dice": 0.7930184936871494
}