{
  "train_loss": [
    1.0893939806801636,
    0.9810575968383752,
    0.9519306514454338,
    0.9205442774195678,
    0.889229261375446,
    0.875707835687219,
    0.8346931469946537,
    0.8124756528639082,
    0.7710906680943472,
    0.7394612166285515,
    0.7221616048484005,
    0.7114883282356507,
    0.673389857812799,
    0.6828900804949194,
    0.651185329443581,
    0.6523722852397361,
    0.6239741389678334,
    0.61928196143951,
    0.5952747378484258,
    0.5751107327018472,
    0.5603947610991059,
    0.5584192784716157,
    0.5498416804620679,
    0.5378047519388064,
    0.5251584417763612,
    0.5148141907577245,
    0.4944159425415377,
    0.4817568411842394,
    0.4890779553971996,
    0.4767716474887335
  ],
  "train_dice": [
    0.6268956727053352,
    0.681697273991507,
    0.6932232062462366,
    0.7017742791914487,
    0.7148628940243412,
    0.7150562618460664,
    0.7254539524637303,
    0.7303970560399663,
    0.7361003249641677,
    0.7455410188604102,
    0.745232314320163,
    0.7513544613343589,
    0.7596219394965292,
    0.7581336341074324,
    0.7660833196282799,
    0.7675034300216826,
    0.7701696154014822,
    0.7750500112289627,
    0.7784775803340072,
    0.7819676834389584,
    0.7875887823714579,
    0.7882425621958438,
    0.7913331794991808,
    0.7907434660006525,
    0.7953513664516549,
    0.7957997824525777,
    0.8035134588353823,
    0.8047585869672232,
    0.8036798584493275,
    0.8050779679031024
  ],
  "train_fpr": [
    0.4602995196383159,
    0.3438824526702458,
    0.29253815715093273,
    0.2520486012998022,
    0.2542372881355932,
    0.22950819672131148,
    0.22583380440927078,
    0.20994631251766036,
    0.21807909604519773,
    0.215375918598078,
    0.1903954802259887,
    0.19044927945747386,
    0.18423283413393615,
    0.17660356032777622,
    0.17457627118644067,
    0.16666666666666666,
    0.17467495760316562,
    0.16586606385984742,
    0.18117580553985302,
    0.1732127719694829,
    0.17005649717514124,
    0.18564566261655835,
    0.1758055398530243,
    0.16534765404183155,
    0.16388810398417633,
    0.16704352741661957,
    0.16219270980502967,
    0.1751412429378531,
    0.16869172082509185,
    0.17043527416619558
  ],
  "train_fnr": [
    0.01963004907512269,
    0.024160060400151,
    0.034339622641509436,
    0.03850509626274066,
    0.02945619335347432,
    0.03660377358490566,
    0.033584905660377355,
    0.03208758021895055,
    0.02945619335347432,
    0.025283018867924528,
    0.030589123867069485,
    0.03020007550018875,
    0.02642506606266516,
    0.02944507361268403,
    0.028323262839879154,
    0.02945619335347432,
    0.029811320754716982,
    0.025670064175160438,
    0.023018867924528303,
    0.025670064175160438,
    0.024924471299093656,
    0.020007550018875046,
    0.024528301886792454,
    0.024528301886792454,
    0.02378255945639864,
    0.022264150943396226,
    0.01812004530011325,
    0.020770392749244714,
    0.01925254813137033,
    0.01849056603773585
  ],
  "val_loss": [
    0.6745702377681074,
    0.7897496405267589,
    1.937937302994159,
    0.8590123255784062,
    0.923835323486151,
    0.7801047210193756,
    0.7869882019192217,
    0.6210185238790132,
    0.7680497220087431,
    0.6501412741069136,
    0.713638089300783,
    0.6063725018691005,
    0.5951693273823837,
    1.0272201083066925,
    0.5792326240229669,
    0.6690756205854744,
    0.6461194240604219,
    0.6651891966397313,
    0.6374135419765897,
    0.5642418109611744,
    0.551341477218294,
    0.638320365935485,
    0.6729513905566946,
    0.6038717676537106,
    0.6135000814967826,
    0.5397250298954132,
    0.5618794467942468,
    0.6494053138187773,
    0.544304871432661,
    0.6208441357871898
  ],
  "val_dice": [
    0.7194116080886331,
    0.7451466070957462,
    0.6229876318368418,
    0.7527240830663819,
    0.7319610641394749,
    0.7450946614403149,
    0.7593404324107682,
    0.7748694290908483,
    0.7507588102109236,
    0.7514116927803511,
    0.7766439999288209,
    0.7855166346229988,
    0.7639755036000073,
    0.7298392168782276,
    0.7827146102523614,
    0.7660972817902223,
    0.7772954900400708,
    0.7783915667006602,
    0.7819559100017307,
    0.7912621372317604,
    0.7910005589280109,
    0.7610543157500202,
    0.785250235546568,
    0.7811118944767932,
    0.7891532311448209,
    0.7818773448348678,
    0.792584183401075,
    0.7979212304384544,
    0.7846632445211317,
    0.7830408803268832
  ],
  "val_fpr": [
    0.42462311557788945,
    0.13316582914572864,
    0.01256281407035176,
    0.09296482412060302,
    0.06030150753768844,
    0.16080402010050251,
    0.16834170854271358,
    0.15577889447236182,
    0.2613065326633166,
    0.08542713567839195,
    0.06532663316582915,
    0.23115577889447236,
    0.27386934673366836,
    0.14824120603015076,
    0.12311557788944724,
    0.05025125628140704,
    0.07035175879396985,
    0.10050251256281408,
    0.07537688442211055,
    0.29396984924623115,
    0.08542713567839195,
    0.05527638190954774,
    0.11809045226130653,
    0.06281407035175879,
    0.03768844221105527,
    0.18592964824120603,
    0.06532663316582915,
    0.06281407035175879,
    0.08040201005025126,
    0.09547738693467336
  ],
  "val_fnr": [
    0.015915119363395226,
    0.07161803713527852,
    0.13793103448275862,
    0.05570291777188329,
    0.08753315649867374,
    0.029177718832891247,
    0.058355437665782495,
    0.03713527851458886,
    0.042440318302387266,
    0.03183023872679045,
    0.06896551724137931,
    0.042440318302387266,
    0.03713527851458886,
    0.07957559681697612,
    0.04774535809018567,
    0.0610079575596817,
    0.05305039787798409,
    0.05570291777188329,
    0.05305039787798409,
    0.03183023872679045,
    0.05305039787798409,
    0.06631299734748011,
    0.058355437665782495,
    0.0636604774535809,
    0.0610079575596817,
    0.021220159151193633,
    0.042440318302387266,
    0.04774535809018567,
    0.04509283819628647,
    0.03713527851458886
  ]
}