{
  "dice": 0.8050877230072563,
  "hd95_mean": 6.531380653381348,
  "hd95_median": 3.1622776985168457,
  "hd95_count": 292,
  "fpr": 0.11777301927194861,
  "fnr": 0.05194805194805195
}