{
  "train_loss": [
    0.8645003940656562,
    0.6866466364802963,
    0.6363168450326989,
    0.5707059043577507,
    0.5366827835805134,
    0.49877000094410334,
    0.47073772146744935,
    0.4669360665952828,
    0.4445047088185509,
    0.40852348133018607,
    0.404671164587593,
    0.3971755892155043,
    0.38981630090355274,
    0.3743741686087579,
    0.36779676346509194,
    0.3701302798542012,
    0.5653517524319844,
    0.5168172188961759,
    0.5568847232547721,
    0.4960900508575857,
    0.45079985096753367,
    0.43489116078800794,
    0.43985409757916705,
    0.45311142851807124,
    0.42450471746983776,
    0.44326831635387115,
    0.4069542574091743,
    0.3629303961166892,
    0.35853275387392836,
    0.38682600000253947
  ],
  "train_dice": [
    0.6192174280949836,
    0.677899528771284,
    0.6941361592573472,
    0.7182527732576584,
    0.7292214273643589,
    0.7352277200621121,
    0.7407461416199913,
    0.7502172541777348,
    0.7559175584767212,
    0.7604882142202813,
    0.7666170338310097,
    0.7695535269644449,
    0.7774158963887047,
    0.7804698247214876,
    0.7816852714379374,
    0.7810565746622594,
    0.7627221168271201,
    0.7689075391892772,
    0.7732352298620513,
    0.779303837553328,
    0.7806660700040662,
    0.784574541316595,
    0.7868503090555105,
    0.7883906135540133,
    0.7909538042341723,
    0.7912439045916708,
    0.7955327301272095,
    0.7990400249097483,
    0.801052740251386,
    0.7995570540020415
  ],
  "train_fpr": [
    0.545971294585761,
    0.45616029558050303,
    0.4267443512860594,
    0.39306522665908766,
    0.3684285308326229,
    0.3453176069347733,
    0.33565439818104303,
    0.3278385675714083,
    0.31206480034105444,
    0.31519113258490833,
    0.30041210743214436,
    0.3045331817535882,
    0.2955805030552792,
    0.2789540997584198,
    0.28573458368854787,
    0.2789144643364592,
    0.10260054000284212,
    0.09350575529344891,
    0.07886883615176922,
    0.09975841978115674,
    0.08910046894983657,
    0.0817109563734546,
    0.08412675856188717,
    0.07517407986357823,
    0.0753161858746625,
    0.0707687935199659,
    0.07062668750888162,
    0.0704745666382495,
    0.07872673014068494,
    0.0584055705556345
  ],
  "train_fnr": [
    0.013984710050344957,
    0.014171172851016222,
    0.015103486854372553,
    0.015289949655043818,
    0.012122342409548676,
    0.014544098452358755,
    0.01473056125303002,
    0.013238858847659891,
    0.015476412455715086,
    0.013052396046988626,
    0.010628379638262167,
    0.011187768040275966,
    0.01193361924296103,
    0.014357635651687487,
    0.010443864229765013,
    0.011935844834017158,
    0.03654670893156815,
    0.0423270557523774,
    0.04102181614767854,
    0.03486854372552676,
    0.033936229722170426,
    0.03468208092485549,
    0.033190378519485364,
    0.034495618124184224,
    0.03374976692149916,
    0.03412269252284169,
    0.03095282491143017,
    0.02816113390525923,
    0.029274659705388777,
    0.03225806451612903
  ],
  "val_loss": [
    1.2379211406420618,
    1.125306787640944,
    2.5946130829244636,
    1.1571943819740393,
    2.549009902046545,
    1.4203846426667088,
    1.5149011836217268,
    2.079449564142384,
    2.7664379648809887,
    2.0142875311801034,
    2.333408367742587,
    1.4653123576166855,
    1.375521369408952,
    2.9643404905378383,
    1.7933290311128554,
    4.958827665763615,
    4.163849645592,
    2.9022608782688195,
    3.8278212694573575,
    3.45013566966692,
    7.8298544575154345,
    12.546739203597072,
    2.567170613057857,
    2.473075797294613,
    3.2870022509872476,
    3.2308187037271305,
    3.093048303634146,
    3.162643826709394,
    2.986800005520782,
    2.9778299342106727
  ],
  "val_dice": [
    0.6338772265797984,
    0.6465840503056771,
    0.7289109896351821,
    0.6978849042859608,
    0.6972552194430011,
    0.7945086770249109,
    0.7682342500582229,
    0.7833727993886836,
    0.783577344256596,
    0.7862257061104705,
    0.7906595254684017,
    0.8036346408790045,
    0.8080953961741315,
    0.7536533201045363,
    0.7989348135072819,
    0.7473294682773578,
    0.7540281013959516,
    0.7617301543263624,
    0.7611062402055211,
    0.7792071658111837,
    0.6772368875515722,
    0.6429221842030104,
    0.781446782515867,
    0.7587602983643539,
    0.7838722415214038,
    0.730804738206585,
    0.7458720284656887,
    0.7748338106774936,
    0.7746784697918996,
    0.7706282481007333
  ],
  "val_fpr": [
    0.4635838150289017,
    0.39075144508670523,
    0.1722543352601156,
    0.3040462427745665,
    0.26473988439306356,
    0.24855491329479767,
    0.2589595375722543,
    0.22196531791907514,
    0.1653179190751445,
    0.19421965317919074,
    0.16416184971098266,
    0.23468208092485549,
    0.20346820809248556,
    0.10751445086705202,
    0.24046242774566473,
    0.055491329479768786,
    0.057803468208092484,
    0.03930635838150289,
    0.047398843930635835,
    0.09710982658959537,
    0.010404624277456647,
    0.010404624277456647,
    0.058959537572254334,
    0.06936416184971098,
    0.08439306358381503,
    0.03352601156069364,
    0.07630057803468208,
    0.06358381502890173,
    0.06936416184971098,
    0.03121387283236994
  ],
  "val_fnr": [
    0.016058394160583942,
    0.016058394160583942,
    0.07007299270072993,
    0.021897810218978103,
    0.06715328467153285,
    0.01897810218978102,
    0.014598540145985401,
    0.027737226277372264,
    0.035036496350364967,
    0.040875912408759124,
    0.03795620437956204,
    0.020437956204379562,
    0.017518248175182483,
    0.06715328467153285,
    0.032116788321167884,
    0.11094890510948906,
    0.10072992700729927,
    0.10072992700729927,
    0.11678832116788321,
    0.06569343065693431,
    0.1927007299270073,
    0.1927007299270073,
    0.06861313868613139,
    0.08467153284671533,
    0.05693430656934306,
    0.12846715328467154,
    0.12846715328467154,
    0.0905109489051095,
    0.08175182481751825,
    0.0905109489051095
  ],
  "train_bce_loss": [
    0.41038373354009683,
    0.33587677230366975,
    0.3035255256746695,
    0.2642319346009445,
    0.24218847163492957,
    0.21147422718295142,
    0.19004350810133475,
    0.196274576993689,
    0.18085259000062054,
    0.15051781313936935,
    0.15287353929428135,
    0.14886935495964834,
    0.1493682496864161,
    0.13740429150578104,
    0.13247991309351684,
    0.13633815198329077,
    0.3178459376069114,
    0.2737484866740066,
    0.3176187170779188,
    0.26295594755171514,
    0.21882615551503495,
    0.20675811279016687,
    0.2144805153894964,
    0.22906325089219218,
    0.20312259760737797,
    0.22241362705261505,
    0.19008314490978456,
    0.1500732669179008,
    0.14775958617225915,
    0.17475519574537046
  ],
  "val_bce_loss": [
    0.8424665622695274,
    0.7503016147422639,
    2.309531065187057,
    0.8351461688246932,
    2.2388637173825696,
    1.1882746596943017,
    1.258951835494733,
    1.8402339719140726,
    2.53625881304407,
    1.7839762982535075,
    2.1113783504759525,
    1.2519352771668104,
    1.1665547878080367,
    2.7135003858524627,
    1.577622724612699,
    4.699414548309125,
    3.9086562951999535,
    2.656194031515913,
    3.5814265106580336,
    3.2196508831772817,
    7.50164280596128,
    12.185427431313553,
    2.339946752683307,
    2.2220120800455123,
    3.0624988951292025,
    2.9551518641235512,
    2.8323734283542437,
    2.9313845310720485,
    2.7539243629202246,
    2.7421648804642205
  ],