{
  "dice": 0.702048934049087,
  "hd95_mean": 17.02983283996582,
  "hd95_median": 10.42007064819336,
  "hd95_count": 684,
  "fpr": 0.23837902264600716,
  "fnr": 0.0379746835443038,
  "selected_threshold": 0.5
}