{
  "thresholds": [
    0.5,
    0.55,
    0.6,
    0.65,
    0.7
  ],
  "val_dice_by_threshold": {
    "0.50": 0.8080953961741315,
    "0.55": 0.8095266871208692,
    "0.60": 0.8105523669371639,
    "0.65": 0.8114956931911246,
    "0.70": 0.8125082119755501
  },
  "best_threshold": 0.7,
  "best_val_dice": 0.8125082119755501
}