{
  "selected_threshold": 0.7,
  "dice": 0.7084944679279996,
  "hd95_median": 8.9442720413208,
  "fnr": 0.05625879043600562,
  "fpr": 0.19427890345649582
}