{
  "dice": 0.702048934049087,
  "hd95_mean": 15.405379295349121,
  "hd95_median": 8.9442720413208,
  "hd95_count": 671,
  "fpr": 0.19427890345649582,
  "fnr": 0.05625879043600562
}