{
  "dice": 0.8024385253370369,
  "hd95_mean": 11.802603721618652,
  "hd95_median": 6.090771675109863,
  "hd95_count": 618,
  "fpr": 0.3980263157894737,
  "fnr": 0.03134796238244514,
  "selected_threshold": 0.5
}