{
  "train_loss": [
    0.47781303403636727,
    0.36142290115075154,
    0.31713556503863927,
    0.29397915775946526,
    0.27805326823167015,
    0.268647649747732,
    0.25955466211992806,
    0.2526738488185329,
    0.24621934661567385,
    0.24002236652669698,
    0.23422246650028944,
    0.2318399597290198,
    0.2269426793009786,
    0.22287297871543885,
    0.21759575757406455,
    0.21533905575379833,
    0.21296303191575208,
    0.20925302791638017,
    0.2063353271287369,
    0.20373057829272964,
    0.20233181854549662,
    0.2007678457000548,
    0.20173808534925508,
    0.1992338264705054,
    0.1945844008522613,
    0.19194296755717197,
    0.19282127380464373,
    0.18984697900270878,
    0.18776429230959413,
    0.18858051080717989
  ],
  "train_dice": [
    0.6418216523775805,
    0.6915756675715526,
    0.7259379440166329,
    0.7453534873147777,
    0.7579823157319023,
    0.7650239002067051,
    0.7724292070054849,
    0.778082338396419,
    0.783268661798832,
    0.7877769199651243,
    0.7924568141715496,
    0.7944180562666651,
    0.7982053370719647,
    0.8011181101442354,
    0.805964257099727,
    0.8073404186813059,
    0.8093174017005134,
    0.8127767791051902,
    0.8149585858304768,
    0.8175002699557558,
    0.8185543994499802,
    0.8194696192686295,
    0.8187759017498205,
    0.8211304275116716,
    0.8249027156005911,
    0.8276098954756577,
    0.8264570762767677,
    0.8289915424613472,
    0.8312617869255554,
    0.8305421988177368
  ],
  "train_fpr": [
    0.4205543358946213,
    0.38103732162458837,
    0.357436882546652,
    0.38331732747976405,
    0.38419319429198684,
    0.38830954994511524,
    0.3902305159165752,
    0.3943468715697036,
    0.39928649835345775,
    0.36759055982436883,
    0.36169045005488476,
    0.36827661909989023,
    0.38062568605927555,
    0.3553787047200878,
    0.3744511525795829,
    0.35016465422612514,
    0.3610920565235286,
    0.3600439077936334,
    0.3765093304061471,
    0.3512623490669594,
    0.3600439077936334,
    0.3527716794731065,
    0.3423435784851811,
    0.3709699547262999,
    0.35258608862669777,
    0.35880900109769487,
    0.31215697036223927,
    0.3445389681668496,
    0.33122941822173435,
    0.341794731064764
  ],
  "train_fnr": [
    0.0418622848200313,
    0.03247261345852895,
    0.03051643192488263,
    0.024261396986891018,
    0.026604068857589983,
    0.025625978090766822,
    0.028364632237871674,
    0.022104851330203443,
    0.018583724569640064,
    0.02190923317683881,
    0.023865414710485134,
    0.01936619718309859,
    0.01995305164319249,
    0.02112676056338028,
    0.01995305164319249,
    0.02014866979655712,
    0.018783017022109175,
    0.018974960876369327,
    0.015062597809076683,
    0.01643192488262911,
    0.01584507042253521,
    0.01936619718309859,
    0.02034428794992175,
    0.016630796321659168,
    0.01721776560360008,
    0.013497652582159625,
    0.017996870109546165,
    0.016823161189358372,
    0.01741001564945227,
    0.01584507042253521
  ],
  "val_loss": [
    0.2641898254180581,
    0.3084720052288261,
    0.23858865259281364,
    0.207272462480696,
    0.20794093608580663,
    0.2686367764154218,
    0.19896046227648767,
    0.2084051005145502,
    0.20821768382409886,
    0.2277095604869785,
    0.2218527880982226,
    0.27534551998964074,
    0.22966311451257068,
    0.24309093608746868,
    0.24560555094886108,
    0.2187992013941282,
    0.20950526888785365,
    0.21821995355607665,
    0.22304491531214066,
    0.27089032907446725,
    0.25729111178651365,
    0.24921134906716247,
    0.2699289549963229,
    0.2561036585664829,
    0.25048200042984453,
    0.2459680550819891,
    0.274113567995139,
    0.20807569359082,
    0.213522371494338,
    0.26635642784796437
  ],
  "val_dice": [
    0.7693540528637065,
    0.7346928107701022,
    0.8043395784633929,
    0.8215455359189644,
    0.8204043839545645,
    0.7701687032588311,
    0.8289070959318672,
    0.8237343034403917,
    0.8201252427172555,
    0.8013937763904894,
    0.8123966679993063,
    0.7596266559110239,
    0.8043173259308771,
    0.7944919961510148,
    0.797337604885006,
    0.8164348743040357,
    0.8263981243452201,
    0.8173859476348793,
    0.8202598517948001,
    0.7711868476034445,
    0.785716496044274,
    0.7923367305069103,
    0.7777053727768362,
    0.7826422115060441,
    0.7919352501630783,
    0.7957298143948677,
    0.7674170481867691,
    0.8248541935859524,
    0.818540899038932,
    0.7792048456819629
  ],
  "val_fpr": [
    0.3135011441647597,
    0.10640732265446225,
    0.37643020594965676,
    0.3684210526315789,
    0.2917620137299771,
    0.17391304347826086,
    0.2997711670480549,
    0.4290617848970252,
    0.32379862700228834,
    0.2791762013729977,
    0.2551487414187643,
    0.10755148741418764,
    0.13958810068649885,
    0.1853546910755149,
    0.11784897025171624,
    0.2574370709382151,
    0.2643020594965675,
    0.20594965675057209,
    0.33638443935926776,
    0.18878718535469108,
    0.11327231121281464,
    0.19221967963386727,
    0.12128146453089245,
    0.16247139588100687,
    0.11670480549199085,
    0.14759725400457666,
    0.14416475972540047,
    0.2734553775743707,
    0.18993135011441648,
    0.11670480549199085
  ],
  "val_fnr": [
    0.04142011834319527,
    0.10650887573964497,
    0.008875739644970414,
    0.019230769230769232,
    0.019230769230769232,
    0.047337278106508875,
    0.01775147928994083,
    0.013313609467455622,
    0.02514792899408284,
    0.02514792899408284,
    0.016272189349112426,
    0.05473372781065089,
    0.03550295857988166,
    0.038461538461538464,
    0.03254437869822485,
    0.020710059171597635,
    0.02514792899408284,
    0.019230769230769232,
    0.0073964497041420114,
    0.03106508875739645,
    0.034023668639053255,
    0.026627218934911243,
    0.03106508875739645,
    0.02514792899408284,
    0.03698224852071006,
    0.03994082840236687,
    0.03550295857988166,
    0.011834319526627219,
    0.029585798816568046,
    0.03698224852071006
  ],
  "train_bce_loss": [
    0.06339821810565162,
    0.04491697659720041,
    0.037556500397231685,
    0.034722804526497855,
    0.03216954176412213,
    0.030404841100611868,
    0.028933844915913644,
    0.028280497303869213,
    0.02692804418285464,
    0.02551782237796245,
    0.024850028076475388,
    0.024442527864769022,
    0.023449216450893564,
    0.022599999461846255,
    0.022113335495279746,
    0.021469149606470634,
    0.021204350369570513,
    0.0210016739124192,
    0.020450475564568353,
    0.020407844638123097,
    0.020022617816813127,
    0.019632922084256935,
    0.019797874575079605,
    0.019386902503729552,
    0.018999265087691702,
    0.01891140587787321,
    0.018778364478029216,
    0.01855200729053554,
    0.018494981913490548,
    0.01846746069986124
  ],
  "val_bce_loss": [
    0.023767350807430542,
    0.03992680461994857,
    0.031183030492469073,
    0.024563564337935016,
    0.02749210733544225,
    0.04030590425605818,
    0.02705386525281163,
    0.0306210429197127,
    0.029036085124175097,
    0.028800956366940873,
    0.035040384557507326,
    0.03705877876837432,
    0.03482074244591506,
    0.039249612891128854,
    0.0445628826088262,
    0.03631567036754644,
    0.03264634751231023,
    0.0360179687975031,
    0.042906711112825645,
    0.04388373976984677,
    0.04319473216075505,
    0.04285749490865794,
    0.04827009901214431,
    0.040468999319682286,
    0.04367164390038674,
    0.04359767930866746,
    0.043574251666245394,
    0.034339980414774776,
    0.03358009519642643,
    0.04712856097686581
  ],