{
  "thresholds": [
    0.5,
    0.55,
    0.6,
    0.65,
    0.7
  ],
  "val_dice_by_threshold": {
    "0.50": 0.8289070959318672,
    "0.55": 0.8281719875990374,
    "0.60": 0.8271841696303712,
    "0.65": 0.825850435725507,
    "0.70": 0.8245940745350789
  },
  "best_threshold": 0.5,
  "best_val_dice": 0.8289070959318672
}