{
  "dice": 0.8024385253370369,
  "hd95_mean": 11.462491989135742,
  "hd95_median": 5.961964130401611,
  "hd95_count": 616,
  "fpr": 0.3793859649122807,
  "fnr": 0.034482758620689655
}