{
  "selected_threshold": 0.5,
  "dice": 0.8024385253370369,
  "hd95_median": 6.090771675109863,
  "fnr": 0.03134796238244514,
  "fpr": 0.3980263157894737
}