{
  "selected_threshold": 0.5,
  "dice": 0.8221438858961733,
  "hd95_median": 4.123105525970459,
  "fnr": 0.02038295243977764,
  "fpr": 0.36059397163120566
}