{
  "dice": 0.8221438858961733,
  "hd95_mean": 9.455047607421875,
  "hd95_median": 4.123105525970459,
  "hd95_count": 6344,
  "fpr": 0.36059397163120566,
  "fnr": 0.02038295243977764,
  "selected_threshold": 0.5
}