{
  "dice": 0.8198721384046596,
  "hd95_mean": 9.400069236755371,
  "hd95_median": 4.123105525970459,
  "hd95_count": 6331,
  "fpr": 0.34131205673758863,
  "fnr": 0.022390364422483013
}