{
  "train_loss": [
    0.3412770195989486,
    0.2688002605111638,
    0.24730892117324277,
    0.23539875153324852,
    0.2271524450206247,
    0.2209044715767611,
    0.21657622952637903,
    0.2118166871839974,
    0.2085564220387241,
    0.20430640150570256,
    0.20193090629704916,
    0.19961712844519897,
    0.19780823635344963,
    0.19532708171697727,
    0.19373551107466233,
    0.19227773294113,
    0.1901087939235307,
    0.18900181233935337,
    0.18703627361876476,
    0.18600198629741996,
    0.18416313994598044,
    0.1838771296096079,
    0.18157476527255487,
    0.18063024762044583,
    0.1796439599605355,
    0.17839457928623953,
    0.17755060086294283,
    0.17594767442235976,
    0.17429214480695768,
    0.17446722332822384
  ],
  "train_dice": [
    0.7212095107363309,
    0.7694804676858611,
    0.7857460061038944,
    0.7953701057902159,
    0.8020916947277753,
    0.8069311839097129,
    0.8102330759023505,
    0.8140579668235959,
    0.8167696005437957,
    0.8204412348248354,
    0.8223948360474507,
    0.8241416940089923,
    0.8255321045588376,
    0.8277291808620573,
    0.8290842404347573,
    0.8301248667499073,
    0.8320245707290564,
    0.8327969626983123,
    0.8345554601508621,
    0.8354316615348568,
    0.8369583603228586,
    0.8370864505489396,
    0.8391964379746376,
    0.8398486734963733,
    0.8406910843681913,
    0.8419082475468321,
    0.842632317588408,
    0.8439633368925354,
    0.8454210219476601,
    0.8453097265806583
  ],
  "train_fpr": [
    0.337014470677837,
    0.30754585263692324,
    0.30739694729159395,
    0.3012916124527943,
    0.31273800456968776,
    0.3115955826351866,
    0.3330160241155006,
    0.3489988258813823,
    0.3679233307946179,
    0.35721765620537554,
    0.36985910129474486,
    0.36836760599136836,
    0.36647519913680937,
    0.3695417618684945,
    0.3619775965474566,
    0.3670982482863671,
    0.3641469916222391,
    0.36711833211690414,
    0.3624853235172786,
    0.361989083523737,
    0.36670580395392377,
    0.37584488941071936,
    0.36794338844286484,
    0.34084346142861677,
    0.3551028179741051,
    0.35820137720940565,
    0.3451274077364897,
    0.33639046682111007,
    0.34845936597594646,
    0.3575349855615143
  ],
  "train_fnr": [
    0.029556650246305417,
    0.02670009677135568,
    0.026391027050802728,
    0.0234859480142499,
    0.020452146375791697,
    0.020804011259676285,
    0.017463599173008403,
    0.017769958214207168,
    0.016537649542575653,
    0.016934242357598415,
    0.014206544686840253,
    0.014074595355383532,
    0.014601750450807055,
    0.012667135819845179,
    0.012403782713877282,
    0.012623152709359606,
    0.01381069669247009,
    0.012799648119639323,
    0.013371453705740048,
    0.013106966924700914,
    0.012667692984385309,
    0.012975588299978007,
    0.011568066857268529,
    0.013855289201671431,
    0.013194933145672062,
    0.012579722894215967,
    0.013151528480316692,
    0.013194352816994326,
    0.012139872443369254,
    0.011304156586760502
  ],
  "val_loss": [
    0.4791420406247286,
    0.29416506150778693,
    0.2994845041605875,
    0.2853106743720389,
    0.2773116876735712,
    0.307168944299096,
    0.28214642052415423,
    0.24500102167412346,
    0.24506386624681017,
    0.26404643335519445,
    0.24333904621894975,
    0.24547093883192164,
    0.2621953339753006,
    0.24928350794229934,
    0.24809585968527925,
    0.24332978939631644,
    0.2520421198849402,
    0.25607317797910417,
    0.23292082775575287,
    0.23455828116195745,
    0.2501087621747362,
    0.23544271919402124,
    0.2326819212807011,
    0.27954570052052946,
    0.25482743617354825,
    0.24591894291236316,
    0.27616788169511836,
    0.23819560048856345,
    0.22822497113583642,
    0.24240418339467845
  ],
  "val_dice": [
    0.60872263731171,
    0.746316089359141,
    0.74607425059255,
    0.7534872843058776,
    0.7594059188935748,
    0.7369869669405077,
    0.7572425760705074,
    0.7864727480301634,
    0.788745207058241,
    0.7697994921835961,
    0.78890189688129,
    0.7854961993018232,
    0.7715122906642744,
    0.7819846502238055,
    0.7878855279655071,
    0.7873077175253795,
    0.7823034240460192,
    0.7773619568712085,
    0.7940064048370379,
    0.795717973723383,
    0.7825544979594332,
    0.7941325223941871,
    0.7957086927871478,
    0.7590470047636068,
    0.7805451254122681,
    0.7833822223548368,
    0.7631341302723159,
    0.7923291239741791,
    0.8004027931438434,
    0.7899191242355459
  ],
  "val_fpr": [
    0.07774390243902439,
    0.21951219512195122,
    0.16463414634146342,
    0.16114982578397213,
    0.22756968641114983,
    0.13915505226480837,
    0.32229965156794427,
    0.4172473867595819,
    0.4381533101045296,
    0.2460801393728223,
    0.4030923344947735,
    0.24978222996515678,
    0.24695121951219512,
    0.29006968641114983,
    0.3384146341463415,
    0.32360627177700346,
    0.23497386759581881,
    0.23976480836236932,
    0.3530052264808362,
    0.39242160278745647,
    0.29377177700348434,
    0.3508275261324042,
    0.2989982578397213,
    0.14568815331010454,
    0.41877177700348434,
    0.24869337979094078,
    0.28353658536585363,
    0.27939895470383275,
    0.3462543554006969,
    0.3170731707317073
  ],
  "val_fnr": [
    0.1447118429385687,
    0.06713109563014566,
    0.05414819506016466,
    0.07124762507916403,
    0.0630145661811273,
    0.07061431285623812,
    0.034198860037998734,
    0.026282457251424952,
    0.019632678910702975,
    0.04179860671310956,
    0.02311589613679544,
    0.04496516782773907,
    0.05319822672577581,
    0.04053198226725776,
    0.022482583913869536,
    0.042115262824572515,
    0.0383153894870171,
    0.051931602279924,
    0.021849271690943636,
    0.01836605446485117,
    0.04528182393920203,
    0.024699176694110196,
    0.021532615579480684,
    0.05858138062064598,
    0.02089930335655478,
    0.04243191893603546,
    0.03926535782140595,
    0.032932235592146926,
    0.0253324889170361,
    0.022799240025332488
  ],
  "train_bce_loss": [
    0.044334980199223814,
    0.03333893389664726,
    0.029133338727603878,
    0.027091999216444656,
    0.02574497144903203,
    0.02461770012367313,
    0.023800827851032033,
    0.022967357431739742,
    0.022549529558918237,
    0.021936266000936466,
    0.021686547978508743,
    0.02123005609293427,
    0.02082597118765234,
    0.02060378671379744,
    0.020344159220451786,
    0.020023986293645327,
    0.019815015432655545,
    0.019595253427003273,
    0.01940717388499385,
    0.01920269051058065,
    0.01897381035119872,
    0.018847713220259108,
    0.018664212038974063,
    0.018484965635854216,
    0.01832741569016734,
    0.018245145283446746,
    0.018180711455500233,
    0.017919120678787537,
    0.017750903955678913,
    0.017855697184156676
  ],
  "val_bce_loss": [
    0.08106760712001292,
    0.037394306346042135,
    0.04269257089902206,
    0.03702975874898311,
    0.033171993225944954,
    0.04214230406093386,
    0.03768574506988244,
    0.02962679297877191,
    0.032775901220372466,
    0.032305418364095034,
    0.029252307795749683,
    0.02906621119793843,
    0.031654610270972335,
    0.029290785276582566,
    0.03391575148491191,
    0.029358070296528965,
    0.032268195810931335,
    0.032733821855168474,
    0.024745589143174613,
    0.028672923519311617,
    0.03132417738766513,
    0.0278878737723722,
    0.02636988955654395,
    0.037007064147752795,
    0.03423224766752721,
    0.027841306211383688,
    0.03710561809588689,
    0.028986616524356745,
    0.027455789763280624,
    0.03126334131577339
  ],