{
  "thresholds": [
    0.5,
    0.55,
    0.6,
    0.65,
    0.7
  ],
  "val_dice_by_threshold": {
    "0.50": 0.8004027931438434,
    "0.55": 0.7999407630068727,
    "0.60": 0.7994122389220928,
    "0.65": 0.7989376251293232,
    "0.70": 0.798224922729051
  },
  "best_threshold": 0.5,
  "best_val_dice": 0.8004027931438434
}