{
  "train_loss": [
    1.261556870858751,
    1.0850867850142003,
    1.0146680829852193,
    0.9348214657759292,
    0.9027959136634399,
    0.858901713865808,
    0.7644392175297368,
    0.7401658257808774,
    0.6865778596417972,
    0.6458111945448026,
    0.6057642987819614,
    0.591617038232588,
    0.5711720226059602,
    0.5469066018569441,
    0.518914850372278,
    0.507645575520087,
    0.5117661925156158,
    0.4715449116084301,
    0.4636877413334121,
    0.4606827752440011,
    0.44398241536533095,
    0.44239423247121223,
    0.4218006968932765,
    0.40766031512963435,
    0.38477318319719495,
    0.3854434393199611,
    0.38314333493690494,
    0.36648784109610966,
    0.3607212379454878,
    0.33204210133689205
  ],
  "train_dice": [
    0.6466275406009576,
    0.7098001526483761,
    0.7208419148408122,
    0.7323972602124565,
    0.7433621761015631,
    0.7495612689212461,
    0.7548186432378735,
    0.7628210717617346,
    0.7689428867178949,
    0.7741244367864193,
    0.7792251808579415,
    0.7809710330884467,
    0.7859477616182893,
    0.7909187533965335,
    0.7942113319268349,
    0.7968773465181832,
    0.7982140241100163,
    0.8031651663793756,
    0.8055531166543968,
    0.808882960746877,
    0.8095628870633714,
    0.8117861670872323,
    0.8137114164561436,
    0.8166532447634632,
    0.8212992084002427,
    0.8226664555373657,
    0.8226316266499046,
    0.8264702833594387,
    0.8269686737541774,
    0.8312541465892109
  ],
  "train_fpr": [
    0.4948019106490587,
    0.38137378845343445,
    0.352858547548813,
    0.31483562798538917,
    0.29404327058162405,
    0.28575442540039336,
    0.2679123349255409,
    0.26889575723517845,
    0.24641753301489183,
    0.25709468951952796,
    0.24866535543692048,
    0.23542632392189913,
    0.23939308794605227,
    0.23630233211576285,
    0.2289969092441697,
    0.24093846586119697,
    0.2243607754987356,
    0.22137940722011518,
    0.22379881989322845,
    0.21983424638291896,
    0.2160719303175049,
    0.21087384096656364,
    0.21899143138081192,
    0.20901812052254531,
    0.21916268614779433,
    0.20736161843214387,
    0.20118010677156506,
    0.21579095251475133,
    0.20384939589772408,
    0.20118010677156506
  ],
  "train_fnr": [
    0.024233244982961,
    0.028782427570535882,
    0.028024995266048097,
    0.03161681181370693,
    0.03104884513441878,
    0.03199545626656569,
    0.03369935630443014,
    0.02896630064369557,
    0.02896630064369557,
    0.02555850056796668,
    0.02688375615297236,
    0.02669948873319447,
    0.025747822794396063,
    0.023097311624384703,
    0.024233244982961,
    0.018553578190079516,
    0.024422567209390383,
    0.02158682067790191,
    0.018742900416508897,
    0.019882597992804393,
    0.021772056039379022,
    0.01950018932222643,
    0.016474152622609355,
    0.016474152622609355,
    0.015713744793638774,
    0.01476713366149186,
    0.01609238924649754,
    0.015903067020068155,
    0.015335100340780007,
    0.012684589170768649
  ],
  "val_loss": [
    0.7859197777837611,
    0.6390701935997287,
    0.8139247394929426,
    1.6798086739883646,
    0.9276372950078021,
    1.1295816811784185,
    0.9793059522448813,
    0.7172233128022029,
    0.7060094398949717,
    0.774028035778926,
    0.8989610518765874,
    0.7664069607371651,
    0.8608086024649128,
    0.7283853469808318,
    0.7632712205226946,
    1.1119909919436695,
    1.0600286713985179,
    0.6404185754798569,
    0.6992764706726406,
    0.6678692641152629,
    0.8789901775594282,
    0.8324684370972192,
    0.8149421752752996,
    1.104795613449706,
    0.7241536616302521,
    1.2955069066323701,
    0.9501714507497631,
    0.8535220884690875,
    0.7952001102111969,
    0.8157960775709171
  ],
  "val_dice": [
    0.7184799922310708,
    0.6896789420914495,
    0.7548289276135055,
    0.6846825557016439,
    0.7190714284934369,
    0.7285670253439146,
    0.7347009824257356,
    0.7382719602954233,
    0.7643349124631064,
    0.7335245152302448,
    0.7482100258849586,
    0.7641928274317081,
    0.7574662754679864,
    0.7647392587633773,
    0.74922287694712,
    0.718131968679214,
    0.7630360542124432,
    0.7615753733115964,
    0.7605689902485477,
    0.7586321342814847,
    0.7659420871679161,
    0.7472827775180823,
    0.7652482978011026,
    0.7576021130489107,
    0.7701254206314732,
    0.7561290548800892,
    0.7644079925739553,
    0.7603395465749367,
    0.7575855516500072,
    0.7608769186998455
  ],
  "val_fpr": [
    0.26609442060085836,
    0.3293991416309013,
    0.19527896995708155,
    0.0536480686695279,
    0.2371244635193133,
    0.04721030042918455,
    0.10836909871244635,
    0.18669527896995708,
    0.20278969957081544,
    0.09120171673819742,
    0.09120171673819742,
    0.21781115879828325,
    0.12660944206008584,
    0.20815450643776823,
    0.07510729613733906,
    0.08690987124463519,
    0.15021459227467812,
    0.22210300429184548,
    0.16630901287553648,
    0.21566523605150215,
    0.07725321888412018,
    0.07618025751072961,
    0.1072961373390558,
    0.10193133047210301,
    0.10836909871244635,
    0.05472103004291846,
    0.08583690987124463,
    0.09120171673819742,
    0.07939914163090128,
    0.09012875536480687
  ],
  "val_fnr": [
    0.043689320388349516,
    0.016181229773462782,
    0.06957928802588997,
    0.08576051779935275,
    0.06472491909385113,
    0.11974110032362459,
    0.07119741100323625,
    0.05663430420711974,
    0.05501618122977346,
    0.0825242718446602,
    0.0825242718446602,
    0.019417475728155338,
    0.061488673139158574,
    0.040453074433656956,
    0.09223300970873786,
    0.1262135922330097,
    0.05177993527508091,
    0.040453074433656956,
    0.02912621359223301,
    0.040453074433656956,
    0.06310679611650485,
    0.05825242718446602,
    0.06472491909385113,
    0.08090614886731391,
    0.02750809061488673,
    0.0825242718446602,
    0.07605177993527508,
    0.06796116504854369,
    0.06957928802588997,
    0.04854368932038835
  ],
  "train_bce_loss": [
    0.8337517752192579,
    0.7692461107717589,
    0.7129492536017432,
    0.6473382403822817,
    0.6283785503085498,
    0.5902045182614631,
    0.5020796319477788,
    0.4858622355340992,
    0.43929388377627615,
    0.4043525067846441,
    0.3695194907400923,
    0.35767024554836174,
    0.3417565226607987,
    0.32254185311747335,
    0.2982361188977466,
    0.2892108220472907,
    0.29541859720816055,
    0.2609020194620362,
    0.2555796945464197,
    0.25518251370837974,
    0.24035619458863183,
    0.24124453439994722,
    0.2227537678414398,
    0.21163287860274532,
    0.19423484344168773,
    0.1960544589960841,
    0.19453734107934556,
    0.1813430872031319,
    0.17696920518374312,
    0.1521556805994381
  ],
  "val_bce_loss": [
    0.4886330552557393,
    0.2977778200349472,
    0.5534002492746827,
    1.3694997998331235,
    0.6338194754693512,
    0.8575118501206505,
    0.7092858751562143,
    0.4444300478837049,
    0.46075692411186625,
    0.5001083480271068,
    0.6422394782973115,
    0.5143004512370256,
    0.6100311190256108,
    0.4792528486306535,
    0.5066540668798387,
    0.827961646750928,
    0.815375991096693,
    0.3937314261010212,
    0.44863097101199806,
    0.41849527537896564,
    0.639492816130501,
    0.5748100165065987,
    0.5726455904938609,
    0.8584027030892537,
    0.4873824749369111,
    1.0512711478150103,
    0.7116417845335871,
    0.6062812564474859,
    0.5461880797678514,
    0.5710485123218833
  ],