{
  "thresholds": [
    0.5,
    0.55,
    0.6,
    0.65,
    0.7
  ],
  "val_dice_by_threshold": {
    "0.50": 0.7701254206314732,
    "0.55": 0.771204505802937,
    "0.60": 0.7719137760114323,
    "0.65": 0.7727402256421961,
    "0.70": 0.7735503254681343
  },
  "best_threshold": 0.7,
  "best_val_dice": 0.7735503254681343
}