{
  "dice": 0.7766657718553218,
  "hd95_mean": 20.18848991394043,
  "hd95_median": 7.6157732009887695,
  "hd95_count": 610,
  "fpr": 0.1882480957562568,
  "fnr": 0.03328050713153724,
  "selected_threshold": 0.5
}