{
  "selected_threshold": 0.7,
  "dice": 0.7801067755216653,
  "hd95_median": 7.1899919509887695,
  "fnr": 0.039619651347068144,
  "fpr": 0.17410228509249184
}