{
  "dice": 0.7766657718553218,
  "hd95_mean": 19.013639450073242,
  "hd95_median": 7.1899919509887695,
  "hd95_count": 606,
  "fpr": 0.17410228509249184,
  "fnr": 0.039619651347068144
}