{
  "train_loss": [
    1.0283792591069665,
    0.7919909274530926,
    0.6985452730410002,
    0.6206649528826049,
    0.5732447980045468,
    0.5459225734681771,
    0.5296732951038318,
    0.5068674384670422,
    0.48665099063722783,
    0.475629859807028,
    0.4686170282125289,
    0.45521202503151065,
    0.45211628212172783,
    0.44264171265468405,
    0.42938727858161585,
    0.42238821622458894,
    0.4161956012766694,
    0.4119257465493955,
    0.40385110928333734,
    0.39689145012726496,
    0.3921597767301311,
    0.38406322468093745,
    0.3763094045447581,
    0.3756722375920233,
    0.3654355657105567,
    0.3610019081750432,
    0.3505761387912578,
    0.35251734487293906,
    0.3459717077364908,
    0.34334408206611017
  ],
  "train_dice": [
    0.663667824884768,
    0.7192549082246364,
    0.736050897466044,
    0.7536991176724963,
    0.7641359993577136,
    0.7716882286023128,
    0.7761840848103877,
    0.7814953694003837,
    0.785960941644283,
    0.7902550818716704,
    0.7935092782514891,
    0.7973891041072287,
    0.7988611987533055,
    0.8007632326176498,
    0.8052797364274137,
    0.807171753820564,
    0.8095391171814863,
    0.812170147891498,
    0.8138590881057539,
    0.8168660105863804,
    0.8193148474973518,
    0.8212347652199519,
    0.8238356399159865,
    0.8248860219972022,
    0.8287924949586308,
    0.830237000086165,
    0.8340730499639805,
    0.8340705075006248,
    0.8372621233783605,
    0.8379985215877577
  ],
  "train_fpr": [
    0.368840786100826,
    0.2964545066211021,
    0.2982630979498861,
    0.28776875978926386,
    0.26213868717072475,
    0.26484408372490387,
    0.2632778015093265,
    0.25558877972376476,
    0.26551822323462415,
    0.2627456565081173,
    0.24277374341449523,
    0.25135289091426943,
    0.25028473804100226,
    0.2497152619589977,
    0.24875409369215434,
    0.23604783599088838,
    0.2490388722768048,
    0.2460136674259681,
    0.23516014234875446,
    0.23679339313683612,
    0.23878684322938915,
    0.2315579606949587,
    0.22967392852057525,
    0.23209454649010394,
    0.21458066353410224,
    0.21867881548974943,
    0.22821753986332574,
    0.22013384593478572,
    0.208997722095672,
    0.21301438131852485
  ],
  "train_fnr": [
    0.03975299112311849,
    0.030496043234896738,
    0.02895752895752896,
    0.027793862188766647,
    0.026442771665701602,
    0.02374059061957151,
    0.021617448369040726,
    0.021231422505307854,
    0.020077220077220077,
    0.01968351987649556,
    0.020459370777842115,
    0.01659590891547665,
    0.020077220077220077,
    0.018146718146718147,
    0.0187222543910442,
    0.016602316602316602,
    0.017757189731712024,
    0.014092664092664093,
    0.016026259895732767,
    0.015055008685581933,
    0.01602007334491411,
    0.014473176379776149,
    0.014861995753715499,
    0.01679212507237985,
    0.01679212507237985,
    0.016602316602316602,
    0.013127413127413128,
    0.015441034549314805,
    0.014092664092664093,
    0.012738853503184714
  ],
  "val_loss": [
    2.1848159532176803,
    0.8590094550722345,
    0.8840116099414662,
    1.297935282700082,
    0.8336155053726968,
    1.6189838136278327,
    0.622000801724586,
    0.8775888536645476,
    1.7975760412182225,
    1.1737826856707576,
    1.147034108978391,
    0.7729765253189282,
    1.07241847032835,
    0.9846482102432822,
    1.0524873728213826,
    0.9140089127073261,
    1.218826492075567,
    1.0320952771141318,
    1.0513251199257,
    1.0751652715255393,
    1.172196766950636,
    1.561397392143551,
    0.8977022805699596,
    1.00461527624531,
    1.2533355999281603,
    0.937869668771059,
    0.9624848992821158,
    1.035902022678628,
    0.8703813954041555,
    0.9740197737502236
  ],
  "val_dice": [
    0.5411138207959463,
    0.7555197345980436,
    0.7636038638502783,
    0.7094530818978606,
    0.7718123627953932,
    0.6715105780144288,
    0.7645553308903927,
    0.7760361706535531,
    0.6599635508580085,
    0.7612312788155694,
    0.7604782868453973,
    0.7858679191384497,
    0.7547056868120476,
    0.7779415261286956,
    0.7452819775206241,
    0.7883942987487261,
    0.7693238629404976,
    0.7629952525187342,
    0.7728003286610642,
    0.7763822026911624,
    0.7497484625935384,
    0.7039834533160038,
    0.7876485854923259,
    0.7748184158888638,
    0.7744506448719576,
    0.7736621080046027,
    0.7888712184556741,
    0.7708850890146621,
    0.7978497834908019,
    0.7854493976201852
  ],
  "val_fpr": [
    0.07429245283018868,
    0.27004716981132076,
    0.2028301886792453,
    0.07665094339622641,
    0.1721698113207547,
    0.012971698113207548,
    0.2653301886792453,
    0.14268867924528303,
    0.0330188679245283,
    0.11202830188679246,
    0.08962264150943396,
    0.22287735849056603,
    0.1391509433962264,
    0.17570754716981132,
    0.060141509433962265,
    0.13089622641509435,
    0.1320754716981132,
    0.08962264150943396,
    0.10613207547169812,
    0.16391509433962265,
    0.14976415094339623,
    0.1214622641509434,
    0.16745283018867924,
    0.16273584905660377,
    0.11910377358490566,
    0.17570754716981132,
    0.16037735849056603,
    0.1580188679245283,
    0.18632075471698112,
    0.12617924528301888
  ],
  "val_fnr": [
    0.2022792022792023,
    0.03133903133903134,
    0.038461538461538464,
    0.0641025641025641,
    0.038461538461538464,
    0.12962962962962962,
    0.017094017094017096,
    0.038461538461538464,
    0.11823361823361823,
    0.045584045584045586,
    0.05270655270655271,
    0.019943019943019943,
    0.05270655270655271,
    0.03561253561253561,
    0.0811965811965812,
    0.04131054131054131,
    0.03418803418803419,
    0.05413105413105413,
    0.05128205128205128,
    0.039886039886039885,
    0.04700854700854701,
    0.09686609686609686,
    0.037037037037037035,
    0.042735042735042736,
    0.037037037037037035,
    0.037037037037037035,
    0.039886039886039885,
    0.04985754985754986,
    0.03276353276353276,
    0.04415954415954416
  ]
}