{
  "dice": 0.7568242312211878,
  "hd95_mean": 14.038154602050781,
  "hd95_median": 4.4721360206604,
  "hd95_count": 725,
  "fpr": 0.13476070528967254,
  "fnr": 0.041005291005291
}