{
  "thresholds": [
    0.5,
    0.55,
    0.6,
    0.65,
    0.7
  ],
  "val_dice_by_threshold": {
    "0.50": 0.7978497834908019,
    "0.55": 0.7980191361270527,
    "0.60": 0.798088507153667,
    "0.65": 0.7972378534240983,
    "0.70": 0.7968501594511956
  },
  "best_threshold": 0.6,
  "best_val_dice": 0.798088507153667
}