{
  "selected_threshold": 0.6,
  "dice": 0.7580508847164098,
  "hd95_median": 5.0,
  "fnr": 0.03835978835978836,
  "fpr": 0.14609571788413098
}