{
  "dice": 0.7092263822131396,
  "hd95_mean": 13.375996589660645,
  "hd95_median": 7.144535541534424,
  "hd95_count": 286,
  "fpr": 0.043859649122807015,
  "fnr": 0.10344827586206896
}