{
  "train_loss": [
    0.6155996543835756,
    0.4689942228837007,
    0.4107172889540894,
    0.382329033432573,
    0.363593440310555,
    0.34825280254648905,
    0.33917440197667825,
    0.32721290065779074,
    0.32412479981144776,
    0.31716061000643575,
    0.31057523698690587,
    0.29839405573812533,
    0.29615849673781464,
    0.2863759946150506,
    0.2925781529985123,
    0.3824434594983317,
    0.34011344721703807,
    0.3418390404013516,
    0.32212098458713573,
    0.3275538640739027,
    0.3300646919850504,
    0.31153088492510606,
    0.320364370624477,
    0.31920522887039604,
    0.30583517514294645,
    0.30233813080833577,
    0.302695135108282,
    0.3024194460017959,
    0.2955192544271426,
    0.2974196913670588
  ],
  "train_dice": [
    0.6409397807895661,
    0.6848043081438219,
    0.7193829992199313,
    0.7368038960253788,
    0.7480631632866422,
    0.7601588811790533,
    0.7648029975946996,
    0.7736883371604312,
    0.775765649620137,
    0.780067344902385,
    0.7840582783505727,
    0.7929895746786798,
    0.7926216282645917,
    0.800650861618759,
    0.798427098146713,
    0.7591866100859663,
    0.7774631822747844,
    0.7774227557448113,
    0.786114924898679,
    0.7843118246321524,
    0.7820225218254334,
    0.7895729002489157,
    0.7870979071925649,
    0.7891672955493833,
    0.795516937379849,
    0.7956066712425017,
    0.795655454418023,
    0.7953543452510462,
    0.7988079247506334,
    0.7994967012753619
  ],
  "train_fpr": [
    0.40690647482014386,
    0.34052964881980424,
    0.2428776978417266,
    0.23014959723820483,
    0.23223021582733813,
    0.2302158273381295,
    0.23194244604316547,
    0.23712230215827337,
    0.21848013816925735,
    0.2158273381294964,
    0.22705035971223023,
    0.2166906474820144,
    0.2362589928057554,
    0.2282671272308578,
    0.22525891829689298,
    0.07023603914795624,
    0.07196315486470926,
    0.06302158273381295,
    0.0814622913068509,
    0.0667818077144502,
    0.05266187050359712,
    0.06879677605066206,
    0.0535405872193437,
    0.05814622913068509,
    0.06330935251798561,
    0.05469199769717904,
    0.05697841726618705,
    0.05410071942446043,
    0.07366906474820144,
    0.05669064748201439
  ],
  "train_fnr": [
    0.06023194912083801,
    0.04824233358264772,
    0.05985783763561541,
    0.05089820359281437,
    0.05574261129816686,
    0.04339693228582117,
    0.04339693228582117,
    0.03778526000748223,
    0.043754674644727,
    0.04526748971193416,
    0.0411522633744856,
    0.03853348297792742,
    0.03591470258136925,
    0.034779356768885564,
    0.038922155688622756,
    0.09424083769633508,
    0.08414360508601346,
    0.08604564160119715,
    0.07255048616305161,
    0.08376963350785341,
    0.09240553684998129,
    0.07703814510097233,
    0.08601346297681377,
    0.08414360508601346,
    0.07557052001496446,
    0.0800299177262528,
    0.08080808080808081,
    0.08791619902731014,
    0.07669285447063225,
    0.07931163486719042
  ],
  "val_loss": [
    0.6470577804224232,
    0.4784545432612344,
    0.4388428313816048,
    0.379726051585066,
    0.628291394703549,
    0.3958422468205002,
    0.3643716345609458,
    0.3269854490358459,
    0.47491777616162456,
    0.3584462119774385,
    0.3339592212718253,
    0.3855510668670677,
    0.3989040361296746,
    0.3699675226840805,
    0.4407019745831615,
    0.43346705569549737,
    0.39889179122063423,
    0.37023906737478596,
    0.4067847108211685,
    0.37282987498293174,
    0.42188540144749753,
    0.3176893599746514,
    0.4946630530692965,
    0.3676446456014236,
    0.37311964728965086,
    0.41346956776384036,
    0.46734113812097006,
    0.5927900730077822,
    0.36642983363520715,
    0.32751193022098707
  ],
  "val_dice": [
    0.5107032542616741,
    0.6641315992244265,
    0.6929021176548887,
    0.7344476676428597,
    0.5621058429178953,
    0.7096960826659482,
    0.7365606022326827,
    0.7672375785815052,
    0.6599523156356951,
    0.7486493414448153,
    0.7640835085222798,
    0.731823799110228,
    0.711639449044057,
    0.7355594316885269,
    0.7327317706038875,
    0.7408135891659868,
    0.759561941420927,
    0.7513173964103995,
    0.7508112334173795,
    0.769357281346475,
    0.747886444728745,
    0.7802380778310586,
    0.7111738155707935,
    0.7559721296833407,
    0.7565747828515045,
    0.7468525542716477,
    0.7380406381098057,
    0.6988032936525485,
    0.7693853095130138,
    0.7813718686005936
  ],
  "val_fpr": [
    0.15898617511520738,
    0.44930875576036866,
    0.3317972350230415,
    0.22119815668202766,
    0.1912442396313364,
    0.1359447004608295,
    0.4423963133640553,
    0.1774193548387097,
    0.041474654377880185,
    0.059907834101382486,
    0.08986175115207373,
    0.020737327188940093,
    0.020737327188940093,
    0.1313364055299539,
    0.0,
    0.0,
    0.0,
    0.07373271889400922,
    0.004608294930875576,
    0.002304147465437788,
    0.002304147465437788,
    0.027649769585253458,
    0.0,
    0.002304147465437788,
    0.0,
    0.0,
    0.0,
    0.0,
    0.002304147465437788,
    0.03225806451612903
  ],
  "val_fnr": [
    0.17302052785923755,
    0.002932551319648094,
    0.017595307917888565,
    0.03225806451612903,
    0.17888563049853373,
    0.09090909090909091,
    0.011730205278592375,
    0.026392961876832845,
    0.13196480938416422,
    0.06744868035190615,
    0.07038123167155426,
    0.08797653958944282,
    0.10557184750733138,
    0.06744868035190615,
    0.13196480938416422,
    0.12903225806451613,
    0.0967741935483871,
    0.03225806451612903,
    0.0967741935483871,
    0.09090909090909091,
    0.11143695014662756,
    0.07038123167155426,
    0.1348973607038123,
    0.0967741935483871,
    0.093841642228739,
    0.11436950146627566,
    0.11730205278592376,
    0.17008797653958943,
    0.09970674486803519,
    0.08797653958944282
  ]
}