{
  "dice": 0.7772191735353504,
  "hd95_mean": 16.887332916259766,
  "hd95_median": 5.141941070556641,
  "hd95_count": 600,
  "fpr": 0.20021762785636563,
  "fnr": 0.0491283676703645,
  "selected_threshold": 0.5
}