{
  "selected_threshold": 0.5,
  "dice": 0.7772191735353504,
  "hd95_median": 5.141941070556641,
  "fnr": 0.0491283676703645,
  "fpr": 0.20021762785636563
}