{
  "train_loss": [
    0.4221296054994466,
    0.32308139079432,
    0.29679666405843136,
    0.2783542360503203,
    0.2657542675045918,
    0.257868126990744,
    0.2500952707239649,
    0.24195488593733275,
    0.23799280430705472,
    0.23096400118457272,
    0.22908302022137497,
    0.22542198563917812,
    0.2205963886978753,
    0.21827521308197223,
    0.2137084901311697,
    0.2109493142655433,
    0.20788041561057694,
    0.20580335255974636,
    0.20589703852321356,
    0.2049642389884239,
    0.20099924847241019,
    0.19925089675153082,
    0.19869153417466334,
    0.19474678880449375,
    0.19301441682249432,
    0.19155766012902425,
    0.1893344627878784,
    0.18868332142867247,
    0.18728997453636653,
    0.18634953729340026
  ],
  "train_dice": [
    0.6922525323757133,
    0.7238822997148453,
    0.7456128540604653,
    0.7605540293418908,
    0.771280999935279,
    0.7765778932055785,
    0.78299346560223,
    0.7893858331117027,
    0.79268481294186,
    0.7983869524417493,
    0.7996581271204366,
    0.8028410709846027,
    0.8067290798195139,
    0.8082885926068167,
    0.8122607243638056,
    0.8148232464751229,
    0.8172286904890574,
    0.8192171854478691,
    0.8187354848007271,
    0.8195145995991248,
    0.8231160341462614,
    0.8245923901129294,
    0.8247935401912446,
    0.8280718768336759,
    0.8298892484080725,
    0.8312203640647907,
    0.8329513159914479,
    0.8336860130319569,
    0.834738013634285,
    0.8354603132893871
  ],
  "train_fpr": [
    0.4023036943390926,
    0.3423714526552402,
    0.32125298496979915,
    0.3333801629671256,
    0.3168024726046642,
    0.31666198370328746,
    0.3103399831413318,
    0.3287440292216915,
    0.33099185164372014,
    0.3478505198089351,
    0.3459755583649389,
    0.323686428772127,
    0.32762011801067714,
    0.3123068277606069,
    0.29924135993256534,
    0.3353470075864007,
    0.3044394492835066,
    0.3288845181230683,
    0.3080921607193032,
    0.3307108738409666,
    0.34672660859792076,
    0.33478505198089353,
    0.33099185164372014,
    0.30584433829727453,
    0.3066872717055353,
    0.3446192750772689,
    0.3200337173363304,
    0.32649620679966285,
    0.3229386149740132,
    0.29867940432705814
  ],
  "train_fnr": [
    0.035788676387047906,
    0.042029534267322984,
    0.03692482484377959,
    0.03275274517228323,
    0.03218477849299508,
    0.03180613404013631,
    0.0340780007572889,
    0.028587656190836804,
    0.027073078379401743,
    0.024801211662249148,
    0.022533611058511645,
    0.027073078379401743,
    0.024043922756531617,
    0.023854600530102233,
    0.024611889435819764,
    0.021204089360090876,
    0.021772056039379022,
    0.021014767133661492,
    0.023854600530102233,
    0.021961378265808407,
    0.018742900416508897,
    0.019121544869367665,
    0.01817493373722075,
    0.021393411586520257,
    0.021393411586520257,
    0.015903067020068155,
    0.01836425596365013,
    0.01703900037864445,
    0.01723158492709714,
    0.01950018932222643
  ],
  "val_loss": [
    0.30651442169492105,
    0.26761814533555006,
    0.28898301647982066,
    0.29097036278616745,
    0.3021322146877888,
    0.2929680935562284,
    0.28424939000828364,
    0.2773319368814284,
    0.3050196415150966,
    0.2761677220677746,
    0.2720175000136676,
    0.25243748457119786,
    0.2804664411283668,
    0.29701105618554025,
    0.2608425108938927,
    0.2589393401198981,
    0.24618892043732515,
    0.26523340020847164,
    0.2895390978233714,
    0.2518546260851149,
    0.25634155519198154,
    0.2543036893920364,
    0.25748981643636926,
    0.2756590864780844,
    0.27179816436372145,
    0.24983693672265725,
    0.256193490316157,
    0.24551856638954103,
    0.3036162790730837,
    0.26144859687241345
  ],
  "val_dice": [
    0.7261975364560641,
    0.7615522994391596,
    0.7431408458217544,
    0.7403690756033371,
    0.7284352528745109,
    0.7369255646746786,
    0.7461866954233027,
    0.7564135014191029,
    0.7232254286414211,
    0.7557099151596861,
    0.7586416756752336,
    0.7751870042852407,
    0.7472791882249915,
    0.7324120586189444,
    0.7718007208140488,
    0.7685331197027538,
    0.779167426466749,
    0.7682916518680535,
    0.7399707486352681,
    0.7786159770319112,
    0.7734619828308766,
    0.7747278397113181,
    0.769267410510084,
    0.7552633190461251,
    0.7574451024008125,
    0.7788881681449591,
    0.7712853067226009,
    0.7816817720441757,
    0.7331582808258271,
    0.7687841360261333
  ],
  "val_fpr": [
    0.2371244635193133,
    0.24248927038626608,
    0.25,
    0.1459227467811159,
    0.06437768240343347,
    0.06437768240343347,
    0.18669527896995708,
    0.2371244635193133,
    0.14377682403433475,
    0.22746781115879827,
    0.17060085836909872,
    0.3465665236051502,
    0.27682403433476394,
    0.14699570815450644,
    0.3851931330472103,
    0.19957081545064378,
    0.2821888412017167,
    0.40450643776824036,
    0.16630901287553648,
    0.27145922746781115,
    0.27682403433476394,
    0.18562231759656653,
    0.2167381974248927,
    0.1630901287553648,
    0.25,
    0.23283261802575106,
    0.30257510729613735,
    0.20386266094420602,
    0.22210300429184548,
    0.2854077253218884
  ],
  "val_fnr": [
    0.07281553398058252,
    0.040453074433656956,
    0.06634304207119741,
    0.059870550161812294,
    0.10032362459546926,
    0.08090614886731391,
    0.05663430420711974,
    0.038834951456310676,
    0.09546925566343042,
    0.032362459546925564,
    0.045307443365695796,
    0.011326860841423949,
    0.05501618122977346,
    0.09546925566343042,
    0.012944983818770227,
    0.042071197411003236,
    0.009708737864077669,
    0.008090614886731391,
    0.0744336569579288,
    0.025889967637540454,
    0.012944983818770227,
    0.01779935275080906,
    0.03398058252427184,
    0.05339805825242718,
    0.038834951456310676,
    0.02750809061488673,
    0.022653721682847898,
    0.04692556634304207,
    0.08090614886731391,
    0.032362459546925564
  ],
  "train_bce_loss": [
    0.05965059437578545,
    0.04040217133688329,
    0.03686868700962572,
    0.033895025404513716,
    0.032454701623973285,
    0.030634994637980213,
    0.029293981120820815,
    0.028109864430099586,
    0.027148194793150556,
    0.025982356852214103,
    0.025593377520544563,
    0.025120074220004517,
    0.024234935009112456,
    0.023617983962534297,
    0.023272516398029616,
    0.022749150295950177,
    0.022266026592403388,
    0.02221529792455118,
    0.021948584738047738,
    0.02191503120164254,
    0.021455287535639044,
    0.021220141218970024,
    0.02108579753602726,
    0.020381442846042527,
    0.020394417482733244,
    0.020266360110586447,
    0.01996170081374833,
    0.01997550427449393,
    0.019753168906977366,
    0.01939792771425353
  ],
  "val_bce_loss": [
    0.026866539656753504,
    0.022640638641050856,
    0.028411429709774474,
    0.02803170974675301,
    0.03016294311969594,
    0.02885304702705633,
    0.028152208936789328,
    0.03208090838376515,
    0.02968504009195709,
    0.030172191290139646,
    0.02909769044747662,
    0.025843963876851114,
    0.02745148065315543,
    0.029072302515823076,
    0.030478751367488482,
    0.025750982548746137,
    0.02401514221950092,
    0.030998645960481408,
    0.02946467807838199,
    0.02845611729795523,
    0.028524883648755127,
    0.02732567439110261,
    0.026035007345377132,
    0.029025370005139942,
    0.028186342861781403,
    0.02691878044441294,
    0.027262323463831433,
    0.024990356927564288,
    0.03581080359838523,
    0.028833220609470155
  ],