{
  "dice": 0.7772191735353504,
  "hd95_mean": 16.271846771240234,
  "hd95_median": 5.0,
  "hd95_count": 596,
  "fpr": 0.1795429815016322,
  "fnr": 0.0554675118858954
}