{
  "thresholds": [
    0.5,
    0.55,
    0.6,
    0.65,
    0.7
  ],
  "val_dice_by_threshold": {
    "0.50": 0.7816817720441757,
    "0.55": 0.7807893595359858,
    "0.60": 0.7797665441330389,
    "0.65": 0.7786455802667681,
    "0.70": 0.7777953639650614
  },
  "best_threshold": 0.5,
  "best_val_dice": 0.7816817720441757
}