{
  "thresholds": [
    0.5,
    0.55,
    0.6,
    0.65,
    0.7
  ],
  "val_dice_by_threshold": {
    "0.50": 0.7999206490477119,
    "0.55": 0.7989526081914655,
    "0.60": 0.7983783847836229,
    "0.65": 0.7973433578609938,
    "0.70": 0.7958650445221986
  },
  "best_threshold": 0.5,
  "best_val_dice": 0.7999206490477119
}