{
  "dice": 0.7748268118951759,
  "hd95_mean": 17.371192932128906,
  "hd95_median": 6.128624439239502,
  "hd95_count": 605,
  "fpr": 0.2426550598476605,
  "fnr": 0.04120443740095087
}