{
  "selected_threshold": 0.5,
  "dice": 0.7748268118951759,
  "hd95_median": 6.375625133514404,
  "fnr": 0.02694136291600634,
  "fpr": 0.2883569096844396
}