{
  "dice": 0.7748268118951759,
  "hd95_mean": 18.18122673034668,
  "hd95_median": 6.375625133514404,
  "hd95_count": 614,
  "fpr": 0.2883569096844396,
  "fnr": 0.02694136291600634,
  "selected_threshold": 0.5
}