{
  "train_loss": [
    0.43033415727622015,
    0.31304288450596773,
    0.29327188482900624,
    0.2733169550450631,
    0.2585045094423727,
    0.2488645426964261,
    0.24170889543681146,
    0.233557601986874,
    0.22533560984453066,
    0.22483757445789712,
    0.21909199768253482,
    0.21264718910490524,
    0.21147761170585547,
    0.20745899955946945,
    0.20394296623662042,
    0.20634530112817348,
    0.20181618940169102,
    0.1964320447080753,
    0.19747485713828714,
    0.19185073366076533,
    0.19349701344647396,
    0.1895871632143542,
    0.187700516595954,
    0.1871930509629326,
    0.18484146883467897,
    0.1821095735509624,
    0.182528286337442,
    0.17742768775027096,
    0.17649576770930225,
    0.17418315286816172
  ],
  "train_dice": [
    0.683771848907006,
    0.7343484448574806,
    0.7490123990601145,
    0.7647590009761507,
    0.7754316585332744,
    0.7828577797831167,
    0.78776142142931,
    0.7948921835667989,
    0.802320445224781,
    0.8016899147552122,
    0.8069708410832807,
    0.8124807986591834,
    0.8132770486443227,
    0.8164408189300638,
    0.8195004346207438,
    0.817568269567684,
    0.8208116967525843,
    0.8260308905400419,
    0.8248000516445474,
    0.8296760596811794,
    0.8281415568333893,
    0.8318468064068161,
    0.8330786250649125,
    0.8334125966663231,
    0.835742114352458,
    0.8378488924400599,
    0.8373858696664375,
    0.8423855343836387,
    0.8431057228463191,
    0.8448668652955007
  ],
  "train_fpr": [
    0.4237145265524024,
    0.3468183733670459,
    0.32841691248770893,
    0.3061253161000281,
    0.29755549311604385,
    0.27016015734756954,
    0.2576566451250351,
    0.2804158471480753,
    0.27690362461365553,
    0.2613093565608317,
    0.2527395335768474,
    0.30158730158730157,
    0.2833661140769879,
    0.2776060691205395,
    0.3000842933408261,
    0.2516156223658331,
    0.2726889575723518,
    0.273212529849698,
    0.26692891261590335,
    0.28416912487708945,
    0.2746558021916269,
    0.30092722674908684,
    0.27883129653041155,
    0.30214917825537296,
    0.2646810901938747,
    0.28392806968249507,
    0.2707221129530767,
    0.2781680247260466,
    0.30387749367799943,
    0.27058162405169994
  ],
  "train_fnr": [
    0.03786444528587656,
    0.031622798712365084,
    0.03238023101685287,
    0.0297235895494131,
    0.0297235895494131,
    0.03653918970087088,
    0.03653918970087088,
    0.03464596743657705,
    0.03142748958727755,
    0.03104884513441878,
    0.028019689511548655,
    0.02158682067790191,
    0.024990533888678532,
    0.025369178341537298,
    0.01950018932222643,
    0.029344945096554335,
    0.023286633850814087,
    0.024048475667487218,
    0.021393411586520257,
    0.01893580761219466,
    0.023665278303672852,
    0.019121544869367665,
    0.021776178754023857,
    0.022533611058511645,
    0.021772056039379022,
    0.017985611510791366,
    0.021204089360090876,
    0.017985611510791366,
    0.01741764483150322,
    0.014956455887921242
  ],
  "val_loss": [
    0.26380843396410103,
    0.2702815398742659,
    0.36130853818012193,
    0.2938559765755696,
    0.27764386964606236,
    0.2886202624760882,
    0.24147918230242135,
    0.2695747470983506,
    0.2634502411955624,
    0.26953239852869976,
    0.2388468698740102,
    0.2472896414799887,
    0.2248398095345227,
    0.2477605976947978,
    0.2529012151605007,
    0.23405565824480215,
    0.24670230504426754,
    0.30171462961451473,
    0.24892523934202673,
    0.24304203613447237,
    0.236083749729935,
    0.2653573243275984,
    0.23977206625393968,
    0.27579611268581694,
    0.25492019951795636,
    0.2791513997374229,
    0.24051774585390506,
    0.22649387769479437,
    0.24170783751954636,
    0.25523780762220954
  ],
  "val_dice": [
    0.7711226455023373,
    0.7595196386865524,
    0.6783776704499251,
    0.738754074652845,
    0.7540175111837757,
    0.7385278348554781,
    0.7855309143204326,
    0.7561360450045577,
    0.7611148059488693,
    0.7605650707066638,
    0.7853889430128641,
    0.7786231032997659,
    0.7999206490477119,
    0.7800707574873488,
    0.774800027771868,
    0.789734813050159,
    0.7790516763322755,
    0.7307055642930821,
    0.7768208444431954,
    0.7826030785911099,
    0.7881806119914773,
    0.7628488682487733,
    0.7842954143664791,
    0.7534373116748811,
    0.7724250527550873,
    0.7506713682023091,
    0.7841450814549543,
    0.7966893195961285,
    0.781943089675315,
    0.7700636694087228
  ],
  "val_fpr": [
    0.2167381974248927,
    0.27253218884120173,
    0.08583690987124463,
    0.09763948497854077,
    0.27896995708154504,
    0.08369098712446352,
    0.1759656652360515,
    0.09120171673819742,
    0.16201716738197425,
    0.1148068669527897,
    0.2113733905579399,
    0.16201716738197425,
    0.2510729613733906,
    0.17489270386266095,
    0.1759656652360515,
    0.20600858369098712,
    0.1148068669527897,
    0.059012875536480686,
    0.14377682403433475,
    0.15128755364806867,
    0.19313304721030042,
    0.06330472103004292,
    0.16738197424892703,
    0.10193133047210301,
    0.1834763948497854,
    0.10407725321888411,
    0.148068669527897,
    0.22639484978540772,
    0.15343347639484978,
    0.08583690987124463
  ],
  "val_fnr": [
    0.061488673139158574,
    0.042071197411003236,
    0.09870550161812297,
    0.05177993527508091,
    0.06310679611650485,
    0.11003236245954692,
    0.025889967637540454,
    0.08576051779935275,
    0.08576051779935275,
    0.06310679611650485,
    0.05016181229773463,
    0.05501618122977346,
    0.024271844660194174,
    0.05501618122977346,
    0.040453074433656956,
    0.04854368932038835,
    0.05825242718446602,
    0.10517799352750809,
    0.043689320388349516,
    0.059870550161812294,
    0.045307443365695796,
    0.07281553398058252,
    0.059870550161812294,
    0.08090614886731391,
    0.061488673139158574,
    0.07605177993527508,
    0.05825242718446602,
    0.05177993527508091,
    0.04854368932038835,
    0.0825242718446602
  ],
  "train_bce_loss": [
    0.05725308049881277,
    0.039642349950275664,
    0.036422791976609734,
    0.03306680847262535,
    0.030045328416102933,
    0.028389543034881358,
    0.02692112943214924,
    0.02564977103191317,
    0.024969096575008374,
    0.02447017037233321,
    0.02398713279698007,
    0.023000765153483715,
    0.02297965496455335,
    0.022327912803939434,
    0.021956654805836508,
    0.022285858723856876,
    0.02143418761228764,
    0.021017015961282234,
    0.021131754414852325,
    0.020329583951048454,
    0.020515220862631155,
    0.020246642985142293,
    0.01985237134333896,
    0.01965956145289386,
    0.01959376305344134,
    0.019408908753771076,
    0.01912865813855526,
    0.018985426466288542,
    0.01873489862084046,
    0.01841944298173338
  ],
  "val_bce_loss": [
    0.020386112055836944,
    0.022670201940695953,
    0.03819559636598522,
    0.029831256099999582,
    0.029872373511596932,
    0.02523980034031328,
    0.022827310410488705,
    0.023978976316186434,
    0.024308654977320272,
    0.028277840422357894,
    0.023226871592701717,
    0.024889527313088362,
    0.01892961860592191,
    0.026065861109100148,
    0.02717107700893782,
    0.022341218383133774,
    0.024574366482641566,
    0.03182463592807853,
    0.025555898235737073,
    0.024288969397549383,
    0.023767225834981632,
    0.027657252040793962,
    0.024078828333326974,
    0.029229985055775332,
    0.02766347626318536,
    0.02985431638622203,
    0.02433896117729156,
    0.023165196632159404,
    0.022865242711172296,
    0.025287497166137686
  ],