{
  "train_loss": [
    1.0726909938713778,
    0.8679053770570919,
    0.7481950275443573,
    0.709560608644893,
    0.6407027864183622,
    0.6146332453335935,
    0.5761267647029891,
    0.542566063163196,
    0.5303292152188395,
    0.4981188080001293,
    0.4835304242560174,
    0.4751554686629187,
    0.4610293135619436,
    0.44592329176810236,
    0.42926176699126944,
    0.4287896129055538,
    0.4157666863072133,
    0.40756960670188674,
    0.3930956949556674,
    0.3895002746091656,
    0.3756712524491227,
    0.3714652447298035,
    0.3649438212219363,
    0.3530040312023635,
    0.35293658936991057,
    0.34399158337238667,
    0.3401401581723003,
    0.3295304820254289,
    0.329895514307189,
    0.31978961091622643
  ],
  "train_dice": [
    0.5770514053542486,
    0.643785454460905,
    0.6644489784012294,
    0.680929571942972,
    0.6928763448549058,
    0.7009599072983659,
    0.7084128729260953,
    0.7164698145569601,
    0.723177412310315,
    0.7265388010636271,
    0.7317311433163113,
    0.73532131102592,
    0.7383505442969339,
    0.7450124881820837,
    0.7486554775751828,
    0.750861900171434,
    0.7567613602079981,
    0.7586998845099066,
    0.7628687886066816,
    0.7665829599491667,
    0.7725703014413242,
    0.7751994864289778,
    0.7751032855449667,
    0.7785181297425486,
    0.7818309181527622,
    0.7840198751861359,
    0.7891588703820145,
    0.7911806994182724,
    0.7941516123351123,
    0.797193956388509
  ],
  "train_fpr": [
    0.5351075877689694,
    0.40529445073612685,
    0.3682049830124575,
    0.3513590033975085,
    0.32842582106455265,
    0.3305492638731597,
    0.33904303510758776,
    0.3505096262740657,
    0.35532276330690826,
    0.36877123442808607,
    0.36409966024915064,
    0.369762174405436,
    0.3738674971687429,
    0.3769818799546999,
    0.37967157417893543,
    0.36763873159682897,
    0.36296715741789354,
    0.3948187995469989,
    0.3742921857304643,
    0.34980181200453003,
    0.3706115515288788,
    0.36367497168742924,
    0.3509343148357871,
    0.34668742921857304,
    0.34470554926387315,
    0.329841449603624,
    0.32757644394110985,
    0.3400339750849377,
    0.3261608154020385,
    0.3171007927519819
  ],
  "train_fnr": [
    0.021739130434782608,
    0.02586206896551724,
    0.02923538230884558,
    0.029610194902548726,
    0.027361319340329836,
    0.024737631184407798,
    0.02230134932533733,
    0.019490254872563718,
    0.020614692653673165,
    0.018928035982008994,
    0.01686656671664168,
    0.01555472263868066,
    0.015367316341829085,
    0.015929535232383808,
    0.01461769115442279,
    0.01555472263868066,
    0.013118440779610194,
    0.012556221889055473,
    0.011431784107946028,
    0.009745127436281859,
    0.01068215892053973,
    0.009932533733133433,
    0.011619190404797601,
    0.010119940029985007,
    0.011056971514242878,
    0.009370314842578711,
    0.007308845577211395,
    0.009557721139430285,
    0.009745127436281859,
    0.008995502248875561
  ],
  "val_loss": [
    1.5062004147985892,
    2.0177996659881114,
    3.2038063541342563,
    1.8029618966455445,
    1.4553203977655513,
    1.7407149847646701,
    1.4966247894013796,
    1.5892418919997442,
    1.870246665139875,
    2.1437164956889214,
    1.5646636182716307,
    1.91900009283295,
    1.7649101170795634,
    1.8349433494579561,
    2.6053620906986774,
    1.8347664297756257,
    2.153344883573799,
    2.0332312737916767,
    2.4960666605856763,
    1.6804406822591267,
    2.1287587475291776,
    2.5789319034804206,
    2.1681153719184745,
    2.1390487824914004,
    2.437714885549418,
    2.2010033114648593,
    2.4109795236016276,
    2.3607762926444966,
    1.6607809391033241,
    2.0502388238364397
  ],
  "val_dice": [
    0.5113522100281718,
    0.6260759230290732,
    0.6322841057816816,
    0.6835596520857772,
    0.6581187357892175,
    0.6195136361228188,
    0.662431848306004,
    0.6741617311291773,
    0.7039557292692109,
    0.6878118657328487,
    0.6966504780257351,
    0.7063933245250942,
    0.7122238031117125,
    0.7063483709903963,
    0.6784310968479288,
    0.7005730474272253,
    0.7008584875414179,
    0.7101196776964822,
    0.6652694639942178,
    0.7144666327935758,
    0.6951375350444841,
    0.7093752598318024,
    0.7161698374249605,
    0.7017227957429251,
    0.7114380818333638,
    0.7069913647448945,
    0.6698323671953728,
    0.7168189972517306,
    0.7274016570950267,
    0.7201230130898718
  ],
  "val_fpr": [
    0.4766248574686431,
    0.18586088939566706,
    0.1459521094640821,
    0.19270239452679588,
    0.35347776510832385,
    0.36830102622576966,
    0.2633979475484607,
    0.338654503990878,
    0.22576966932725198,
    0.15963511972633979,
    0.3204104903078677,
    0.20524515393386544,
    0.24743443557582667,
    0.3169897377423033,
    0.09920182440136831,
    0.38540478905359177,
    0.2451539338654504,
    0.39110604332953247,
    0.1265678449258837,
    0.27366020524515394,
    0.322690992018244,
    0.2976054732041049,
    0.36259977194982895,
    0.17559863169897377,
    0.1619156214367161,
    0.33751425313568983,
    0.27708095781071834,
    0.2348916761687571,
    0.3603192702394527,
    0.1904218928164196
  ],
  "val_fnr": [
    0.03268945022288262,
    0.06835066864784546,
    0.09955423476968796,
    0.04309063893016345,
    0.01188707280832095,
    0.05200594353640416,
    0.041604754829123326,
    0.022288261515601784,
    0.06092124814264487,
    0.07280832095096583,
    0.04011887072808321,
    0.05943536404160475,
    0.04457652303120357,
    0.06537890044576523,
    0.12184249628528974,
    0.06983655274888559,
    0.09658246656760773,
    0.04606240713224369,
    0.1337295690936107,
    0.02674591381872214,
    0.06835066864784546,
    0.07429420505200594,
    0.03566121842496285,
    0.07578008915304606,
    0.08172362555720654,
    0.031203566121842496,
    0.07578008915304606,
    0.05200594353640416,
    0.031203566121842496,
    0.06835066864784546
  ],
  "train_bce_loss": [
    0.5708496199101852,
    0.4735126246729966,
    0.3795465587423116,
    0.3602261901631528,
    0.3031101654163447,
    0.28671612300377025,
    0.25558019275280053,
    0.23160263501070866,
    0.2264709617452388,
    0.1990276778978505,
    0.1897281603224005,
    0.18628501164679526,
    0.17601618202268096,
    0.16766292485295037,
    0.15536872664678736,
    0.15764011760253016,
    0.15106854277399034,
    0.14488607425739392,
    0.13603422203754156,
    0.13579883936888082,
    0.12929521277942205,
    0.1283197860725938,
    0.12246950208686373,
    0.11462808559815636,
    0.11775666232250674,
    0.11158120489898843,
    0.1128748188998836,
    0.10449534866588754,
    0.10828349932105276,
    0.10172048607965753
  ],
  "val_bce_loss": [
    0.9699000366956527,
    1.6247381381687043,
    2.8150058889645324,
    1.4567507267694362,
    1.0785115354204549,
    1.331864244333312,
    1.132566606674349,
    1.2307668846134472,
    1.5512217205356154,
    1.81665817413093,
    1.2396836850901494,
    1.6080306179027168,
    1.4518519038397453,
    1.524363154616348,
    2.2721043218143095,
    1.5195575679657929,
    1.8378781149046908,
    1.725286296458277,
    2.1529133972410186,
    1.3820211852137498,
    1.8105694316666612,
    2.2769506238248716,
    1.872349780752949,
    1.8361713619682007,
    2.142030969177709,
    1.8982589509830095,
    2.0745039754669996,
    2.0656406611329037,
    1.3766844910344616,
    1.7599499247923913
  ],