{
  "thresholds": [
    0.5,
    0.55,
    0.6,
    0.65,
    0.7
  ],
  "val_dice_by_threshold": {
    "0.50": 0.7274016570950267,
    "0.55": 0.7288180852425111,
    "0.60": 0.7303808055939859,
    "0.65": 0.7317513939806912,
    "0.70": 0.7327726551851903
  },
  "best_threshold": 0.7,
  "best_val_dice": 0.7327726551851903
}