{
  "selected_threshold": 0.7,
  "dice": 0.7730758968979757,
  "hd95_median": 7.071067810058594,
  "fnr": 0.0106951871657754,
  "fpr": 0.24688279301745636
}