{
  "dice": 0.7560553886046145,
  "hd95_mean": 19.25535774230957,
  "hd95_median": 8.062257766723633,
  "hd95_count": 741,
  "fpr": 0.2743142144638404,
  "fnr": 0.009358288770053475,
  "selected_threshold": 0.5
}