{
  "dice": 0.7560553886046145,
  "hd95_mean": 17.305889129638672,
  "hd95_median": 7.071067810058594,
  "hd95_count": 740,
  "fpr": 0.24688279301745636,
  "fnr": 0.0106951871657754
}