{
  "train_loss": [
    0.5307080659962404,
    0.373439791896985,
    0.3631017871899269,
    0.32457038634940816,
    0.3032758440376554,
    0.28945399953711365,
    0.2776012220682999,
    0.2686641087056198,
    0.2593021772937012,
    0.2548115155663099,
    0.2483052078821253,
    0.24250292013940541,
    0.2365426708412654,
    0.23225238541783397,
    0.22821850114047149,
    0.23038566441773767,
    0.2962326072421128,
    0.27010764408906784,
    0.26319990322004977,
    0.2733252902926909,
    0.2617906111543751,
    0.2560672226107236,
    0.25667247853312214,
    0.25522983039276703,
    0.2543807857834979,
    0.2460209652976528,
    0.2439469877245962,
    0.23497644367870904,
    0.23266147803961004,
    0.23184098944655865
  ],
  "train_dice": [
    0.6472260586791537,
    0.6874669280591823,
    0.6943026060443003,
    0.7259671997765488,
    0.7447452467250468,
    0.7543157133726207,
    0.7647267610678367,
    0.7702863344472674,
    0.7781739042327922,
    0.781561235639858,
    0.7867600084942711,
    0.7903639415617567,
    0.7960710543965003,
    0.7990616524078142,
    0.8029888593114595,
    0.8020370315024428,
    0.7553061768189686,
    0.7737217855464915,
    0.7780060692614706,
    0.7685052283914869,
    0.7776260617049481,
    0.7832706805995919,
    0.7814318444231552,
    0.7820610493990173,
    0.7830127843028031,
    0.7885572760886246,
    0.791486673825403,
    0.7975440365258847,
    0.7989335948087292,
    0.7996092043878342
  ],
  "train_fpr": [
    0.4542314335060449,
    0.4779856115107914,
    0.4627338129496403,
    0.41076568796776053,
    0.3955094991364421,
    0.40040299366724236,
    0.39654676258992805,
    0.3814047207829591,
    0.362118595279217,
    0.35895221646516984,
    0.36949640287769786,
    0.37823834196891193,
    0.35607369027058144,
    0.3658606793321819,
    0.358664363845711,
    0.3579856115107914,
    0.09585492227979274,
    0.09527921704087507,
    0.08086330935251798,
    0.07743235463442717,
    0.08230215827338129,
    0.08402877697841726,
    0.07512953367875648,
    0.06820143884892087,
    0.06563039723661486,
    0.08376511226252159,
    0.08031088082901554,
    0.08318940702360392,
    0.08520437535981577,
    0.0892343120322395
  ],
  "train_fnr": [
    0.04487658937920718,
    0.024691358024691357,
    0.025813692480359147,
    0.02468212415856395,
    0.027673896783844427,
    0.02468212415856395,
    0.024317246539468762,
    0.029543754674644727,
    0.02916978309648467,
    0.027673896783844427,
    0.024317246539468762,
    0.025430067314884067,
    0.02580403889304413,
    0.02281226626776365,
    0.02393418100224383,
    0.024317246539468762,
    0.09723261032161555,
    0.08788332086761406,
    0.08305274971941638,
    0.09573672400897532,
    0.08716797605686495,
    0.08567153011597456,
    0.0912490650710546,
    0.0916573138795361,
    0.09087509349289453,
    0.07778608825729244,
    0.07516828721017203,
    0.07142857142857142,
    0.07778608825729244,
    0.07329842931937172
  ],
  "val_loss": [
    0.40423758030811713,
    0.38949986636813433,
    0.38934159051637846,
    0.36677430884754203,
    0.2939830704474729,
    0.32147920669173913,
    0.3132551618772518,
    0.32754875304412284,
    0.27958003813919785,
    0.24042101597681073,
    0.2663227436392188,
    0.2701231762548346,
    0.25153447923597355,
    0.268306044386454,
    0.2825782305159527,
    0.26687242925341875,
    0.3297559159679497,
    0.27164424951475036,
    0.2687905788246837,
    0.35562669562279653,
    0.2696480219227827,
    0.2608625493353763,
    0.30832725085995416,
    0.2753338615390912,
    0.3144777524244051,
    0.3291712272639149,
    0.2914127546234215,
    0.2680152895426121,
    0.3040906433398423,
    0.274337729794189
  ],
  "val_dice": [
    0.6592330059085774,
    0.6652158226413636,
    0.6605091807391505,
    0.6902540445961386,
    0.7390096150666388,
    0.7131596204013594,
    0.7230426585656806,
    0.70946431233168,
    0.7528859232729874,
    0.7918810798538046,
    0.7672978341579437,
    0.7613576009563686,
    0.7775638019966502,
    0.7618512466954084,
    0.7566649234495904,
    0.7751221101201219,
    0.7320726013952686,
    0.7661003320562568,
    0.7712539378499006,
    0.7125036090699808,
    0.7681605085031378,
    0.7747571475618134,
    0.7466766804544107,
    0.7660066422916227,
    0.7351344858796016,
    0.7445500648615997,
    0.7516006704998855,
    0.7742753902401043,
    0.7495074133194787,
    0.7732852182823542
  ],
  "val_fpr": [
    0.4815668202764977,
    0.43317972350230416,
    0.45852534562211983,
    0.46774193548387094,
    0.12903225806451613,
    0.12672811059907835,
    0.21428571428571427,
    0.12442396313364056,
    0.12903225806451613,
    0.3248847926267281,
    0.3317972350230415,
    0.08294930875576037,
    0.25806451612903225,
    0.1935483870967742,
    0.1336405529953917,
    0.052995391705069124,
    0.018433179723502304,
    0.016129032258064516,
    0.0,
    0.002304147465437788,
    0.02534562211981567,
    0.01152073732718894,
    0.002304147465437788,
    0.0,
    0.0,
    0.0069124423963133645,
    0.002304147465437788,
    0.01152073732718894,
    0.020737327188940093,
    0.016129032258064516
  ],
  "val_fnr": [
    0.008797653958944282,
    0.01466275659824047,
    0.011730205278592375,
    0.005865102639296188,
    0.04985337243401759,
    0.06744868035190615,
    0.04398826979472141,
    0.1348973607038123,
    0.07624633431085044,
    0.017595307917888565,
    0.026392961876832845,
    0.09090909090909091,
    0.06158357771260997,
    0.08797653958944282,
    0.07038123167155426,
    0.08504398826979472,
    0.15835777126099707,
    0.08797653958944282,
    0.11730205278592376,
    0.1348973607038123,
    0.08797653958944282,
    0.10263929618768329,
    0.1348973607038123,
    0.11730205278592376,
    0.1348973607038123,
    0.12023460410557185,
    0.12609970674486803,
    0.093841642228739,
    0.11436950146627566,
    0.0967741935483871
  ]
}