{
  "dice": 0.7068162363571433,
  "hd95_mean": 21.52494239807129,
  "hd95_median": 10.996469497680664,
  "hd95_count": 312,
  "fpr": 0.3706140350877193,
  "fnr": 0.0219435736677116
}