{
  "dice": 0.7733603289982572,
  "hd95_mean": 17.174560546875,
  "hd95_median": 5.385164737701416,
  "hd95_count": 607,
  "fpr": 0.22742110990206746,
  "fnr": 0.03803486529318542,
  "selected_threshold": 0.5
}