{
  "thresholds": [
    0.5,
    0.55,
    0.6,
    0.65,
    0.7
  ],
  "val_dice_by_threshold": {
    "0.50": 0.7757903291907126,
    "0.55": 0.7750073118273977,
    "0.60": 0.7739679046324831,
    "0.65": 0.7729719431353522,
    "0.70": 0.7724912013002584
  },
  "best_threshold": 0.5,
  "best_val_dice": 0.7757903291907126
}