{
  "selected_threshold": 0.5,
  "dice": 0.7733603289982572,
  "hd95_median": 5.385164737701416,
  "fnr": 0.03803486529318542,
  "fpr": 0.22742110990206746
}