{
  "train_loss": [
    0.4237111099325353,
    0.3154282838364288,
    0.29509216578967573,
    0.27783223561130094,
    0.2666158761990647,
    0.25831264493946765,
    0.2560021947982585,
    0.24181818763261032,
    0.2406541510185016,
    0.23147423206981932,
    0.22781253578128988,
    0.22316065322204334,
    0.21911974224557804,
    0.2148516703060617,
    0.21328503289462739,
    0.20834410543433987,
    0.2067857181395248,
    0.2030886727748795,
    0.20190861064373647,
    0.20152824315965734,
    0.1952664970158642,
    0.19604296987683756,
    0.19515022556874048,
    0.19207423896976986,
    0.18835076858123445,
    0.18617533624986105,
    0.18581375907609343,
    0.18484141326917422,
    0.18614421255358904,
    0.18249503819346682
  ],
  "train_dice": [
    0.6895752937988482,
    0.7302106893412446,
    0.7439869971812911,
    0.7572646737693774,
    0.7662194294341731,
    0.7729463581895383,
    0.7741409889171983,
    0.7868006598522279,
    0.7874416313867184,
    0.794965345832443,
    0.7984339991767211,
    0.8016200797764224,
    0.8054058207925416,
    0.8090519142424951,
    0.8101825391703039,
    0.814393138499745,
    0.8158748778950956,
    0.8192929778139106,
    0.8204032966595732,
    0.8207588080584436,
    0.8260119214515734,
    0.8251223868024999,
    0.8257031324823817,
    0.8287588765610021,
    0.8320420293834513,
    0.8338258361055267,
    0.8339135562085935,
    0.8350525561985318,
    0.8337214764962747,
    0.8365788098194752
  ],
  "train_fpr": [
    0.3985110268296109,
    0.32115762854734475,
    0.26871751650512715,
    0.2662264681090194,
    0.24290531048047204,
    0.26229277887046926,
    0.24866535543692048,
    0.2607474009553245,
    0.25217757797134027,
    0.2694577128406856,
    0.28501193987919654,
    0.2961506041022759,
    0.2864568699072773,
    0.29713402641191344,
    0.2916549592582186,
    0.30247260466423154,
    0.29558864849676875,
    0.2996628266366957,
    0.3079516718179264,
    0.29263838156785615,
    0.2936218038774937,
    0.28772127001966846,
    0.28729980331553806,
    0.2743748243888733,
    0.2950266928912616,
    0.30387749367799943,
    0.28940713683618996,
    0.3076706940151728,
    0.3031324624244978,
    0.2965720708064063
  ],
  "train_fnr": [
    0.03654610869153569,
    0.03937902309731162,
    0.048286309411096386,
    0.045437334343051874,
    0.044112078758046194,
    0.04051495645588792,
    0.043544112078758045,
    0.03332071185157137,
    0.03597122302158273,
    0.03199545626656569,
    0.025184624124218898,
    0.02631578947368421,
    0.02764104505868989,
    0.024422567209390383,
    0.026126467247254828,
    0.02631578947368421,
    0.024233244982961,
    0.021961378265808407,
    0.0176069670579326,
    0.022340022718667172,
    0.021014767133661492,
    0.024611889435819764,
    0.023665278303672852,
    0.021014767133661492,
    0.01703900037864445,
    0.01836425596365013,
    0.02158273381294964,
    0.01950018932222643,
    0.01723158492709714,
    0.017796289284361985
  ],
  "val_loss": [
    0.31057987183718233,
    0.29346146927634104,
    0.3405173211162578,
    0.26592244260905246,
    0.2986338165856922,
    0.3002359756060596,
    0.2814028940576469,
    0.267568777734263,
    0.29536629249688395,
    0.3137332364422507,
    0.27937553326891656,
    0.27370675052380533,
    0.26453074152976225,
    0.2841555781385177,
    0.2695811305264415,
    0.27727087291897934,
    0.2634829830070867,
    0.266737819950678,
    0.2760082426417655,
    0.26030990482130145,
    0.2763477298189979,
    0.28624689854639296,
    0.2549316487712092,
    0.25975605324332673,
    0.26254598993331824,
    0.2506530541824147,
    0.2708978840454352,
    0.25428616685015193,
    0.277866533344075,
    0.2521811226461215
  ],
  "val_dice": [
    0.7273278959445101,
    0.733486659607841,
    0.6867885760372221,
    0.7634582744374823,
    0.7266773599016098,
    0.7274980434973071,
    0.7438235170174764,
    0.7606198594085631,
    0.733905938545899,
    0.714482316400699,
    0.7481705125565957,
    0.7505840859632084,
    0.7619700563052808,
    0.7490829625031323,
    0.7544309866891927,
    0.75080849464175,
    0.7635545816866253,
    0.7643293653114497,
    0.7522772473063091,
    0.7677831061540057,
    0.7528234285040243,
    0.7428887007007539,
    0.7719231543845488,
    0.766761644173739,
    0.7665243547102346,
    0.7757903291907126,
    0.7602686289227704,
    0.7739604052855455,
    0.755367820202388,
    0.7740613391930328
  ],
  "val_fpr": [
    0.26502145922746784,
    0.12017167381974249,
    0.08690987124463519,
    0.2575107296137339,
    0.046137339055793994,
    0.030042918454935622,
    0.1072961373390558,
    0.2113733905579399,
    0.1834763948497854,
    0.08476394849785408,
    0.1405579399141631,
    0.08369098712446352,
    0.24034334763948498,
    0.22639484978540772,
    0.19206008583690987,
    0.10407725321888411,
    0.3444206008583691,
    0.39914163090128757,
    0.1072961373390558,
    0.3315450643776824,
    0.2478540772532189,
    0.10407725321888411,
    0.21566523605150215,
    0.17381974248927037,
    0.36373390557939916,
    0.2167381974248927,
    0.26931330472103004,
    0.2575107296137339,
    0.21244635193133046,
    0.40665236051502146
  ],
  "val_fnr": [
    0.040453074433656956,
    0.11165048543689321,
    0.11650485436893204,
    0.05177993527508091,
    0.11812297734627832,
    0.10841423948220065,
    0.06957928802588997,
    0.0372168284789644,
    0.04854368932038835,
    0.10517799352750809,
    0.07281553398058252,
    0.07605177993527508,
    0.025889967637540454,
    0.05501618122977346,
    0.05825242718446602,
    0.06957928802588997,
    0.014563106796116505,
    0.0048543689320388345,
    0.06957928802588997,
    0.009708737864077669,
    0.06634304207119741,
    0.07928802588996764,
    0.02750809061488673,
    0.042071197411003236,
    0.011326860841423949,
    0.043689320388349516,
    0.0372168284789644,
    0.040453074433656956,
    0.024271844660194174,
    0.025889967637540454
  ],
  "train_bce_loss": [
    0.05992636675334578,
    0.040841961868886056,
    0.03607743729803147,
    0.032843752055050184,
    0.030667606196303106,
    0.02946926025353208,
    0.028626505152319223,
    0.026904470323122487,
    0.026612426900025365,
    0.0251550656051903,
    0.025181211607391042,
    0.023886541953492067,
    0.02373115904671382,
    0.023086816083522563,
    0.022673598170469208,
    0.02218708319016279,
    0.02182495350729281,
    0.021802621458413038,
    0.02168850026243615,
    0.021693078630145926,
    0.020797165236073605,
    0.020661022560529364,
    0.02051539477295575,
    0.02041811481764162,
    0.01996535103745486,
    0.01977131022327283,
    0.01955279501064809,
    0.01964002631985236,
    0.019476114505514574,
    0.019063337903571252
  ],
  "val_bce_loss": [
    0.0322136205999131,
    0.02583586794410306,
    0.028529570812267525,
    0.025336537067288636,
    0.02621972537218046,
    0.028804748520037705,
    0.024562803158573475,
    0.02710051440056843,
    0.028796473336986244,
    0.02954060215766513,
    0.028571314319028613,
    0.025079431593925602,
    0.02734763673508561,
    0.0341339150208582,
    0.0249732841299033,
    0.028486422551863656,
    0.027674204943271,
    0.03032815241620124,
    0.028681439671286422,
    0.0285507288781593,
    0.02975099236626422,
    0.030744402427403377,
    0.027450052483267644,
    0.02675106527353863,
    0.0283762942672301,
    0.02597255494631488,
    0.031660927941411975,
    0.027709383261408867,
    0.03323564755852398,
    0.026265893621550282
  ],