{
  "dice": 0.7733603289982572,
  "hd95_mean": 16.831602096557617,
  "hd95_median": 5.656854152679443,
  "hd95_count": 605,
  "fpr": 0.20783460282916214,
  "fnr": 0.04120443740095087
}