{
  "thresholds": [
    0.5,
    0.55,
    0.6,
    0.65,
    0.7
  ],
  "val_dice_by_threshold": {
    "0.50": 0.7798694570607206,
    "0.55": 0.7801078939690995,
    "0.60": 0.7797045977971917,
    "0.65": 0.779130985981591,
    "0.70": 0.7783287092061592
  },
  "best_threshold": 0.55,
  "best_val_dice": 0.7801078939690995
}