{
  "dice": 0.7714672218367615,
  "hd95_mean": 13.2282133102417,
  "hd95_median": 4.242640495300293,
  "hd95_count": 731,
  "fpr": 0.11838790931989925,
  "fnr": 0.03306878306878307
}