{
  "selected_threshold": 0.55,
  "dice": 0.7729390809785516,
  "hd95_median": 4.4721360206604,
  "fnr": 0.026455026455026454,
  "fpr": 0.13476070528967254
}