{
  "dice": 0.7714672218367615,
  "hd95_mean": 13.656610488891602,
  "hd95_median": 4.973606586456299,
  "hd95_count": 737,
  "fpr": 0.1397984886649874,
  "fnr": 0.02513227513227513,
  "selected_threshold": 0.5
}