{
  "train_loss": [
    1.391383701038954,
    1.1529183376642302,
    0.9827216786732491,
    0.840974784265328,
    0.7726673818743687,
    0.6756541475650772,
    0.6326561184281527,
    0.5790847587657626,
    0.5695003677549186,
    0.5292680261607039,
    0.513357779400769,
    0.5041211014372681,
    0.486426865943682,
    0.4627286281755869,
    0.4483257912707543,
    0.4348405751970135,
    0.42946273594841633,
    0.42401457456451314,
    0.4119762228934841,
    0.39673750463115437,
    0.38671680484348075,
    0.38949650069766983,
    0.3697575261505103,
    0.36520588331194814,
    0.35371917064130215,
    0.3469955303430534,
    0.3467249519812444,
    0.32958385017486624,
    0.32787122908621646,
    0.3281327715853106
  ],
  "train_dice": [
    0.6415409918779069,
    0.696574802165811,
    0.7188881041586285,
    0.7298199262796023,
    0.7398721918635611,
    0.7480474323053292,
    0.7526219584358176,
    0.7586440194265349,
    0.7642838693040936,
    0.7685204026283803,
    0.770670903493826,
    0.7747120360216785,
    0.7782058355569932,
    0.7824756579106261,
    0.7853810866898021,
    0.7875687061630718,
    0.7907526068187587,
    0.7909884600607525,
    0.7967303888027569,
    0.7976046518196392,
    0.8020266775499751,
    0.8045927262498372,
    0.8071363186612883,
    0.8091988516324468,
    0.8136369857483478,
    0.8118352025539899,
    0.8163118376761433,
    0.8179608928986808,
    0.8220779471353145,
    0.8227980551374584
  ],
  "train_fpr": [
    0.4668883347187587,
    0.38390135771681905,
    0.3633970628983098,
    0.32917705735660846,
    0.31864782488223886,
    0.30728733721252427,
    0.29855915766140206,
    0.31463009143807147,
    0.29287891382654474,
    0.2935716264893322,
    0.2903851482405098,
    0.28345802161263506,
    0.2995289553893045,
    0.29218620116375726,
    0.28899972291493486,
    0.2837351066777501,
    0.27015793848711556,
    0.2820725962870601,
    0.2601828761429759,
    0.2799944582986977,
    0.2809642560266002,
    0.26766417290108063,
    0.2910778609032973,
    0.2662787475755057,
    0.27403712939872543,
    0.27251316154059296,
    0.26738708783596565,
    0.27126627874757553,
    0.27237461900803545,
    0.2666943751731782
  ],
  "train_fnr": [
    0.021227325357005018,
    0.018332690081049787,
    0.021227325357005018,
    0.02450791200308761,
    0.019104592821304514,
    0.020069471246622925,
    0.018332690081049787,
    0.01775376302585874,
    0.016402933230412968,
    0.014087225009648784,
    0.016016981860285603,
    0.01466615206483983,
    0.013894249324585103,
    0.014859127749903512,
    0.015052103434967195,
    0.011578541103820918,
    0.012929370899266693,
    0.012929370899266693,
    0.014280200694712466,
    0.012157468159011964,
    0.012543419529139328,
    0.012350443844075647,
    0.012929370899266693,
    0.011192589733693555,
    0.010034735623311463,
    0.012157468159011964,
    0.011385565418757236,
    0.012157468159011964,
    0.010034735623311463,
    0.010613662678502509
  ],
  "val_loss": [
    1.2105975553096189,
    2.2865604618590782,
    1.2664598082099374,
    1.042199385121592,
    3.307512866720515,
    1.9264742879573775,
    1.5538164895038489,
    2.3811889112186737,
    2.2928133033046185,
    1.4121348574184454,
    1.6589470316690427,
    1.278391074728847,
    1.7455280374449034,
    1.3318436690247977,
    1.48149026383744,
    1.3017540307147721,
    1.6952813864284941,
    1.5795673429965973,
    2.1305070482194424,
    1.6169908609867436,
    1.702221530189796,
    2.220546692344453,
    1.345023789095488,
    1.7242284309532907,
    1.899052066256178,
    1.8545081294712178,
    2.699100734448416,
    1.2339464742849526,
    1.66337901088502,
    2.0243442398933773
  ],
  "val_dice": [
    0.7456219534779716,
    0.6711868133417137,
    0.7484747658833925,
    0.7550440040832264,
    0.6083191476756988,
    0.6904963262437543,
    0.7331904997767886,
    0.7026553453208927,
    0.7046927107004528,
    0.7432108618573755,
    0.7341112162920506,
    0.7375319577658024,
    0.7215668483613393,
    0.7643722088269869,
    0.7400226656697754,
    0.7613427398933305,
    0.7750172505813234,
    0.7528170992638863,
    0.7441542778174761,
    0.7731260542261634,
    0.7322770361032369,
    0.7382932214989749,
    0.7624235092738558,
    0.7547126349772822,
    0.7798694570607206,
    0.7578035621947616,
    0.7389981631200198,
    0.7610728204505056,
    0.7769491938048937,
    0.7473049911742027
  ],
  "val_fpr": [
    0.3290094339622642,
    0.10377358490566038,
    0.15566037735849056,
    0.23702830188679244,
    0.012971698113207548,
    0.15212264150943397,
    0.2169811320754717,
    0.08136792452830188,
    0.14150943396226415,
    0.2511792452830189,
    0.23113207547169812,
    0.27358490566037735,
    0.22169811320754718,
    0.24764150943396226,
    0.19929245283018868,
    0.18867924528301888,
    0.25589622641509435,
    0.21462264150943397,
    0.1957547169811321,
    0.22169811320754718,
    0.26297169811320753,
    0.20754716981132076,
    0.4080188679245283,
    0.15919811320754718,
    0.18396226415094338,
    0.2535377358490566,
    0.11202830188679246,
    0.3160377358490566,
    0.23938679245283018,
    0.18867924528301888
  ],
  "val_fnr": [
    0.03418803418803419,
    0.08547008547008547,
    0.0698005698005698,
    0.03561253561253561,
    0.15242165242165243,
    0.04985754985754986,
    0.03276353276353276,
    0.06695156695156695,
    0.04131054131054131,
    0.019943019943019943,
    0.018518518518518517,
    0.01282051282051282,
    0.03561253561253561,
    0.024216524216524215,
    0.011396011396011397,
    0.021367521367521368,
    0.022792022792022793,
    0.014245014245014245,
    0.03133903133903134,
    0.018518518518518517,
    0.019943019943019943,
    0.03418803418803419,
    0.011396011396011397,
    0.03561253561253561,
    0.01566951566951567,
    0.019943019943019943,
    0.04700854700854701,
    0.004273504273504274,
    0.009971509971509971,
    0.017094017094017096
  ],
  "train_bce_loss": [
    0.9567106010431667,
    0.8183734166752299,
    0.6762720916049724,
    0.5481110114997557,
    0.49221880994423084,
    0.4046701020000424,
    0.3668054239450816,
    0.3203590204037937,
    0.316508695626559,
    0.2803606027901706,
    0.26716319591322135,
    0.2625043776497309,
    0.24900261083921674,
    0.2297337138416071,
    0.21897774108237864,
    0.20834217999020047,
    0.20643830393433024,
    0.2021460418636096,
    0.1953587666623568,
    0.18181247525371375,
    0.17652766843968584,
    0.18236228731605636,
    0.16585591083341236,
    0.1632291368596667,
    0.1564885752317102,
    0.1482528751958396,
    0.1522757996952295,
    0.13720588759858252,
    0.13973244602207147,
    0.14116312334531364
  ],
  "val_bce_loss": [
    0.9265684163638329,
    1.9469331481558354,
    1.0022103415378913,
    0.780775898534863,
    2.9174687060211757,
    1.6105946107380134,
    1.2803313791913715,
    2.0777160730710427,
    1.9897852893381451,
    1.139453550580454,
    1.3851477438205868,
    1.0039557754655801,
    1.4650492461675517,
    1.0887398676339144,
    1.212597936360322,
    1.0541304629697381,
    1.4576052021403714,
    1.3216118060411923,
    1.8675186456747597,
    1.3794817629839398,
    1.4275213404683968,
    1.954465210909406,
    1.0943621127326253,
    1.474284210515625,
    1.6717093499334916,
    1.6099178069544773,
    2.437865129135021,
    0.9878505249826126,
    1.4346381864766524,
    1.7667599571447559
  ],