{
  "train_loss": [
    1.3226789814304905,
    1.1516265598765585,
    0.9830234292661407,
    0.9473021543147255,
    0.8800977174555576,
    0.7645689680580638,
    0.6678403042933098,
    0.6480059353532692,
    0.5965109932453536,
    0.5725809944792124,
    0.5296812923348192,
    0.5157867279195216,
    0.4880430100796123,
    0.48034767151397767,
    0.47723206541980495,
    0.4607628238232914,
    0.4402577073640015,
    0.43773679654310704,
    0.4198201112806249,
    0.4180000517029076,
    0.40517046752914854,
    0.40582187379111356,
    0.3937585954678264,
    0.3936272750431324,
    0.387052371517783,
    0.38158466441174954,
    0.37022637244727874,
    0.3657420213408593,
    0.36258638945316346,
    0.35786325160883287
  ],
  "train_dice": [
    0.6238023741644327,
    0.6680396745874883,
    0.6996502579197671,
    0.7148480977211822,
    0.7267446384564077,
    0.7344450735175418,
    0.7430631569217773,
    0.7504774875549839,
    0.7567803520157806,
    0.7603558218010981,
    0.7661719743582509,
    0.7716612398982593,
    0.7779724232535278,
    0.7781666971755677,
    0.7811510021640178,
    0.7836381084467313,
    0.7883497855621127,
    0.7898883218714874,
    0.7942682571712071,
    0.7939319509921045,
    0.795550834994941,
    0.8002287939417501,
    0.8030474045463649,
    0.8028101976999619,
    0.8056901935673849,
    0.8069009344118643,
    0.8105002304521595,
    0.811668391356424,
    0.8140826429020328,
    0.8149174088209573
  ],
  "train_fpr": [
    0.49149286498353456,
    0.45403402854006586,
    0.36676728869374314,
    0.3460008231581836,
    0.3426180021953897,
    0.31545005488474204,
    0.31366630076838636,
    0.3177826564215148,
    0.3343852908891328,
    0.33328759604829855,
    0.33026893523600437,
    0.30886388583973656,
    0.3180570801317234,
    0.31448957189901205,
    0.3201152579582876,
    0.3188803512623491,
    0.3224036218960077,
    0.3044731064763996,
    0.3033754116355653,
    0.3195664105378705,
    0.32478046103183317,
    0.3024149286498353,
    0.3063940724478595,
    0.31334888187680066,
    0.3130744958156126,
    0.29431942919868276,
    0.2888309549945115,
    0.3022777167947311,
    0.31833150384193193,
    0.2891053787047201
  ],
  "train_fnr": [
    0.02601721439749609,
    0.023669796557120502,
    0.028364632237871674,
    0.032283310506750144,
    0.02679968701095462,
    0.027777777777777776,
    0.028169014084507043,
    0.02719092331768388,
    0.020539906103286387,
    0.02112676056338028,
    0.01662754303599374,
    0.017018779342723004,
    0.018192488262910797,
    0.017605633802816902,
    0.02014866979655712,
    0.017801251956181534,
    0.01643513989434553,
    0.016040688575899843,
    0.014671361502347418,
    0.016236306729264474,
    0.013888888888888888,
    0.01917057902973396,
    0.016236306729264474,
    0.017609078458227352,
    0.01643513989434553,
    0.017018779342723004,
    0.014084507042253521,
    0.01310641627543036,
    0.011932707355242567,
    0.01741001564945227
  ],
  "val_loss": [
    1.4711376755944723,
    0.6432942193023552,
    0.7570884518391459,
    2.058185873420898,
    0.7311744091580429,
    0.6985124740970029,
    0.8560999002109265,
    0.7101543011617731,
    1.6674713428799042,
    0.6014518598590554,
    1.7194583394327725,
    1.224090348587498,
    1.1539655067357262,
    2.3312644381406744,
    0.7724001802746537,
    1.0227141053410325,
    1.5408370773963762,
    0.7383283663254517,
    1.2818229015056903,
    0.9239349273865568,
    1.4643463900522191,
    2.055326600112682,
    1.1296058261888267,
    1.362659581214983,
    1.3895649417364122,
    1.035224550210777,
    0.8743552037696602,
    1.1145963710594988,
    0.8237862948592775,
    1.4533552829528877
  ],
  "val_dice": [
    0.7384051370307715,
    0.7603948552536188,
    0.7925355580288189,
    0.7153061518780391,
    0.7865353902655835,
    0.7928438611265228,
    0.7801830401787391,
    0.8107331102636791,
    0.7829752774280909,
    0.8211796061327328,
    0.7961137717226024,
    0.7483060518899635,
    0.8206963643387577,
    0.7513890676420821,
    0.8268861118042786,
    0.8256358450179445,
    0.7978221930938183,
    0.827829438101875,
    0.8086467448555859,
    0.825475080126136,
    0.7948818521783549,
    0.7767303772160464,
    0.8089095199420034,
    0.7965190264908872,
    0.7952736657796174,
    0.8208045887474257,
    0.8314196257438708,
    0.8183082065699324,
    0.8409097996600986,
    0.7997517192835463
  ],
  "val_fpr": [
    0.3901601830663616,
    0.30205949656750575,
    0.14073226544622425,
    0.08237986270022883,
    0.22654462242562928,
    0.12242562929061784,
    0.17162471395881007,
    0.14874141876430205,
    0.10640732265446225,
    0.19679633867276888,
    0.09954233409610984,
    0.06979405034324943,
    0.18878718535469108,
    0.08466819221967964,
    0.21967963386727687,
    0.2379862700228833,
    0.11556064073226545,
    0.18649885583524028,
    0.19336384439359267,
    0.18649885583524028,
    0.06407322654462243,
    0.09382151029748284,
    0.11556064073226545,
    0.11556064073226545,
    0.08581235697940504,
    0.15560640732265446,
    0.17620137299771166,
    0.2322654462242563,
    0.13157894736842105,
    0.09839816933638444
  ],
  "val_fnr": [
    0.03698224852071006,
    0.026627218934911243,
    0.05917159763313609,
    0.1242603550295858,
    0.03994082840236687,
    0.04881656804733728,
    0.038461538461538464,
    0.03994082840236687,
    0.04585798816568047,
    0.02514792899408284,
    0.04437869822485207,
    0.07544378698224852,
    0.029585798816568046,
    0.0621301775147929,
    0.029585798816568046,
    0.026627218934911243,
    0.03994082840236687,
    0.028106508875739646,
    0.02514792899408284,
    0.016272189349112426,
    0.05029585798816568,
    0.047337278106508875,
    0.03698224852071006,
    0.04437869822485207,
    0.042899408284023666,
    0.022189349112426034,
    0.02514792899408284,
    0.019230769230769232,
    0.02514792899408284,
    0.04437869822485207
  ],
  "train_bce_loss": [
    0.8663261001778428,
    0.785417535446599,
    0.6570933437960406,
    0.6399952756447601,
    0.58432759475397,
    0.47854925065861753,
    0.3918063896614821,
    0.37889857548002515,
    0.334394861060361,
    0.31420158038611723,
    0.27713729345763205,
    0.2692140769519734,
    0.24766507525137185,
    0.24022485643168845,
    0.24069299440287492,
    0.2266677538144917,
    0.21086425024180502,
    0.21073440917361225,
    0.1966085216088413,
    0.19523091345881952,
    0.18434321457578973,
    0.18980988742822288,
    0.18033413068836912,
    0.18061605395188068,
    0.17691381232902356,
    0.17296711860367345,
    0.16581988555159408,
    0.16214106306929446,
    0.16251440121260188,
    0.15815631460441432
  ],
  "val_bce_loss": [
    1.179710555237514,
    0.373486412923987,
    0.5330665305879562,
    1.7701338080320088,
    0.5059727008920163,
    0.48029999094794795,
    0.6223834932044,
    0.5107864508616804,
    1.4404012518197837,
    0.40793078398048194,
    1.5088694034813843,
    0.9698575029105565,
    0.9648991413008058,
    2.079699799116045,
    0.5895099933204081,
    0.8357973425826829,
    1.3324734346738591,
    0.5515325676225135,
    1.0829016217746987,
    0.7365199783095365,
    1.2534038609998663,
    1.826925929564812,
    0.9325996872570473,
    1.1526629317144743,
    1.1786919985546527,
    0.8505760196812683,
    0.6962965372391872,
    0.921987391813705,
    0.656851836494666,
    1.250538275681144
  ],