{
  "selected_threshold": 0.55,
  "dice": 0.7969862934855926,
  "hd95_median": 5.656854152679443,
  "fnr": 0.04231974921630094,
  "fpr": 0.2883771929824561
}