{
  "dice": 0.7961878753953313,
  "hd95_mean": 8.902442932128906,
  "hd95_median": 5.099019527435303,
  "hd95_count": 608,
  "fpr": 0.26864035087719296,
  "fnr": 0.047021943573667714
}