{
  "dice": 0.7961878753953313,
  "hd95_mean": 9.618412971496582,
  "hd95_median": 5.813542366027832,
  "hd95_count": 611,
  "fpr": 0.2949561403508772,
  "fnr": 0.04231974921630094,
  "selected_threshold": 0.5
}