{
  "thresholds": [
    0.5,
    0.55,
    0.6,
    0.65,
    0.7
  ],
  "val_dice_by_threshold": {
    "0.50": 0.8409097996600986,
    "0.55": 0.8410495805427344,
    "0.60": 0.8407248678181828,
    "0.65": 0.8400878303700826,
    "0.70": 0.8395122451233793
  },
  "best_threshold": 0.55,
  "best_val_dice": 0.8410495805427344
}