{
  "dice": 0.7763717625195695,
  "hd95_mean": 20.479036331176758,
  "hd95_median": 6.363840103149414,
  "hd95_count": 610,
  "fpr": 0.23177366702937977,
  "fnr": 0.03328050713153724,
  "selected_threshold": 0.5
}