{
  "dice": 0.7763717625195695,
  "hd95_mean": 19.05705451965332,
  "hd95_median": 5.489503860473633,
  "hd95_count": 603,
  "fpr": 0.21545157780195864,
  "fnr": 0.044374009508716325
}