{
  "thresholds": [
    0.5,
    0.55,
    0.6,
    0.65,
    0.7
  ],
  "val_dice_by_threshold": {
    "0.50": 0.7785911770555579,
    "0.55": 0.7796722561555002,
    "0.60": 0.7801648231319673,
    "0.65": 0.7808370803720935,
    "0.70": 0.7814762057995719
  },
  "best_threshold": 0.7,
  "best_val_dice": 0.7814762057995719
}