{
  "selected_threshold": 0.7,
  "dice": 0.7785048779962133,
  "hd95_median": 5.489503860473633,
  "fnr": 0.044374009508716325,
  "fpr": 0.21545157780195864
}