{
  "train_loss": [
    1.2632166634862823,
    1.0978670997971545,
    1.014477721960216,
    0.9349065154448112,
    0.8908429578685797,
    0.8578629566681674,
    0.80302040311425,
    0.7762131807096345,
    0.7288074318491647,
    0.6838591969961675,
    0.6418890560526134,
    0.6029082936046251,
    0.5734390161031577,
    0.5300802404864274,
    0.5172886445544257,
    0.5054550732717634,
    0.48667255863378056,
    0.46133103158520355,
    0.4605670878258123,
    0.42007109714127744,
    0.42679420717988714,
    0.4050680837583041,
    0.4056307244365176,
    0.383181425549698,
    0.3778271533101684,
    0.3746783253156701,
    0.3702425258555046,
    0.36547519235220405,
    0.3567582782843164,
    0.3385314126426706
  ],
  "train_dice": [
    0.6457087506073654,
    0.7067794621366298,
    0.719337040608189,
    0.7298211179741027,
    0.743936156226863,
    0.749305678767532,
    0.7534635977245464,
    0.7614302825645208,
    0.7665800490900012,
    0.7724747018496633,
    0.777662303991297,
    0.78226952566424,
    0.7872803731867012,
    0.791048629913269,
    0.7964569655506576,
    0.7963983061208909,
    0.8002402307798917,
    0.8053655043338535,
    0.8056008416597916,
    0.8103860601734478,
    0.8110481450963302,
    0.8154144134920035,
    0.8176505624756105,
    0.8190715100422316,
    0.8227568857304982,
    0.8237839071296962,
    0.8273328264192416,
    0.8280854157102673,
    0.8283195136378024,
    0.8305164777882896
  ],
  "train_fpr": [
    0.5216352908120259,
    0.4169124877089479,
    0.3801095659502739,
    0.34658611969654396,
    0.32298398426524305,
    0.3124473166619837,
    0.28786175892104526,
    0.2762011801067716,
    0.2625737566732228,
    0.25990446754706376,
    0.24107895476257377,
    0.25467059980334317,
    0.23756673222815397,
    0.24402922169148636,
    0.243607754987356,
    0.2340545096937342,
    0.23433548749648778,
    0.23163365641241748,
    0.2278729980331554,
    0.2210984688860795,
    0.21986513065467828,
    0.20946895195279572,
    0.22756005056890014,
    0.23008849557522124,
    0.22703006462489464,
    0.214667041303737,
    0.2084855296431582,
    0.20595672941837595,
    0.21803877493678,
    0.21129530767069402
  ],
  "train_fnr": [
    0.01950018932222643,
    0.023669759515243326,
    0.024237833743609164,
    0.023286633850814087,
    0.024611889435819764,
    0.027830367285119274,
    0.02631578947368421,
    0.02688375615297236,
    0.025369178341537298,
    0.025179856115107913,
    0.024611889435819764,
    0.025184624124218898,
    0.025937145020825444,
    0.023286633850814087,
    0.023097311624384703,
    0.021961378265808407,
    0.019878833775085196,
    0.02007195606892634,
    0.017228322605073836,
    0.01779965915546298,
    0.015903067020068155,
    0.016471033699356305,
    0.015906078394243513,
    0.014959288013633781,
    0.01476713366149186,
    0.01476713366149186,
    0.013820522529344945,
    0.013252555850056797,
    0.011737978038621734,
    0.009276789095039758
  ],
  "val_loss": [
    0.7865999629510066,
    0.6396267943711149,
    1.1914897717077368,
    1.997882936837025,
    0.8446654740805379,
    0.918665496867548,
    0.6700365867550127,
    0.8356151995655982,
    0.8406886978731958,
    0.8169238745057081,
    0.7967510187401644,
    0.6657856314241114,
    0.8556385982938376,
    0.7243424778665539,
    0.7645840549594376,
    0.8057523889159693,
    1.0107302844018033,
    0.6926959022204467,
    0.8317338975815518,
    0.8126388320572746,
    0.9438204014655746,
    0.8707914908497947,
    0.7815300664927775,
    1.0017236476963005,
    0.7747234082795849,
    1.1855395053872013,
    1.0757624453904173,
    1.1806062179765269,
    0.7096933294509606,
    0.810356533474328
  ],
  "val_dice": [
    0.711269255869187,
    0.7028208153870885,
    0.7142871257797799,
    0.6552731923278252,
    0.7125791814901585,
    0.7455671588893269,
    0.7376269677406762,
    0.728171777697491,
    0.7538869576980767,
    0.7620994607920979,
    0.768078192079916,
    0.7582151198934486,
    0.7510285509032918,
    0.7624128564263914,
    0.7600793792326667,
    0.7450443671829395,
    0.775987197244148,
    0.7452285128007387,
    0.7612819234007204,
    0.7494387783043834,
    0.7650705364360971,
    0.7598577376250117,
    0.7639504020798553,
    0.7564336861812277,
    0.7785911770555579,
    0.7683680649352498,
    0.7362046723154564,
    0.7280152804522646,
    0.7622563661193674,
    0.7688219367788689
  ],
  "val_fpr": [
    0.30364806866952787,
    0.34120171673819744,
    0.12017167381974249,
    0.03862660944206009,
    0.26609442060085836,
    0.11158798283261803,
    0.23068669527896996,
    0.10836909871244635,
    0.13197424892703863,
    0.09334763948497854,
    0.13090128755364808,
    0.17167381974248927,
    0.07081545064377683,
    0.15236051502145923,
    0.11373390557939914,
    0.15343347639484978,
    0.12339055793991416,
    0.20600858369098712,
    0.1072961373390558,
    0.2017167381974249,
    0.12875536480686695,
    0.13948497854077252,
    0.10193133047210301,
    0.10622317596566523,
    0.19957081545064378,
    0.0944206008583691,
    0.11051502145922747,
    0.0740343347639485,
    0.17060085836909872,
    0.13733905579399142
  ],
  "val_fnr": [
    0.05177993527508091,
    0.030744336569579287,
    0.11812297734627832,
    0.15210355987055016,
    0.04854368932038835,
    0.09061488673139159,
    0.043689320388349516,
    0.08414239482200647,
    0.0744336569579288,
    0.0744336569579288,
    0.05016181229773463,
    0.05501618122977346,
    0.07605177993527508,
    0.05177993527508091,
    0.05663430420711974,
    0.05339805825242718,
    0.05016181229773463,
    0.04692556634304207,
    0.06796116504854369,
    0.05825242718446602,
    0.05663430420711974,
    0.05663430420711974,
    0.05501618122977346,
    0.07281553398058252,
    0.0372168284789644,
    0.06796116504854369,
    0.09061488673139159,
    0.10194174757281553,
    0.032362459546925564,
    0.05501618122977346
  ],
  "train_bce_loss": [
    0.8335442544137956,
    0.776658027150495,
    0.7085258274783903,
    0.6408564183672883,
    0.6123875708099993,
    0.5854713146303527,
    0.5359738389522385,
    0.517236136107373,
    0.47511163379239546,
    0.4370817156201195,
    0.4008689718662586,
    0.36647977099429957,
    0.34265702312757945,
    0.30324754615972244,
    0.2963760737581639,
    0.28447879274074095,
    0.270754849678095,
    0.25032342677199065,
    0.25043397133704715,
    0.2153954073091947,
    0.22363914126087814,
    0.20540578268741544,
    0.20855325679773565,
    0.1880458919521342,
    0.18770448608987755,
    0.1849114334331136,
    0.18452463119747173,
    0.18015616454959157,
    0.17240938942236575,
    0.1571377283245417
  ],
  "val_bce_loss": [
    0.485003753785273,
    0.31594525712231797,
    0.8953683499132304,
    1.6600064569888304,
    0.5364837433271031,
    0.6576338891583438,
    0.3905056325453529,
    0.5506405696411494,
    0.5834476509565506,
    0.5670022531081003,
    0.5479832430696793,
    0.40917589550127326,
    0.5988553737830461,
    0.4717594588489624,
    0.5144566524484493,
    0.5396061596663331,
    0.7788998557216621,
    0.4283431073329351,
    0.5837377375232894,
    0.5537068572656016,
    0.7021875678522823,
    0.6207556277558713,
    0.5381981417966982,
    0.7545957601159016,
    0.5434526140141545,
    0.9504826243096152,
    0.8076250968334449,
    0.9052802936104654,
    0.4633682779493082,
    0.5733145775347285
  ],