{
  "dice": 0.7830615340845899,
  "hd95_mean": 10.17162799835205,
  "hd95_median": 5.406060218811035,
  "hd95_count": 596,
  "fpr": 0.2543859649122807,
  "fnr": 0.06583072100313479,
  "selected_threshold": 0.5
}