{
  "dice": 0.7830615340845899,
  "hd95_mean": 9.311885833740234,
  "hd95_median": 5.0,
  "hd95_count": 590,
  "fpr": 0.21929824561403508,
  "fnr": 0.07523510971786834
}