{
  "selected_threshold": 0.55,
  "dice": 0.7840860477038498,
  "hd95_median": 5.292167663574219,
  "fnr": 0.06896551724137931,
  "fpr": 0.24780701754385964
}