{
  "train_loss": [
    1.3655780174074248,
    1.1042693007973508,
    1.0438386171135077,
    0.9765252759702014,
    0.9108564119439146,
    0.8740859733455769,
    0.8111809881488575,
    0.7454331822850755,
    0.6973103467544106,
    0.6894220804332147,
    0.6528543952738805,
    0.6027810352035333,
    0.5835812081382585,
    0.5555464032234358,
    0.5101919204385803,
    0.5042690062190003,
    0.4772145766553546,
    0.4593762881314771,
    0.43632748009380484,
    0.43034628518975115,
    0.42816593905354094,
    0.419902660362918,
    0.40691501385326817,
    0.40704955397966625,
    0.38093166040396537,
    0.3763767885647609,
    0.3738052940254095,
    0.36096944970595723,
    0.36138316695702283,
    0.34581434968119146
  ],
  "train_dice": [
    0.6047409437780575,
    0.6733882133905215,
    0.6916316764880844,
    0.7054085230971475,
    0.7195820983694954,
    0.7302907974390366,
    0.7359704195558846,
    0.7446870848492585,
    0.7518685461047101,
    0.7535660616723506,
    0.7588958024891371,
    0.7669749201657265,
    0.7672601067646025,
    0.7720691497344377,
    0.7789422105705396,
    0.7840103785972313,
    0.7864771434304513,
    0.7902271939020453,
    0.7921097789426861,
    0.7958214526384972,
    0.8003148004215528,
    0.8016978504221103,
    0.8035758360271184,
    0.8069936411589361,
    0.8111659349219259,
    0.8131008087247479,
    0.8136364512418066,
    0.8165455146690325,
    0.8178166607847541,
    0.8216273826970627
  ],
  "train_fpr": [
    0.5156421514818881,
    0.43592206366630076,
    0.40216794731064764,
    0.3566136114160263,
    0.3395993413830955,
    0.31421514818880353,
    0.316410537870472,
    0.3033754116355653,
    0.2996706915477497,
    0.3024149286498353,
    0.2815587266739846,
    0.2926728869374314,
    0.29263273425709974,
    0.2637211855104281,
    0.28073545554335894,
    0.27140504939626786,
    0.2524698133918771,
    0.2742488681574976,
    0.28128430296377605,
    0.267563117453348,
    0.25891877058177826,
    0.2505488474204171,
    0.2523326015367728,
    0.2681119648737651,
    0.25864434687156973,
    0.2635839736553238,
    0.26070252469813393,
    0.2557278090273014,
    0.25329308452250276,
    0.24255727809027303
  ],
  "train_fnr": [
    0.01936619718309859,
    0.023865414710485134,
    0.02679968701095462,
    0.03227699530516432,
    0.029147104851330204,
    0.03071205007824726,
    0.030320813771517997,
    0.028755868544600938,
    0.028951486697965573,
    0.02464788732394366,
    0.028169014084507043,
    0.02445226917057903,
    0.025826648405400117,
    0.022300469483568074,
    0.021517996870109544,
    0.02269170579029734,
    0.020539906103286387,
    0.0183917041674819,
    0.021517996870109544,
    0.021517996870109544,
    0.02093114241001565,
    0.01936619718309859,
    0.01995305164319249,
    0.016236306729264474,
    0.016236306729264474,
    0.018974960876369327,
    0.017801251956181534,
    0.01565251418509098,
    0.014671361502347418,
    0.01623948346703189
  ],
  "val_loss": [
    6.033207133324189,
    0.6163739353726955,
    0.5667588705274128,
    0.6305862845048397,
    0.7741246718207936,
    0.6880549319286847,
    0.4799814177070849,
    0.5309781458162697,
    1.4915559680790766,
    0.9032703991979361,
    0.5194073762171544,
    1.179891244480772,
    0.584172150428743,
    1.0710707210753796,
    0.8036697935974281,
    0.863680787053863,
    0.7438943592236328,
    0.8240042473547734,
    1.2300888907671328,
    1.212464112193274,
    1.0790191785977965,
    0.7057018328083338,
    1.064590017156973,
    1.034248198520326,
    0.8414093636130616,
    1.359041586562374,
    0.8222656039267602,
    1.0033504489103895,
    0.6954765065446408,
    1.0698239395405942
  ],
  "val_dice": [
    0.55942173136299,
    0.6983018723817972,
    0.7809801884271073,
    0.7837248528541545,
    0.7907486117524839,
    0.7936318904649158,
    0.8124834475005541,
    0.778463732616524,
    0.740218732595587,
    0.8032070165169398,
    0.8059971058829385,
    0.7938788149288177,
    0.8175847967149767,
    0.8030810119837699,
    0.8164370335974681,
    0.8323626093919108,
    0.8251167812313025,
    0.8054243643718535,
    0.8043017778049647,
    0.8016359381923265,
    0.8010711176816881,
    0.8152642808193286,
    0.8162693735542734,
    0.8167349669266735,
    0.8186705131304158,
    0.8026523433581612,
    0.8318182775921591,
    0.807593467291968,
    0.8387677258999258,
    0.8117147175782531
  ],
  "val_fpr": [
    0.05148741418764302,
    0.3718535469107552,
    0.23569794050343248,
    0.2448512585812357,
    0.18421052631578946,
    0.14988558352402745,
    0.1956521739130435,
    0.2231121281464531,
    0.057208237986270026,
    0.15217391304347827,
    0.11212814645308924,
    0.10068649885583524,
    0.10755148741418764,
    0.08924485125858124,
    0.09038901601830664,
    0.13272311212814644,
    0.09725400457665904,
    0.11784897025171624,
    0.08466819221967964,
    0.07551487414187644,
    0.09267734553775744,
    0.19221967963386727,
    0.06407322654462243,
    0.09954233409610984,
    0.14416475972540047,
    0.08581235697940504,
    0.17963386727688788,
    0.10755148741418764,
    0.10755148741418764,
    0.12128146453089245
  ],
  "val_fnr": [
    0.20710059171597633,
    0.022189349112426034,
    0.03994082840236687,
    0.03106508875739645,
    0.0621301775147929,
    0.04585798816568047,
    0.03106508875739645,
    0.020710059171597635,
    0.09023668639053255,
    0.03254437869822485,
    0.034023668639053255,
    0.060650887573964495,
    0.051775147928994084,
    0.04437869822485207,
    0.04881656804733728,
    0.038461538461538464,
    0.04585798816568047,
    0.03698224852071006,
    0.042899408284023666,
    0.0650887573964497,
    0.047337278106508875,
    0.034023668639053255,
    0.04585798816568047,
    0.04881656804733728,
    0.03550295857988166,
    0.04881656804733728,
    0.03550295857988166,
    0.051775147928994084,
    0.022189349112426034,
    0.03994082840236687
  ],
  "train_bce_loss": [
    0.8970810594868843,
    0.7493390984281133,
    0.7093778570905982,
    0.6592614158001885,
    0.6068526186205754,
    0.5829176405258094,
    0.52702907697553,
    0.47042042001840156,
    0.4311497148588837,
    0.42494024326217744,
    0.3937549042938214,
    0.35213113023756665,
    0.33338054328673267,
    0.3110920216789856,
    0.27281245496135414,
    0.27187597485989184,
    0.24733625645288346,
    0.23422008442635606,
    0.21342725685513608,
    0.2107696321032785,
    0.21369718740021648,
    0.20672618697567707,
    0.19551066304205866,
    0.19958547192007825,
    0.17770613039751187,
    0.17528541735444034,
    0.17384150544273833,
    0.16393626692429797,
    0.16555268242024476,
    0.15412285303026377
  ],
  "val_bce_loss": [
    5.596234035047223,
    0.27990083481163097,
    0.3197628741411591,
    0.3950633003600989,
    0.5566572430529825,
    0.468382775877911,
    0.2714154373020204,
    0.29105907119569485,
    1.2256035706398254,
    0.693253542164674,
    0.3067033844851867,
    0.9665895837926397,
    0.3893492749991025,
    0.8698320702145761,
    0.6103013883828401,
    0.6892134940934357,
    0.5629793126418492,
    0.6256824549569641,
    1.030742743464301,
    1.0094764585287817,
    0.8750635719621835,
    0.5105831829995294,
    0.8773741211308878,
    0.8467018684004116,
    0.652858639168677,
    1.1598686821012725,
    0.6473474308752631,
    0.8043401924009468,
    0.5284928945278936,
    0.8798059153772847
  ],