{
  "thresholds": [
    0.5,
    0.55,
    0.6,
    0.65,
    0.7
  ],
  "val_dice_by_threshold": {
    "0.50": 0.8387677258999258,
    "0.55": 0.8387902047948019,
    "0.60": 0.8385729408608034,
    "0.65": 0.8380496050699575,
    "0.70": 0.837618379594659
  },
  "best_threshold": 0.55,
  "best_val_dice": 0.8387902047948019
}