{
  "thresholds": [
    0.5,
    0.55,
    0.6,
    0.65,
    0.7
  ],
  "val_dice_by_threshold": {
    "0.50": 0.7579215375476837,
    "0.55": 0.757155254389122,
    "0.60": 0.756471213252238,
    "0.65": 0.7549025379674839,
    "0.70": 0.753055809206851
  },
  "best_threshold": 0.5,
  "best_val_dice": 0.7579215375476837
}