{
  "train_loss": [
    1.0780956881227288,
    0.8548464322395656,
    0.7471861304428231,
    0.6454734655106206,
    0.5941313609182053,
    0.5593789896258953,
    0.5343424025224871,
    0.5132179975459378,
    0.5064013503987653,
    0.48829377158105125,
    0.4765567269507925,
    0.46469346060301503,
    0.4530542144604932,
    0.4401455972151658,
    0.4320933686354614,
    0.42935078857569575,
    0.41703122099259243,
    0.40790681867339174,
    0.4009953967879104,
    0.39336083160442437,
    0.39348580439094083,
    0.3803134975521181,
    0.3732651992829151,
    0.3693233609333567,
    0.36211071481280355,
    0.3541988007312304,
    0.3471893600971512,
    0.34215534460550173,
    0.34063650104823096,
    0.33570334417406744
  ],
  "train_dice": [
    0.6438641847194423,
    0.6997258565849395,
    0.7266971013216018,
    0.7512735109890186,
    0.7629443984049354,
    0.7704745281995253,
    0.7782105214582621,
    0.7848168775284624,
    0.7877319226172362,
    0.792836458756654,
    0.7976356421732592,
    0.800329406875087,
    0.8027967271523573,
    0.8068787111190253,
    0.8097758588182976,
    0.8113265072781987,
    0.8144117338982635,
    0.8195305546565852,
    0.8209949911458199,
    0.8224858732697187,
    0.8243475879449136,
    0.8271215642710926,
    0.8299769818374938,
    0.8316890016156968,
    0.8347543287806554,
    0.8372299988283631,
    0.8403390480985242,
    0.842110789168867,
    0.8425225628463794,
    0.8450361726251034
  ],
  "train_fpr": [
    0.3987694949205895,
    0.33528906697195193,
    0.26380543633762515,
    0.2040057224606581,
    0.19419004006868917,
    0.18402976531196336,
    0.20005724098454494,
    0.19433314253005152,
    0.19330376305623123,
    0.18961076130509444,
    0.18829589354700244,
    0.18886822149091428,
    0.1853176874642244,
    0.18386035198168552,
    0.19373300901416513,
    0.18414651595364143,
    0.19559307483187865,
    0.19287451709829734,
    0.1821173104434907,
    0.1850314825414997,
    0.1847188438975533,
    0.17381974248927037,
    0.18040057224606582,
    0.17444190040068688,
    0.15941614195764167,
    0.16339962798683647,
    0.17816256439610761,
    0.17298612104736014,
    0.16466380543633763,
    0.1663805436337625
  ],
  "train_fnr": [
    0.0457357075913777,
    0.043478260869565216,
    0.043869516310461196,
    0.03974503187101612,
    0.035982008995502246,
    0.035982008995502246,
    0.0297976011994003,
    0.029047976011994003,
    0.028116213683223992,
    0.02792353823088456,
    0.027553889409559513,
    0.024179943767572633,
    0.02623688155922039,
    0.025117150890346766,
    0.020805998125585753,
    0.023430178069353328,
    0.01949390815370197,
    0.021368322399250236,
    0.01949756280464942,
    0.021926536731634184,
    0.018556701030927835,
    0.0193100862392201,
    0.017435320584926885,
    0.0181784107946027,
    0.01461769115442279,
    0.01499531396438613,
    0.01461769115442279,
    0.014058106841611996,
    0.011811023622047244,
    0.013498312710911136
  ],
  "val_loss": [
    1.4495118967137046,
    1.4835066325065818,
    1.019373290783229,
    1.0431433504704735,
    0.9659671770605255,
    1.2996894114970452,
    1.0073358624686457,
    0.9673428680487586,
    0.9314865883312466,
    1.1455100817055086,
    1.2498731518393995,
    0.984560415591563,
    1.0090292854702314,
    1.416489563472735,
    1.0703153579452949,
    1.2837371701737215,
    1.0947785389901625,
    0.9499391662994784,
    1.6493742034437044,
    1.1869315280292576,
    1.0336547065719983,
    1.2629963574048138,
    1.0537437541523802,
    1.2679930699748412,
    1.358804014404851,
    1.2573544363564582,
    1.3972187873867257,
    1.229351165722419,
    1.3652083741786045,
    1.4385018508554746
  ],
  "val_dice": [
    0.6333067059734169,
    0.6382937427446866,
    0.70769175936926,
    0.7138494562806027,
    0.7182419977242883,
    0.6788402111055039,
    0.7245968892183681,
    0.7416494722086465,
    0.7516611940614923,
    0.7207253774351967,
    0.7053708263699181,
    0.7150765310164768,
    0.7280723081146094,
    0.6779107146164371,
    0.7377562412554827,
    0.7108748520532122,
    0.7266299971510805,
    0.7472827783543589,
    0.6670756449965818,
    0.732649451146597,
    0.7579215375476837,
    0.7169197086344458,
    0.7440512732548686,
    0.7162293178730964,
    0.7176242125999698,
    0.7292970937751455,
    0.7260140283538352,
    0.7355982302556597,
    0.7245707212218027,
    0.7123286378712437
  ],
  "val_fpr": [
    0.3272519954389966,
    0.1790193842645382,
    0.18129988597491448,
    0.16989737742303307,
    0.11972633979475485,
    0.0330672748004561,
    0.20182440136830102,
    0.17217787913340935,
    0.12086659064994298,
    0.07525655644241733,
    0.03876852907639681,
    0.22234891676168758,
    0.24173318129988597,
    0.03876852907639681,
    0.21892816419612315,
    0.08551881413911061,
    0.11174458380843785,
    0.1904218928164196,
    0.019384264538198404,
    0.12314709236031927,
    0.1379703534777651,
    0.08095781071835804,
    0.1459521094640821,
    0.052451539338654506,
    0.07867730900798175,
    0.10034207525655645,
    0.06727480045610035,
    0.07753705815279362,
    0.12542759407069556,
    0.15849486887115166
  ],
  "val_fnr": [
    0.0638930163447251,
    0.09955423476968796,
    0.031203566121842496,
    0.05200594353640416,
    0.0787518573551263,
    0.12332838038632987,
    0.06835066864784546,
    0.05052005943536404,
    0.05943536404160475,
    0.11441307578008915,
    0.11441307578008915,
    0.09361069836552749,
    0.05943536404160475,
    0.1411589895988113,
    0.07429420505200594,
    0.11292719167904904,
    0.07578008915304606,
    0.04457652303120357,
    0.1723625557206538,
    0.08766716196136701,
    0.04457652303120357,
    0.08766716196136701,
    0.07726597325408618,
    0.10549777117384844,
    0.1025260029717682,
    0.08469539375928678,
    0.07578008915304606,
    0.08320950965824665,
    0.08172362555720654,
    0.09955423476968796
  ]
}