{
  "selected_threshold": 0.5,
  "dice": 0.8394979130150502,
  "hd95_median": 4.4721360206604,
  "fnr": 0.004010695187165776,
  "fpr": 0.17331670822942644
}