{
  "dice": 0.8394979130150502,
  "hd95_mean": 10.790436744689941,
  "hd95_median": 4.0,
  "hd95_count": 744,
  "fpr": 0.14962593516209477,
  "fnr": 0.0053475935828877
}