{
  "dice": 0.7645297649479101,
  "hd95_mean": 14.67254638671875,
  "hd95_median": 5.8647613525390625,
  "hd95_count": 739,
  "fpr": 0.163727959697733,
  "fnr": 0.022486772486772486
}