{
  "dice": 0.7645297649479101,
  "hd95_mean": 15.147517204284668,
  "hd95_median": 6.070348262786865,
  "hd95_count": 741,
  "fpr": 0.19269521410579346,
  "fnr": 0.01984126984126984,
  "selected_threshold": 0.5
}