{
  "train_loss": [
    1.3317702688012216,
    1.2263925111302993,
    1.1505429091867287,
    0.9852952150989572,
    0.8537669175555006,
    0.7773351902095439,
    0.6942830032297701,
    0.6710790483602063,
    0.6050205463324273,
    0.5888821125182923,
    0.5735257466157251,
    0.5312925752465132,
    0.5326781209043523,
    0.5165329410380743,
    0.49556049190688806,
    0.4889719491643672,
    0.47283502387631265,
    0.4785926820719647,
    0.4586140253569964,
    0.45275605086485926,
    0.43965334491894104,
    0.43781256906124605,
    0.42813248387226976,
    0.4255096368759077,
    0.41563742379224794,
    0.40593218369627265,
    0.4043867303341029,
    0.394227382398075,
    0.3868112752227733,
    0.3823458370049917
  ],
  "train_dice": [
    0.6388301163223055,
    0.6839392708633519,
    0.7010995016544682,
    0.7123113690388153,
    0.7230682869962598,
    0.73226814115379,
    0.7428498464428341,
    0.7470121349380534,
    0.7541795058038164,
    0.7562145738870902,
    0.7597937636697537,
    0.7636796239433168,
    0.7645612014275165,
    0.7687293927822174,
    0.7699934423824579,
    0.7728215459778421,
    0.7736601132708298,
    0.7757495489728643,
    0.780343343181261,
    0.778910135865407,
    0.7828306127218289,
    0.7849243808054627,
    0.7866491192580851,
    0.7882999527350425,
    0.7904969301496731,
    0.7914762647766066,
    0.7940044766854508,
    0.795674503868606,
    0.7978401145952082,
    0.8002457718928504
  ],
  "train_fpr": [
    0.46910501523967857,
    0.3911055694098088,
    0.3566084788029925,
    0.33347187586589083,
    0.31781656968689387,
    0.3028539761706844,
    0.3124134109171516,
    0.3352264856628342,
    0.3277916320310335,
    0.3365198115821557,
    0.31573843169853144,
    0.3061789969520643,
    0.3176780271543364,
    0.3259905791077861,
    0.328207259628706,
    0.31763402133259455,
    0.31587697423108896,
    0.3031310612357994,
    0.3198947076752563,
    0.29287891382654474,
    0.3124134109171516,
    0.29246328622887224,
    0.2946799667497922,
    0.30714879467996675,
    0.29564976447769464,
    0.3128290385148241,
    0.29897478525907456,
    0.3057633693543918,
    0.32183430313106126,
    0.31573843169853144
  ],
  "train_fnr": [
    0.01949054419143188,
    0.023543033577769202,
    0.024893863373214975,
    0.028174450019297567,
    0.026244693168660748,
    0.028174450019297567,
    0.02547279042840602,
    0.020652383709708552,
    0.018525665766113468,
    0.016788884600540333,
    0.016788884600540333,
    0.016788884600540333,
    0.01370127363952142,
    0.011964492473948282,
    0.013508297954457738,
    0.012931866435051148,
    0.012929370899266693,
    0.015052103434967195,
    0.012157468159011964,
    0.017174835970667695,
    0.012157468159011964,
    0.015438054805094558,
    0.014473176379776149,
    0.013508297954457738,
    0.010420686993438826,
    0.01273639521420301,
    0.011192589733693555,
    0.014087225009648784,
    0.013315322269394057,
    0.012543419529139328
  ],
  "val_loss": [
    1.0249063342045515,
    1.8241218039155687,
    1.055821330734977,
    1.7751561250654382,
    0.8930828238059992,
    1.6836663797030762,
    1.3030471432837325,
    1.5394918674396143,
    1.4106366445026506,
    1.002284667897768,
    0.8860068737908646,
    1.4075130729423968,
    1.3752394077445027,
    1.6312324186505756,
    1.6353346622334077,
    1.3814995520432451,
    0.9868529927611691,
    0.7056316427164777,
    0.7623349208798673,
    1.6098933307576044,
    1.4544602170310639,
    1.2810168250376344,
    1.6036953106098026,
    1.144190007146777,
    1.4896643272895589,
    1.3719504880174953,
    1.6480633537590164,
    1.0018786682383796,
    1.0517082078504427,
    1.2778964999564353
  ],
  "val_dice": [
    0.7285869995508863,
    0.6720403017412521,
    0.7467016017209059,
    0.650942637742314,
    0.7398533953560723,
    0.7326436127022578,
    0.7571693634656802,
    0.7292669931920166,
    0.7479162655685871,
    0.7698551601295139,
    0.7539100240082864,
    0.7640562377030301,
    0.7750833240839151,
    0.7361068470122298,
    0.7433788455104684,
    0.7539645272341592,
    0.7744490690051745,
    0.7326982490435784,
    0.7501614849717274,
    0.7626730281265288,
    0.7632588791751178,
    0.761295182136235,
    0.7480775995386971,
    0.7517255601178632,
    0.7662683001737989,
    0.767719825841168,
    0.7704041904512464,
    0.777233506794329,
    0.7683966979172155,
    0.7795848211756459
  ],
  "val_fpr": [
    0.36674528301886794,
    0.16981132075471697,
    0.2806603773584906,
    0.2417452830188679,
    0.2417452830188679,
    0.22523584905660377,
    0.2936320754716981,
    0.1332547169811321,
    0.1733490566037736,
    0.3136792452830189,
    0.30542452830188677,
    0.23820754716981132,
    0.20872641509433962,
    0.26297169811320753,
    0.27004716981132076,
    0.24528301886792453,
    0.2535377358490566,
    0.3490566037735849,
    0.3266509433962264,
    0.29245283018867924,
    0.22995283018867924,
    0.21108490566037735,
    0.27240566037735847,
    0.3160377358490566,
    0.22169811320754718,
    0.23702830188679244,
    0.24410377358490565,
    0.22877358490566038,
    0.2959905660377358,
    0.2783018867924528
  ],
  "val_fnr": [
    0.03276353276353276,
    0.1168091168091168,
    0.02564102564102564,
    0.07122507122507123,
    0.03276353276353276,
    0.04131054131054131,
    0.024216524216524215,
    0.0641025641025641,
    0.039886039886039885,
    0.019943019943019943,
    0.02849002849002849,
    0.019943019943019943,
    0.024216524216524215,
    0.019943019943019943,
    0.027065527065527065,
    0.03561253561253561,
    0.01566951566951567,
    0.01566951566951567,
    0.009971509971509971,
    0.011396011396011397,
    0.019943019943019943,
    0.03418803418803419,
    0.018518518518518517,
    0.014245014245014245,
    0.018518518518518517,
    0.02849002849002849,
    0.024216524216524215,
    0.024216524216524215,
    0.01566951566951567,
    0.019943019943019943
  ],
  "train_bce_loss": [
    0.8856762106230591,
    0.8774521405026295,
    0.8223694921594737,
    0.6714665160652981,
    0.5534818902710266,
    0.4892863820306777,
    0.41640087096035855,
    0.3983233919068078,
    0.3398753953198117,
    0.32663975473396195,
    0.31510731409935927,
    0.2770576934323965,
    0.2793345786349841,
    0.2675976158452315,
    0.24862634555207255,
    0.24541323888720018,
    0.23011295555881214,
    0.23871425801585006,
    0.2236617778540832,
    0.21702591009538322,
    0.20752485190170977,
    0.20803356700238423,
    0.20118648322203062,
    0.19992099658692392,
    0.19190451756685137,
    0.18355956017333563,
    0.1849700584942518,
    0.1764740712507966,
    0.1714365737921936,
    0.16974969012660746
  ],
  "val_bce_loss": [
    0.7140882742323215,
    1.4931817189246375,
    0.7699193487035382,
    1.425289506611064,
    0.6168981566776434,
    1.4055508709011169,
    1.0351835874060535,
    1.2638238393436279,
    1.1476697271465566,
    0.7503374745164523,
    0.6277915898297894,
    1.155969421576942,
    1.1395382376187388,
    1.3546559862570937,
    1.3664039787776672,
    1.1214225624082346,
    0.7457938901098323,
    0.42533657452797363,
    0.49605238108903676,
    1.356331861830327,
    1.2074432904239043,
    1.0350230695929197,
    1.3434071370959018,
    0.8824371858135109,
    1.2457700450181632,
    1.1283313663022332,
    1.4105223364397708,
    0.7685122990820217,
    0.8060572917090246,
    1.0451707162307589
  ],