{
  "selected_threshold": 0.7,
  "dice": 0.7664704980062587,
  "hd95_median": 5.8647613525390625,
  "fnr": 0.022486772486772486,
  "fpr": 0.163727959697733
}