{
  "thresholds": [
    0.5,
    0.55,
    0.6,
    0.65,
    0.7
  ],
  "val_dice_by_threshold": {
    "0.50": 0.7795848211756459,
    "0.55": 0.7811337019133772,
    "0.60": 0.7825864730906962,
    "0.65": 0.7831639563425993,
    "0.70": 0.7837908055283066
  },
  "best_threshold": 0.7,
  "best_val_dice": 0.7837908055283066
}