{
  "train_loss": [
    1.1863443968790222,
    0.9267278807442945,
    0.8332144335217581,
    0.7761060863497131,
    0.7256890619944346,
    0.7136165754596699,
    0.689714163331472,
    0.6577091779016969,
    0.6246424379188795,
    0.6015333492218135,
    0.585467153864827,
    0.5738524086485284,
    0.5639624901300286,
    0.5324495383439305,
    0.5342646146090186,
    0.512924866961797,
    0.5062495668613901,
    0.48855114039602454,
    0.49133130586891505,
    0.47850083437880064,
    0.4758363662047832,
    0.4721284185760213,
    0.4633487018497008,
    0.4496053154643295,
    0.44518711902229985,
    0.43853346761539264,
    0.42688884914831793,
    0.42564218176818974,
    0.42392682430997153,
    0.41180496760813284
  ],
  "train_dice": [
    0.6184366407141714,
    0.6876446514254824,
    0.7056158533265651,
    0.7238434522000876,
    0.731367897219979,
    0.7381845483348309,
    0.7446920583118257,
    0.7500750628952693,
    0.7576253875506263,
    0.7626776235587794,
    0.7672694758843409,
    0.7692089839197396,
    0.7719599660421158,
    0.7771064321027013,
    0.7801547284887123,
    0.7831709163172,
    0.7859318326922438,
    0.791410557143779,
    0.7910522310042363,
    0.7950069123889159,
    0.7954706843174881,
    0.797463717946764,
    0.8013724846082118,
    0.8046429771080377,
    0.8067182822920791,
    0.8082686238729578,
    0.8132823927029794,
    0.8148262570732733,
    0.8156111049176035,
    0.8186133079928016
  ],
  "train_fpr": [
    0.44351697273233165,
    0.3364876148065683,
    0.29585304759254105,
    0.27497912607848596,
    0.25125208681135225,
    0.2337879209574172,
    0.22259321090706732,
    0.2145839131644865,
    0.2134112409571508,
    0.20957417200111328,
    0.2134112409571508,
    0.21118530884808012,
    0.20395102949360044,
    0.20428611188421933,
    0.20679098246590594,
    0.18925688839409963,
    0.1930996104618809,
    0.20066796548844976,
    0.19565822432507654,
    0.1800222593210907,
    0.18953520734762036,
    0.1911519198664441,
    0.19482326746451434,
    0.1889785694405789,
    0.19727323316638842,
    0.20038964653492902,
    0.17612687813021702,
    0.17367102699693848,
    0.17868076816031173,
    0.18614357262103506
  ],
  "train_fnr": [
    0.04717710750193349,
    0.04097410127560881,
    0.03904136064940085,
    0.03440278314650174,
    0.03789636504253674,
    0.040587553150367224,
    0.04756380510440835,
    0.04793196752995748,
    0.04137664346481052,
    0.04638577502899111,
    0.03905645784996133,
    0.04176334106728538,
    0.038669760247486466,
    0.035175879396984924,
    0.03594897564746811,
    0.0363355237727097,
    0.036736272235112145,
    0.04097410127560881,
    0.03672207189795129,
    0.035189481825212685,
    0.028604561267877852,
    0.03209590100541377,
    0.02280633938925396,
    0.031310398144569,
    0.026295436968290797,
    0.02512562814070352,
    0.02745552977571539,
    0.027831465017394665,
    0.026285272516428294,
    0.02822892498066512
  ],
  "val_loss": [
    1.1639747418261863,
    2.3286587728841885,
    0.8993678851707562,
    0.9248285852574013,
    1.2672138478304888,
    1.0558316918643744,
    0.9037127065497476,
    1.580428603049871,
    2.358543393982423,
    1.3836368037236704,
    1.9003141174445282,
    0.8199609311851295,
    1.5216504989443598,
    0.8703511377444139,
    1.3532390350425565,
    1.5988397877764058,
    1.0788010298400312,
    1.0069718787396276,
    0.9172424799687153,
    0.6811324062379631,
    1.825038646040736,
    1.5005313445587416,
    0.8957193549420382,
    1.8617366812116392,
    1.1810164044837694,
    1.475376157663964,
    1.193445632868522,
    1.6061145304828077,
    1.2369360881077276,
    2.1232897121358563
  ],
  "val_dice": [
    0.5317009025429552,
    0.5577360723066974,
    0.5677048262384896,
    0.5912491129157511,
    0.7333477527104519,
    0.7460250599964245,
    0.7222335554508341,
    0.7189639049506671,
    0.61574683409889,
    0.7305438452073045,
    0.7009246993910622,
    0.7520314799369993,
    0.7286490369286086,
    0.7788367249172281,
    0.7481677505716279,
    0.7053621425016506,
    0.7602602109161986,
    0.7696749523684785,
    0.7761688276722625,
    0.7982248054414585,
    0.7113900860670853,
    0.7301916930421785,
    0.7662485939425391,
    0.7202971092400116,
    0.7674928513733117,
    0.7411234979744296,
    0.7630513739369407,
    0.7230783338482315,
    0.7594364711964453,
    0.6886358893526768
  ],
  "val_fpr": [
    0.39753086419753086,
    0.15308641975308643,
    0.39753086419753086,
    0.4049382716049383,
    0.17037037037037037,
    0.15308641975308643,
    0.24444444444444444,
    0.044444444444444446,
    0.0345679012345679,
    0.1037037037037037,
    0.04197530864197531,
    0.1925925925925926,
    0.07901234567901234,
    0.15555555555555556,
    0.12098765432098765,
    0.2123456790123457,
    0.18024691358024691,
    0.2271604938271605,
    0.12345679012345678,
    0.21481481481481482,
    0.12345679012345678,
    0.2222222222222222,
    0.2765432098765432,
    0.07901234567901234,
    0.1728395061728395,
    0.1037037037037037,
    0.254320987654321,
    0.27901234567901234,
    0.16790123456790124,
    0.1037037037037037
  ],
  "val_fnr": [
    0.013513513513513514,
    0.07027027027027027,
    0.016216216216216217,
    0.01891891891891892,
    0.03513513513513514,
    0.032432432432432434,
    0.010810810810810811,
    0.05945945945945946,
    0.11351351351351352,
    0.02702702702702703,
    0.06756756756756757,
    0.02702702702702703,
    0.04594594594594595,
    0.021621621621621623,
    0.03513513513513514,
    0.04054054054054054,
    0.02702702702702703,
    0.021621621621621623,
    0.021621621621621623,
    0.013513513513513514,
    0.03513513513513514,
    0.03513513513513514,
    0.01891891891891892,
    0.07027027027027027,
    0.024324324324324326,
    0.043243243243243246,
    0.013513513513513514,
    0.03783783783783784,
    0.021621621621621623,
    0.06486486486486487
  ]
}