{
  "dice": 0.8234382270181433,
  "hd95_mean": 8.60138988494873,
  "hd95_median": 6.0,
  "hd95_count": 368,
  "fpr": 0.10025062656641603,
  "fnr": 0.02127659574468085
}