{
  "train_loss": [
    0.4437168308756721,
    0.3386445843347921,
    0.3205115934702712,
    0.3136334759315337,
    0.2998483287919668,
    0.2902948036323504,
    0.28835658864329494,
    0.27919390707834973,
    0.27679325459475435,
    0.2733750338192464,
    0.2612650756824744,
    0.25829098756091323,
    0.25315479537784025,
    0.249759504527833,
    0.24836673452307548,
    0.24110442192435078,
    0.2395130005444456,
    0.2356596808058555,
    0.2343322569052565,
    0.2302475802262251,
    0.22937405760019597,
    0.2266458187351391,
    0.22537038602366322,
    0.22640908335874374,
    0.21861898605195165,
    0.21834912013513194,
    0.2187351171446145,
    0.21588613328426284,
    0.21698363638353274,
    0.21547146037757303
  ],
  "train_dice": [
    0.5920696957154133,
    0.6631137996122283,
    0.6807328780438449,
    0.6869091863420157,
    0.7003195572850612,
    0.7097894829690256,
    0.7117109095738947,
    0.7208694879431369,
    0.723262555101048,
    0.7266686626942099,
    0.73876394116326,
    0.7417285254694986,
    0.7469113054240767,
    0.7502636487163233,
    0.75167079028347,
    0.7589435923486767,
    0.7605154711896719,
    0.7643575592450025,
    0.7656866332360489,
    0.7697695921399632,
    0.7706793764187461,
    0.7733668723300862,
    0.7746665029396108,
    0.7736446486023967,
    0.7814101770606673,
    0.7816507951086838,
    0.7813063652942567,
    0.784165294844029,
    0.7830274853485903,
    0.784550192665144
  ],
  "train_fpr": [
    0.5616081229418222,
    0.48669045005488476,
    0.36882546652030734,
    0.21388393469611744,
    0.2022502744237102,
    0.21144346871569702,
    0.17755214050493962,
    0.18674533479692645,
    0.18358946212952798,
    0.20554335894621295,
    0.19772228320526894,
    0.20252469813391877,
    0.19058726673984633,
    0.19950603732162459,
    0.18660812294182216,
    0.2052689352360044,
    0.2149814789408698,
    0.21501097694840834,
    0.19978046103183314,
    0.20252469813391877,
    0.19909440175631174,
    0.2037596048298573,
    0.18262897914379803,
    0.17313760460968583,
    0.20153656194265332,
    0.19813391877058179,
    0.16781009879253567,
    0.18111964873765093,
    0.15518660812294183,
    0.17974753018660813
  ],
  "train_fnr": [
    0.02171361502347418,
    0.023865414710485134,
    0.049491392801251956,
    0.08354529446292311,
    0.08587636932707356,
    0.0848982785602504,
    0.09604851330203443,
    0.09213615023474178,
    0.09233176838810642,
    0.08763693270735524,
    0.08333333333333333,
    0.07785602503912363,
    0.07981220657276995,
    0.07961658841940532,
    0.08235524256651017,
    0.07042253521126761,
    0.07317550381530033,
    0.0667057902973396,
    0.0721830985915493,
    0.06807511737089202,
    0.07140062597809077,
    0.0667057902973396,
    0.07042253521126761,
    0.07337116024261398,
    0.061827431031109374,
    0.06240219092331768,
    0.07061815336463224,
    0.06474960876369328,
    0.06944444444444445,
    0.06259780907668232
  ],
  "val_loss": [
    0.3118006025369351,
    0.23707179178500318,
    0.211400133089201,
    0.23119025020557044,
    0.21798359369032483,
    0.21235948968568497,
    0.2720865013860386,
    0.2135287805421818,
    0.20817193000979678,
    0.21620423703856723,
    0.2522966852907598,
    0.24927564935218652,
    0.25646342636918174,
    0.24946790157690557,
    0.21495439235628003,
    0.17872345191839883,
    0.18510533675286897,
    0.22378351120553777,
    0.2203415940851855,
    0.1918405381709161,
    0.21631419923178544,
    0.22329204428125415,
    0.22202728415381978,
    0.1924843773157639,
    0.262699409790293,
    0.19907736425569073,
    0.23286396943958554,
    0.23718095628114846,
    0.20703978677825816,
    0.22631987858806135
  ],
  "val_dice": [
    0.6877049898818968,
    0.7642679933855343,
    0.7901434676622497,
    0.769166708852236,
    0.7822445271944506,
    0.7877108951777043,
    0.7280116039025184,
    0.7864536835079098,
    0.7918264641145454,
    0.7838023072163735,
    0.7477205546859366,
    0.750723810563382,
    0.743576896834303,
    0.7505704351871677,
    0.7851385112077592,
    0.8213107207205874,
    0.8149234000262777,
    0.7761600289119066,
    0.779711584742429,
    0.8082699767319408,
    0.7837399841236645,
    0.7766360112661551,
    0.7779404595053407,
    0.8075083080877566,
    0.7373373227072715,
    0.8009592347155662,
    0.7670836656536224,
    0.7628432477675599,
    0.79299282192214,
    0.773660880265504
  ],
  "val_fpr": [
    0.28489702517162474,
    0.21052631578947367,
    0.15217391304347827,
    0.10640732265446225,
    0.12585812356979406,
    0.22540045766590389,
    0.021739130434782608,
    0.17734553775743708,
    0.13272311212814644,
    0.13386727688787187,
    0.020594965675057208,
    0.06521739130434782,
    0.04691075514874142,
    0.032036613272311214,
    0.04919908466819222,
    0.17848970251716248,
    0.2745995423340961,
    0.07322654462242563,
    0.06407322654462243,
    0.09610983981693363,
    0.03775743707093822,
    0.03318077803203661,
    0.04805491990846682,
    0.15675057208237986,
    0.019450800915331808,
    0.12585812356979406,
    0.02745995423340961,
    0.029748283752860413,
    0.07322654462242563,
    0.06178489702517163
  ],
  "val_fnr": [
    0.05621301775147929,
    0.04437869822485207,
    0.07840236686390532,
    0.10650887573964497,
    0.08579881656804733,
    0.05917159763313609,
    0.14644970414201183,
    0.06804733727810651,
    0.07248520710059171,
    0.10502958579881656,
    0.14940828402366865,
    0.1227810650887574,
    0.1346153846153846,
    0.12721893491124261,
    0.09763313609467456,
    0.047337278106508875,
    0.022189349112426034,
    0.10355029585798817,
    0.08136094674556213,
    0.060650887573964495,
    0.10502958579881656,
    0.08284023668639054,
    0.09319526627218935,
    0.06360946745562131,
    0.1242603550295858,
    0.07544378698224852,
    0.09319526627218935,
    0.09467455621301775,
    0.07840236686390532,
    0.07988165680473373
  ],
  "train_dice_loss": [
    0.4437168308756721,
    0.3386445843347921,
    0.3205115934702712,
    0.3136334759315337,
    0.2998483287919668,
    0.2902948036323504,
    0.28835658864329494,
    0.27919390707834973,
    0.27679325459475435,
    0.2733750338192464,
    0.2612650756824744,
    0.25829098756091323,
    0.25315479537784025,
    0.249759504527833,
    0.24836673452307548,
    0.24110442192435078,
    0.2395130005444456,
    0.2356596808058555,
    0.2343322569052565,
    0.2302475802262251,
    0.22937405760019597,
    0.2266458187351391,
    0.22537038602366322,
    0.22640908335874374,
    0.21861898605195165,
    0.21834912013513194,
    0.2187351171446145,
    0.21588613328426284,
    0.21698363638353274,
    0.21547146037757303
  ],
  "val_dice_loss": [
    0.3118006025369351,
    0.23707179178500318,
    0.211400133089201,
    0.23119025020557044,
    0.21798359369032483,
    0.21235948968568497,
    0.2720865013860386,
    0.2135287805421818,
    0.20817193000979678,
    0.21620423703856723,
    0.2522966852907598,
    0.24927564935218652,
    0.25646342636918174,
    0.24946790157690557,
    0.21495439235628003,
    0.17872345191839883,
    0.18510533675286897,
    0.22378351120553777,
    0.2203415940851855,
    0.1918405381709161,
    0.21631419923178544,
    0.22329204428125415,
    0.22202728415381978,
    0.1924843773157639,
    0.262699409790293,
    0.19907736425569073,
    0.23286396943958554,
    0.23718095628114846,
    0.20703978677825816,
    0.22631987858806135
  ]
}