{
  "dice": 0.7871328712817643,
  "hd95_mean": 16.221628189086914,
  "hd95_median": 7.0,
  "hd95_count": 597,
  "fpr": 0.25,
  "fnr": 0.06426332288401254,
  "selected_threshold": 0.5
}