{
  "selected_threshold": 0.5,
  "dice": 0.7871328712817643,
  "hd95_median": 7.0,
  "fnr": 0.06426332288401254,
  "fpr": 0.25
}