{
  "thresholds": [
    0.5,
    0.55,
    0.6,
    0.65,
    0.7
  ],
  "val_dice_by_threshold": {
    "0.50": 0.8213107207205874,
    "0.55": 0.8212127263641217,
    "0.60": 0.8210545549576981,
    "0.65": 0.8208743170366661,
    "0.70": 0.8207606247918316
  },
  "best_threshold": 0.5,
  "best_val_dice": 0.8213107207205874
}