{
  "thresholds": [
    0.5,
    0.55,
    0.6,
    0.65,
    0.7
  ],
  "val_dice_by_threshold": {
    "0.50": 0.8375638804740145,
    "0.55": 0.8353698937840258,
    "0.60": 0.8338782739820036,
    "0.65": 0.8320726654630088,
    "0.70": 0.8295751248524915
  },
  "best_threshold": 0.5,
  "best_val_dice": 0.8375638804740145
}