{
  "selected_threshold": 0.5,
  "dice": 0.7730183078919108,
  "hd95_median": 4.920820236206055,
  "fnr": 0.09247648902821316,
  "fpr": 0.16885964912280702
}