{
  "dice": 0.7730183078919108,
  "hd95_mean": 7.256034851074219,
  "hd95_median": 4.4721360206604,
  "hd95_count": 573,
  "fpr": 0.14692982456140352,
  "fnr": 0.10188087774294671
}