{
  "train_loss": [
    1.0543050605696582,
    0.8180249260172994,
    0.7292770952630641,
    0.6621215342367232,
    0.6228964527647245,
    0.578009404275567,
    0.5394783409163706,
    0.5223908935103665,
    0.49977508694300843,
    0.48216080255522187,
    0.4746851869754025,
    0.4622692481310284,
    0.45316757621305565,
    0.4448323092182668,
    0.43471347252654235,
    0.42967665968512025,
    0.41811580735235065,
    0.4158632975786697,
    0.40544247125499383,
    0.40318910749142617,
    0.39525007132336576,
    0.391334188334396,
    0.38456686723899336,
    0.3796335521205674,
    0.37440663007966485,
    0.3706581980406842,
    0.3659361133097179,
    0.363056648744194,
    0.356778817341341,
    0.3524692183135599
  ],
  "train_dice": [
    0.6460167964254003,
    0.7015287516968753,
    0.7246181555958787,
    0.7425852536561001,
    0.7522218978798519,
    0.7621902308020084,
    0.7725790362963263,
    0.7759156399076741,
    0.7832520936312005,
    0.7879136114269554,
    0.7892567653794259,
    0.7936864740087664,
    0.7971649523106369,
    0.8022853001439042,
    0.8042702831136548,
    0.8065011247688574,
    0.8091535252994637,
    0.8112628923820536,
    0.8158478956105418,
    0.8161879709321,
    0.8188004750565986,
    0.819632025255499,
    0.821951445017897,
    0.825210713483488,
    0.8258873507667663,
    0.8291806411748702,
    0.831323176099057,
    0.8310380734663987,
    0.8333801787333481,
    0.8349612676222377
  ],
  "train_fpr": [
    0.37459919141224035,
    0.30507529280535417,
    0.26125749337794507,
    0.24254251463618623,
    0.22654398438589154,
    0.2205492820298341,
    0.2083100948131623,
    0.22378694924707196,
    0.2179004600585529,
    0.2112086992890004,
    0.2206886937125331,
    0.21633677167549484,
    0.21131865068302202,
    0.2095357590966123,
    0.2195427934206858,
    0.22626516102049352,
    0.21243378868134932,
    0.21413634462567963,
    0.21985222361633905,
    0.2120451693851945,
    0.2040987034713509,
    0.19696124895455813,
    0.2068869371253311,
    0.20758399553882614,
    0.21343928621218458,
    0.2062186279977691,
    0.1997769413076816,
    0.21678516659696082,
    0.19921929457688553,
    0.21831869510664995
  ],
  "train_fnr": [
    0.04774016826452749,
    0.03990610328638498,
    0.04265310115437292,
    0.043639921722113506,
    0.04265310115437292,
    0.042457444727059285,
    0.03697183098591549,
    0.036776212832550864,
    0.03913128546272745,
    0.03287027978869106,
    0.03169634122480924,
    0.02818003913894325,
    0.02837573385518591,
    0.028174525533163765,
    0.026027397260273973,
    0.023087458423009195,
    0.02563600782778865,
    0.030326746233613776,
    0.021913519859127373,
    0.025826648405400117,
    0.026217961260027393,
    0.027984344422700588,
    0.026022304832713755,
    0.021130894149872823,
    0.023087458423009195,
    0.022887323943661973,
    0.019761299158677362,
    0.018196047740168263,
    0.021130894149872823,
    0.020935237722559185
  ],
  "val_loss": [
    0.6209941738720476,
    0.7320175393974993,
    1.6293601623830005,
    0.5672850538728506,
    1.0385414736246217,
    0.7293036427106377,
    0.5326049825143532,
    0.8339714310931031,
    0.8748013515179679,
    0.8066894361782356,
    0.5702490732514647,
    0.5311431115900976,
    0.6343076311977658,
    0.593791874379096,
    0.5625542292933492,
    0.7018175473403648,
    0.6521267566455187,
    0.6136100216377416,
    0.5961656433326252,
    0.7035105228864935,
    0.9292903904687371,
    0.6717682949008321,
    0.7232842066672427,
    0.8460628306548271,
    0.8799558532969839,
    0.9313779736940677,
    0.7997736221058129,
    0.7646785151411796,
    0.9567716608386068,
    0.7339371007663258
  ],
  "val_dice": [
    0.7732387991104077,
    0.7533675746870994,
    0.6634869455003741,
    0.8032001175383139,
    0.725643553633309,
    0.7654011513081727,
    0.8182734492835562,
    0.7783760071936003,
    0.766777001877905,
    0.7830376453344992,
    0.8267673714914409,
    0.8291493717845552,
    0.8193198638663699,
    0.8241916501945568,
    0.8300269593942095,
    0.8175253939192147,
    0.8221583416073764,
    0.8341160515025698,
    0.8375638804740145,
    0.8120732146960038,
    0.789977974558701,
    0.8236414805060175,
    0.8299026535217755,
    0.8082507455765584,
    0.8122831858169651,
    0.8049939326141525,
    0.8199790746811226,
    0.8302101815703529,
    0.8085019577503998,
    0.8298984026679626
  ],
  "val_fpr": [
    0.2585596221959858,
    0.10861865407319952,
    0.012987012987012988,
    0.10153482880755609,
    0.05430932703659976,
    0.030696576151121605,
    0.17119244391971664,
    0.05076741440377804,
    0.04604486422668241,
    0.047225501770956316,
    0.10861865407319952,
    0.1357733175914994,
    0.08736717827626919,
    0.1192443919716647,
    0.09327036599763873,
    0.08618654073199528,
    0.09090909090909091,
    0.053128689492325853,
    0.05785123966942149,
    0.05076741440377804,
    0.048406139315230225,
    0.1050767414403778,
    0.089728453364817,
    0.09917355371900827,
    0.09208972845336481,
    0.04014167650531287,
    0.12160566706021252,
    0.09563164108618655,
    0.0448642266824085,
    0.09327036599763873
  ],
  "val_fnr": [
    0.047337278106508875,
    0.11242603550295859,
    0.16568047337278108,
    0.05621301775147929,
    0.10798816568047337,
    0.08875739644970414,
    0.03106508875739645,
    0.06656804733727811,
    0.07248520710059171,
    0.07544378698224852,
    0.029585798816568046,
    0.02514792899408284,
    0.04142011834319527,
    0.034023668639053255,
    0.034023668639053255,
    0.04142011834319527,
    0.042899408284023666,
    0.03994082840236687,
    0.04585798816568047,
    0.04585798816568047,
    0.05325443786982249,
    0.03550295857988166,
    0.03254437869822485,
    0.042899408284023666,
    0.029585798816568046,
    0.047337278106508875,
    0.03698224852071006,
    0.026627218934911243,
    0.042899408284023666,
    0.029585798816568046
  ]
}