{
  "thresholds": [
    0.5,
    0.55,
    0.6,
    0.65,
    0.7
  ],
  "val_dice_by_threshold": {
    "0.50": 0.8155469488154149,
    "0.55": 0.8121354292152372,
    "0.60": 0.8080446700945761,
    "0.65": 0.8033084351288364,
    "0.70": 0.797880708818605
  },
  "best_threshold": 0.5,
  "best_val_dice": 0.8155469488154149
}