{
  "dice": 0.7909361325834986,
  "hd95_mean": 8.579505920410156,
  "hd95_median": 5.0,
  "hd95_count": 604,
  "fpr": 0.24232456140350878,
  "fnr": 0.05329153605015674
}