{
  "selected_threshold": 0.5,
  "dice": 0.7909361325834986,
  "hd95_median": 5.099019527435303,
  "fnr": 0.048589341692789965,
  "fpr": 0.30701754385964913
}