{
  "train_loss": [
    0.5684996726965512,
    0.41806980785775305,
    0.3738750400624089,
    0.34216876702197263,
    0.32150410797218826,
    0.3072229291623445,
    0.295346265843106,
    0.289904163997323,
    0.27960163520911835,
    0.27565670839682693,
    0.2690898633996257,
    0.26493988480061703,
    0.25986187147403067,
    0.2751131548783686,
    0.32406907631503507,
    0.3119137824562764,
    0.30862012980706305,
    0.299685503542569,
    0.2987590503378335,
    0.2940441805904327,
    0.2922659476603449,
    0.29634136004763456,
    0.28131032874907935,
    0.2846964090899277,
    0.279945979743607,
    0.2737665469729063,
    0.27635589230027924,
    0.2750886030293997,
    0.2775544867195033,
    0.2696922363371176
  ],
  "train_dice": [
    0.6386048908618981,
    0.7099255543777839,
    0.7386931677019459,
    0.7595484634759287,
    0.7719414169186549,
    0.7831632036689233,
    0.7909144014342366,
    0.7955701367474848,
    0.8020187493076946,
    0.8056664006249563,
    0.8096709517487642,
    0.8134939543655008,
    0.8166629500005489,
    0.8113720458647048,
    0.784527016739104,
    0.7897905263910553,
    0.7924422387263342,
    0.7963465016633724,
    0.7972564083791729,
    0.7994730392111256,
    0.8010079145323645,
    0.7983464997203441,
    0.8070039557532858,
    0.8060602885219967,
    0.8083554227790694,
    0.8117092136919997,
    0.8090895441933122,
    0.8107190287362758,
    0.8088562291314506,
    0.8145071222581519
  ],
  "train_fpr": [
    0.3442074445838561,
    0.2572504182933631,
    0.246619266694549,
    0.23445776414831335,
    0.24717691342534504,
    0.2449463265021609,
    0.23870607919687675,
    0.25543781372002233,
    0.2261257493377945,
    0.24606161996375298,
    0.24397044472326782,
    0.24254251463618623,
    0.24393643713409535,
    0.22389516241461035,
    0.061193197658210206,
    0.0561829081277011,
    0.05087817117368274,
    0.055764673079604074,
    0.05534643803150704,
    0.05520702634880803,
    0.04753938380036247,
    0.04530248118204628,
    0.05855290673358427,
    0.04851526557925554,
    0.04572703192527534,
    0.04866146123814835,
    0.04489056182908128,
    0.041684093127004045,
    0.04182350480970305,
    0.04963055904084762
  ],
  "train_fnr": [
    0.05947955390334572,
    0.04714397496087637,
    0.04187047544511837,
    0.04461839530332681,
    0.03560946977108198,
    0.03560946977108198,
    0.03325508607198748,
    0.03345070422535211,
    0.033652905497945605,
    0.02915280766973195,
    0.025826648405400117,
    0.02289628180039139,
    0.0273972602739726,
    0.034631187634513796,
    0.08571428571428572,
    0.08491488945411857,
    0.08669275929549902,
    0.0829583251809822,
    0.079827822343964,
    0.08061044805321854,
    0.08158873018978674,
    0.08727984344422701,
    0.07552338094306398,
    0.07884954020739582,
    0.07219722167873215,
    0.07198748043818466,
    0.07728428878888671,
    0.07376247309724124,
    0.07630600665231853,
    0.07063197026022305
  ],
  "val_loss": [
    0.3066847186601726,
    0.41839378311701075,
    0.3479574370093247,
    0.31454813661130926,
    0.3667903963322117,
    0.34177864234916555,
    0.3518311660406152,
    0.32327554370524614,
    0.39545525544317517,
    0.34740558125563625,
    0.3092783525718387,
    0.3320578915348067,
    0.32781278218567017,
    0.6519909919895364,
    0.5495075556344887,
    0.5108989391850649,
    0.5382566245923028,
    0.4712844776463579,
    0.47497847462458725,
    0.37661087795122133,
    0.6513469217664744,
    0.5748311950874752,
    0.3860036375981993,
    0.5666241395182511,
    0.5089838108014778,
    0.506341783318823,
    0.3180908374047491,
    0.6386034081541222,
    0.5367715616638844,
    0.5484205822531993
  ],
  "val_dice": [
    0.7898514820207682,
    0.702690450369915,
    0.762705648204962,
    0.7747041995226566,
    0.7510669987718299,
    0.7770891005019024,
    0.7913231497917038,
    0.80283198804049,
    0.7474424210693907,
    0.7807279057888943,
    0.8155469488154149,
    0.7995437455402147,
    0.796913575678623,
    0.749670085943574,
    0.7541046808280888,
    0.7620220231222947,
    0.772146590467344,
    0.7655785584590844,
    0.7698054754797964,
    0.784633841795417,
    0.7224819148785969,
    0.7441663144641286,
    0.7822478561381088,
    0.7607846101249992,
    0.7751439988348611,
    0.760979805869111,
    0.8148131188523222,
    0.7141481769869115,
    0.7609982499136374,
    0.7735301958915044
  ],
  "val_fpr": [
    0.21369539551357733,
    0.0059031877213695395,
    0.05430932703659976,
    0.05076741440377804,
    0.03778040141676505,
    0.06847697756788666,
    0.2066115702479339,
    0.12632821723730814,
    0.08028335301062574,
    0.0602125147579693,
    0.1511216056670602,
    0.18890200708382526,
    0.12632821723730814,
    0.01652892561983471,
    0.011806375442739079,
    0.01652892561983471,
    0.011806375442739079,
    0.011806375442739079,
    0.02833530106257379,
    0.011806375442739079,
    0.010625737898465172,
    0.010625737898465172,
    0.03896103896103896,
    0.014167650531286895,
    0.008264462809917356,
    0.014167650531286895,
    0.030696576151121605,
    0.0011806375442739079,
    0.0023612750885478157,
    0.004722550177095631
  ],
  "val_fnr": [
    0.03994082840236687,
    0.14349112426035504,
    0.07100591715976332,
    0.05325443786982249,
    0.07248520710059171,
    0.051775147928994084,
    0.03994082840236687,
    0.03550295857988166,
    0.060650887573964495,
    0.07248520710059171,
    0.02514792899408284,
    0.023668639053254437,
    0.03698224852071006,
    0.10650887573964497,
    0.11686390532544379,
    0.10355029585798817,
    0.10650887573964497,
    0.10798816568047337,
    0.09171597633136094,
    0.08875739644970414,
    0.14497041420118342,
    0.1301775147928994,
    0.07248520710059171,
    0.09023668639053255,
    0.10650887573964497,
    0.11538461538461539,
    0.057692307692307696,
    0.15680473372781065,
    0.11982248520710059,
    0.11834319526627218
  ]
}