{
  "dice": 0.770373461651324,
  "hd95_mean": 8.742682456970215,
  "hd95_median": 5.0,
  "hd95_count": 365,
  "fpr": 0.07712765957446809,
  "fnr": 0.08521303258145363
}