{
  "train_loss": [
    1.1397364051682544,
    0.9554604252313709,
    0.8788047219674151,
    0.7995655264330653,
    0.7411895214800944,
    0.6951141861986156,
    0.6511203964903682,
    0.6165460582246428,
    0.6076383368858883,
    0.5694046543950254,
    0.5507981915179384,
    0.5285855132734051,
    0.5154961696700067,
    0.4952036891266838,
    0.4861209493706579,
    0.46389458643121495,
    0.44992941941271675,
    0.43669903456784404,
    0.41908247362916023,
    0.4130680120575267,
    0.40407460380636445,
    0.3981132729778467,
    0.39065302808855745,
    0.3846716913296743,
    0.38287331600597985,
    0.3670488756762499,
    0.3749470210315341,
    0.35818177744097357,
    0.3519314953011346,
    0.35366709616354053
  ],
  "train_dice": [
    0.6570291816846097,
    0.7095695538228683,
    0.7222441249805315,
    0.7430870386049244,
    0.7568513248767774,
    0.7722859406947262,
    0.7782364478981536,
    0.7864885225160713,
    0.7927561797133112,
    0.7973717333946109,
    0.8017830956892338,
    0.8017356969848242,
    0.808893391300362,
    0.8121239820155441,
    0.8156780389926953,
    0.8180475388324957,
    0.8225485742939552,
    0.8251079254271183,
    0.829347235422373,
    0.8324788929852615,
    0.8313062528606963,
    0.8359386920138573,
    0.8389195923696275,
    0.8396586565015552,
    0.8401831908895446,
    0.8422226169217915,
    0.8430134704638574,
    0.848686424143439,
    0.8514251313186265,
    0.8512710946844192
  ],
  "train_fpr": [
    0.459841628959276,
    0.37160633484162897,
    0.32748868778280543,
    0.3026018099547511,
    0.291289592760181,
    0.2927036199095023,
    0.2932692307692308,
    0.26357466063348417,
    0.24915158371040724,
    0.24717194570135748,
    0.22448402601074358,
    0.22115384615384615,
    0.229920814479638,
    0.2002262443438914,
    0.21804298642533937,
    0.22426470588235295,
    0.22539592760180996,
    0.23274886877828055,
    0.2092168504382245,
    0.1965497737556561,
    0.21889140271493213,
    0.2001696352841391,
    0.2050339366515837,
    0.1959841628959276,
    0.18580316742081449,
    0.1996606334841629,
    0.2149321266968326,
    0.18156108597285067,
    0.2081447963800905,
    0.19089366515837103
  ],
  "train_fnr": [
    0.03003003003003003,
    0.02702702702702703,
    0.029654654654654656,
    0.030405405405405407,
    0.02927927927927928,
    0.02702702702702703,
    0.028528528528528527,
    0.024399399399399398,
    0.02665165165165165,
    0.022147147147147148,
    0.02328201276755539,
    0.02702702702702703,
    0.02364864864864865,
    0.025525525525525526,
    0.020645645645645645,
    0.026276276276276277,
    0.021021021021021023,
    0.019894894894894894,
    0.022155463762673678,
    0.01951951951951952,
    0.019144144144144143,
    0.016147202403304545,
    0.017267267267267267,
    0.016516516516516516,
    0.021396396396396396,
    0.017267267267267267,
    0.016891891891891893,
    0.015765765765765764,
    0.013513513513513514,
    0.013138138138138139
  ],
  "val_loss": [
    0.7734398094090549,
    0.718874993649396,
    0.6765582985950239,
    0.8806548190839363,
    0.6860904885060859,
    0.5837490311174681,
    0.7021380166212717,
    0.7530680904785793,
    1.1310397196899762,
    0.8403571568655245,
    0.7748080786430475,
    1.090949872045806,
    1.1994569500287373,
    0.9563648465907935,
    0.8884758324334115,
    0.8513072784199859,
    0.7947433467164184,
    1.1475877956910567,
    1.1263003286087152,
    0.7802158402674126,
    0.8340953948822889,
    0.8823861015565467,
    0.9986524099653418,
    0.9021508636799725,
    0.8919479525450504,
    0.9717974698904789,
    0.7987617707613742,
    0.6432574901616934,
    0.8505293706149766,
    0.8653663231567903
  ],
  "val_dice": [
    0.6044993164300015,
    0.6667621070236871,
    0.6529466753994877,
    0.685181723075044,
    0.7144884287774789,
    0.6802441815083677,
    0.6842057647804419,
    0.7034782528595039,
    0.6528542119417001,
    0.7057979109358381,
    0.7027158126235008,
    0.6624236399378401,
    0.6465591489534938,
    0.7065153332991582,
    0.6960028709194651,
    0.6984842884805844,
    0.7192743437223588,
    0.7064641567567984,
    0.6738822892844452,
    0.6916707343675873,
    0.7104523915063703,
    0.7266480750291411,
    0.703091955503844,
    0.7040570514587065,
    0.7159274544679757,
    0.7199553591396772,
    0.714898434964319,
    0.7229400605019747,
    0.7224417683499104,
    0.7006460751773733
  ],
  "val_fpr": [
    0.22696629213483147,
    0.3393258426966292,
    0.35280898876404493,
    0.1393258426966292,
    0.10786516853932585,
    0.3887640449438202,
    0.17752808988764046,
    0.20224719101123595,
    0.0898876404494382,
    0.038202247191011236,
    0.08764044943820225,
    0.20674157303370785,
    0.06292134831460675,
    0.07865168539325842,
    0.15730337078651685,
    0.09887640449438202,
    0.09662921348314607,
    0.06292134831460675,
    0.14157303370786517,
    0.2808988764044944,
    0.056179775280898875,
    0.08089887640449438,
    0.05393258426966292,
    0.04719101123595506,
    0.08089887640449438,
    0.0696629213483146,
    0.1101123595505618,
    0.19101123595505617,
    0.08314606741573034,
    0.07415730337078652
  ],
  "val_fnr": [
    0.03636363636363636,
    0.006060606060606061,
    0.0030303030303030303,
    0.045454545454545456,
    0.03636363636363636,
    0.0030303030303030303,
    0.02727272727272727,
    0.006060606060606061,
    0.05454545454545454,
    0.07878787878787878,
    0.05454545454545454,
    0.02727272727272727,
    0.09393939393939393,
    0.051515151515151514,
    0.03333333333333333,
    0.045454545454545456,
    0.06060606060606061,
    0.06363636363636363,
    0.045454545454545456,
    0.030303030303030304,
    0.07575757575757576,
    0.051515151515151514,
    0.0696969696969697,
    0.0696969696969697,
    0.0696969696969697,
    0.07272727272727272,
    0.051515151515151514,
    0.051515151515151514,
    0.05757575757575758,
    0.06363636363636363
  ]
}