{
  "dice": 0.8180519071008477,
  "hd95_mean": 4.789604663848877,
  "hd95_median": 2.8284270763397217,
  "hd95_count": 290,
  "fpr": 0.05139186295503212,
  "fnr": 0.05844155844155844
}