{
  "train_loss": [
    1.1814281867164274,
    1.0353754380059477,
    0.9633247429478974,
    0.9224898034011296,
    0.893508592901049,
    0.8749087369153867,
    0.8373624354645908,
    0.7922939041445911,
    0.7781282742321491,
    0.7148917441032391,
    0.718878303409185,
    0.6996755393818471,
    0.6675749034105763,
    0.6519928978170346,
    0.6485518730355263,
    0.6159968178733339,
    0.5812737524717563,
    0.5711037841364994,
    0.5659319920641072,
    0.5491325507983256,
    0.5310496946901544,
    0.5296978945805216,
    0.5043072587729625,
    0.5070472765343793,
    0.49860343515872957,
    0.4792221367792302,
    0.46926254460834105,
    0.46725355224610726,
    0.4676084131314743,
    0.4386499701918296
  ],
  "train_dice": [
    0.6066835498538578,
    0.6617447280511093,
    0.6807035246467384,
    0.6936605224669227,
    0.7018799653831235,
    0.7119395601875472,
    0.724986466201987,
    0.7337342810391613,
    0.7382518659648046,
    0.7495430291758389,
    0.7491653453439193,
    0.7536588813279533,
    0.7618268277788258,
    0.7718623921397487,
    0.7704318950977599,
    0.7769921080028322,
    0.7817097191723723,
    0.7831033865492981,
    0.7892494836871354,
    0.7943647297812227,
    0.7988526611126574,
    0.7970901450950582,
    0.8041994061419424,
    0.8072900166858198,
    0.8071385321147599,
    0.8098688786692929,
    0.8138573935895034,
    0.8144219987934281,
    0.8162556333614026,
    0.8183444044921758
  ],
  "train_fpr": [
    0.453954802259887,
    0.38587570621468925,
    0.3187341056795705,
    0.2975416784402374,
    0.277479513987002,
    0.2669491525423729,
    0.21955354619949138,
    0.20344730149759818,
    0.17693612210288298,
    0.17914665159649618,
    0.1695873374788016,
    0.17542372881355933,
    0.1737779033625318,
    0.1556936987849675,
    0.1635593220338983,
    0.15121537591859807,
    0.16388810398417633,
    0.16897428652161628,
    0.15686828716789147,
    0.15597626448149193,
    0.15286804181972308,
    0.15149802148106276,
    0.14782362916902206,
    0.15052245128494776,
    0.15036743923120408,
    0.14297824244136761,
    0.1317128321085359,
    0.1384180790960452,
    0.13587570621468928,
    0.14414923685698133
  ],
  "train_fnr": [
    0.030966767371601207,
    0.019259818731117824,
    0.022272555681389205,
    0.029067572668931674,
    0.027180067950169876,
    0.030211480362537766,
    0.025292563231408077,
    0.028690071725179313,
    0.029811320754716982,
    0.028312570781426953,
    0.02339622641509434,
    0.02756797583081571,
    0.022272555681389205,
    0.02453756134390336,
    0.021148036253776436,
    0.027924528301886794,
    0.022272555681389205,
    0.01925254813137033,
    0.020754716981132074,
    0.020762551906379767,
    0.015855039637599093,
    0.018113207547169812,
    0.017358490566037735,
    0.017378163959199094,
    0.019622641509433963,
    0.021517553793884484,
    0.01849056603773585,
    0.019259818731117824,
    0.01812688821752266,
    0.016981132075471698
  ],
  "val_loss": [
    0.7985734762500388,
    0.7805799154134897,
    0.8085218084585761,
    0.8713958813593938,
    0.6676969803296603,
    0.8891359235626949,
    0.8991023057019363,
    0.8378637529494591,
    0.5691880878624296,
    0.5179513155307315,
    0.5759656234034176,
    0.5775623637738215,
    0.5619240447444056,
    0.8746803659817268,
    0.5551633494127967,
    0.538834587806732,
    0.6620996229212227,
    0.540882668855652,
    0.6210931019378277,
    0.6131727470169017,
    0.7071254547458112,
    0.5697371422137759,
    0.5291559097779525,
    0.569089983202102,
    0.552805768874343,
    0.5091940831758616,
    0.5476280599437279,
    0.6502252319131037,
    0.5433148680852642,
    0.5863840383939465
  ],
  "val_dice": [
    0.7461698180267128,
    0.7340204069188324,
    0.7508827586626184,
    0.7445627855290152,
    0.7648270382528596,
    0.7389566441133263,
    0.7324026646759529,
    0.736667888273611,
    0.7932494491516595,
    0.7966030429584278,
    0.799575497710025,
    0.8008366058573166,
    0.7972924364261349,
    0.7497197948791462,
    0.8072650672803665,
    0.7878430305686174,
    0.7897571626487399,
    0.8035082591485123,
    0.802207153893276,
    0.7919316412164614,
    0.7887220443214046,
    0.8098720012119025,
    0.807550153401075,
    0.802577081385911,
    0.8067497841628462,
    0.8150040349708154,
    0.7998429214487974,
    0.7690818301483554,
    0.8004618767668699,
    0.7907092804509148
  ],
  "val_fpr": [
    0.2814070351758794,
    0.1884422110552764,
    0.1934673366834171,
    0.15326633165829145,
    0.2537688442211055,
    0.09547738693467336,
    0.08542713567839195,
    0.035175879396984924,
    0.26884422110552764,
    0.12814070351758794,
    0.07788944723618091,
    0.07035175879396985,
    0.08040201005025126,
    0.06281407035175879,
    0.0728643216080402,
    0.06281407035175879,
    0.05025125628140704,
    0.05025125628140704,
    0.04271356783919598,
    0.08542713567839195,
    0.08793969849246232,
    0.052763819095477386,
    0.0678391959798995,
    0.04522613065326633,
    0.06281407035175879,
    0.0678391959798995,
    0.05527638190954774,
    0.09045226130653267,
    0.23618090452261306,
    0.05778894472361809
  ],
  "val_fnr": [
    0.04774535809018567,
    0.06631299734748011,
    0.04509283819628647,
    0.050397877984084884,
    0.029177718832891247,
    0.07161803713527852,
    0.07161803713527852,
    0.07692307692307693,
    0.021220159151193633,
    0.042440318302387266,
    0.03978779840848806,
    0.042440318302387266,
    0.04774535809018567,
    0.05570291777188329,
    0.050397877984084884,
    0.03978779840848806,
    0.05305039787798409,
    0.03183023872679045,
    0.04509283819628647,
    0.04509283819628647,
    0.042440318302387266,
    0.034482758620689655,
    0.021220159151193633,
    0.034482758620689655,
    0.03183023872679045,
    0.029177718832891247,
    0.04509283819628647,
    0.034482758620689655,
    0.026525198938992044,
    0.03183023872679045
  ]
}