{
  "train_loss": [
    0.6216564478133941,
    0.440431723777404,
    0.4116695510718959,
    0.37649507498927276,
    0.3644773442027902,
    0.3501389314132835,
    0.3391602614018585,
    0.32607160868066054,
    0.32016253496033314,
    0.30923773565523954,
    0.3034867365045624,
    0.38403125804979227,
    0.3832821265286533,
    0.3657579553399232,
    0.3577364491676339,
    0.35081676812406964,
    0.35180449260227387,
    0.33840077101108784,
    0.3300068932893769,
    0.3249202833727571,
    0.3247698986957883,
    0.31820908086524224,
    0.30495881950573284,
    0.3190717169568305,
    0.30452074769329873,
    0.30895112771415495,
    0.3109877189090538,
    0.3024106639017342,
    0.2995078534754404,
    0.29579475442074354
  ],
  "train_dice": [
    0.6324014883242569,
    0.7031404820803568,
    0.719746177107217,
    0.7435184910229254,
    0.7524689225063408,
    0.762039872917828,
    0.7684728382799874,
    0.7758125150833967,
    0.7815201262605259,
    0.7878083411162536,
    0.7921793989257402,
    0.7607894877182381,
    0.7607372265250583,
    0.7659944505970605,
    0.7694695241193419,
    0.7714851664499792,
    0.7704387689768577,
    0.7792148013878196,
    0.7824435155313313,
    0.7830661702636426,
    0.7856851469385575,
    0.787470378985108,
    0.7953621410613597,
    0.7895371675591678,
    0.7951235809449103,
    0.7936135409452111,
    0.7901849224914433,
    0.7968032073115313,
    0.796380139842752,
    0.7995723922950791
  ],
  "train_fpr": [
    0.3704663212435233,
    0.32661870503597124,
    0.259568345323741,
    0.24265975820379965,
    0.2501439263097294,
    0.2538860103626943,
    0.24258992805755394,
    0.23891767415083479,
    0.24582613701784686,
    0.24582613701784686,
    0.25237410071942445,
    0.14248704663212436,
    0.062464018422567644,
    0.06937248128957973,
    0.06793321819228555,
    0.06676258992805756,
    0.05785837651122625,
    0.06620610247553253,
    0.06100719424460432,
    0.06649395509499137,
    0.06762589928057554,
    0.07453237410071943,
    0.07973517559009786,
    0.0656115107913669,
    0.07109959700633275,
    0.05699481865284974,
    0.05469199769717904,
    0.06016119746689695,
    0.06419113413932066,
    0.07915947035118019
  ],
  "train_fnr": [
    0.06993268511593119,
    0.040029928918817806,
    0.04751215862326973,
    0.04151084517576664,
    0.03926701570680628,
    0.03664921465968586,
    0.03666292555181444,
    0.0381451009723261,
    0.031039640987284966,
    0.02916978309648467,
    0.03179947624392069,
    0.07516828721017203,
    0.09648466716529544,
    0.087509349289454,
    0.08489154824233358,
    0.08454919566030678,
    0.08676140613313388,
    0.08227374719521316,
    0.08342686120463898,
    0.07741211667913239,
    0.07706696595585484,
    0.07669285447063225,
    0.06507105459985041,
    0.07669285447063225,
    0.07142857142857142,
    0.07703814510097233,
    0.08040388930441286,
    0.07591623036649214,
    0.07329842931937172,
    0.06955871353777113
  ],
  "val_loss": [
    0.546832348594218,
    0.7423875859755574,
    0.6314913322848659,
    0.5022827008427763,
    0.34383933713708803,
    0.3984824098275204,
    0.33172012476627427,
    0.3655759620526669,
    0.43705569185819093,
    0.33938674860336215,
    0.35273106758895156,
    0.6148491669610099,
    0.36149888164486704,
    0.41462511130092433,
    0.38332360432294804,
    0.41272855058443514,
    0.3388806666272127,
    0.4121559955332636,
    0.36538529736904807,
    0.4136703654118647,
    0.4223615123379615,
    0.37401956695615374,
    0.4325582827291181,
    0.3795073305494275,
    0.37426042950048477,
    0.33923974895407377,
    0.38958994170263017,
    0.32357182452056416,
    0.4086673856655524,
    0.3493698735303543
  ],
  "val_dice": [
    0.6082467806970706,
    0.4432906649373144,
    0.5084303720660311,
    0.6423171152882388,
    0.7540770528122477,
    0.7068970090657735,
    0.7634720537713197,
    0.7356846613995185,
    0.6759460265925727,
    0.7589237160784058,
    0.7463829605853802,
    0.6699802464972143,
    0.7694433210007956,
    0.7465207973533362,
    0.7567551299230444,
    0.7408064671237666,
    0.7805729396095025,
    0.7545612871734277,
    0.7696991407932424,
    0.7520758602276576,
    0.7467058517606902,
    0.7601767754143983,
    0.7437515643772142,
    0.7656687878268905,
    0.7640904737008282,
    0.7839972968500031,
    0.7603728915469126,
    0.7845100455881913,
    0.7575016506780977,
    0.7761112160631114
  ],
  "val_fpr": [
    0.5921658986175116,
    0.1359447004608295,
    0.04377880184331797,
    0.055299539170506916,
    0.1497695852534562,
    0.07603686635944701,
    0.1728110599078341,
    0.06221198156682028,
    0.06221198156682028,
    0.08755760368663594,
    0.16359447004608296,
    0.0,
    0.029953917050691243,
    0.0,
    0.0,
    0.0,
    0.002304147465437788,
    0.0,
    0.018433179723502304,
    0.002304147465437788,
    0.0,
    0.08294930875576037,
    0.0,
    0.009216589861751152,
    0.0,
    0.018433179723502304,
    0.002304147465437788,
    0.009216589861751152,
    0.002304147465437788,
    0.0
  ],
  "val_fnr": [
    0.002932551319648094,
    0.21407624633431085,
    0.23460410557184752,
    0.11436950146627566,
    0.06158357771260997,
    0.10850439882697947,
    0.02932551319648094,
    0.0967741935483871,
    0.16422287390029325,
    0.04398826979472141,
    0.08504398826979472,
    0.22287390029325513,
    0.0469208211143695,
    0.13196480938416422,
    0.11436950146627566,
    0.14076246334310852,
    0.07917888563049853,
    0.13196480938416422,
    0.08211143695014662,
    0.11730205278592376,
    0.13196480938416422,
    0.09970674486803519,
    0.12023460410557185,
    0.10850439882697947,
    0.10557184750733138,
    0.08797653958944282,
    0.10263929618768329,
    0.06451612903225806,
    0.11436950146627566,
    0.10263929618768329
  ]
}