{
  "dice": 0.7293010014211496,
  "hd95_mean": 13.884331703186035,
  "hd95_median": 8.9442720413208,
  "hd95_count": 295,
  "fpr": 0.010964912280701754,
  "fnr": 0.07523510971786834
}