{
  "train_loss": [
    1.0641529516785997,
    0.8387529498746585,
    0.7634715878908456,
    0.6938363113962412,
    0.6390437575273219,
    0.6005324271543856,
    0.5694904561079351,
    0.5400333133809728,
    0.5156003237958444,
    0.46809800323803946,
    0.45078174507031127,
    0.4507258829030165,
    0.43519222908140165,
    0.4143258575263218,
    0.3917578300249272,
    0.38160041542511874,
    0.3674437678564057,
    0.3654695002384013,
    0.34674690725705903,
    0.34157804486835136,
    0.33647599976920334,
    0.3220324912748407,
    0.31307560641338705,
    0.3105479069783486,
    0.3063231429559914,
    0.2931883516633731,
    0.29318442486842,
    0.2790421310177226,
    0.2806772310477783,
    0.2740157539229517
  ],
  "train_dice": [
    0.6606883859098003,
    0.7252686183093698,
    0.7400459693035389,
    0.7581609161818997,
    0.7659778227736594,
    0.7728944245019781,
    0.7776591838237629,
    0.7839988963732313,
    0.790474115077758,
    0.7956925088809387,
    0.798005059432744,
    0.8000558983645194,
    0.8056100794832591,
    0.8094992850728802,
    0.8111108755585152,
    0.8160443544271098,
    0.819126568664228,
    0.8210122693601736,
    0.8249067604147925,
    0.8295092025999923,
    0.8289874252515393,
    0.8322414502024973,
    0.8359347355013508,
    0.837681015227188,
    0.8391338430359646,
    0.8413717865640182,
    0.8440254442949482,
    0.8466952028894482,
    0.8475111225825175,
    0.8510061281735125
  ],
  "train_fpr": [
    0.5186869404575813,
    0.4005968452465539,
    0.36222822225380136,
    0.31575955662924543,
    0.29823813583404374,
    0.2758277675145659,
    0.28421202216853775,
    0.2688645729714367,
    0.2593434702287907,
    0.2525223816967458,
    0.2569276680403581,
    0.2547960778740941,
    0.23447491828904363,
    0.23944862867699304,
    0.2449559533958511,
    0.2557544757033248,
    0.23475913031121218,
    0.2273696177348302,
    0.2420065368765099,
    0.21188006252664487,
    0.22424328549097627,
    0.22012221116953248,
    0.22538013357965042,
    0.22282222538013358,
    0.21486428875941452,
    0.2199801051584482,
    0.2164274548813415,
    0.23373117362887183,
    0.21401165269290892,
    0.21571692482592014
  ],
  "train_fnr": [
    0.018273354465784077,
    0.022561998881223195,
    0.0214432220771956,
    0.021256759276524335,
    0.01976874300634092,
    0.02051090807383927,
    0.019392131269811673,
    0.01752750326309901,
    0.017900428864441546,
    0.019205668469140406,
    0.016222263658400148,
    0.01771396606377028,
    0.016781652060413946,
    0.01566287525638635,
    0.017344274524431182,
    0.014360313315926894,
    0.014544098452358755,
    0.01286593324631736,
    0.011747156442289764,
    0.012493007644974827,
    0.012679470445646093,
    0.015476412455715086,
    0.013611784449002424,
    0.011001305239604698,
    0.010814842438933433,
    0.012679470445646093,
    0.009696065634905836,
    0.011376352107422603,
    0.011560693641618497,
    0.009696065634905836
  ],
  "val_loss": [
    2.5727445947210286,
    2.2624317282960362,
    7.832008438312659,
    2.913876184527456,
    2.34368188025525,
    3.3912597395860367,
    2.094819418596525,
    2.4836597561727474,
    5.572619746995233,
    2.2484743252940422,
    3.8784684757464123,
    1.6305299468284107,
    3.312459303699706,
    2.1544931855406206,
    2.008369836069807,
    2.6365915096371713,
    2.755773795341706,
    1.4108504367135737,
    2.5070054418686096,
    2.7887932550515573,
    3.16105923773381,
    2.8900394680236814,
    1.9959744180205965,
    3.3828683952182312,
    4.003714483601116,
    3.189582068065222,
    2.9869045636079607,
    2.9967796498732846,
    1.5343173597633404,
    3.5078868746866276
  ],
  "val_dice": [
    0.7317159558136532,
    0.7360564894756697,
    0.5292842892154942,
    0.7397998479052181,
    0.7504296892424569,
    0.7390876345608356,
    0.7627625985519729,
    0.7576710796377955,
    0.6816752935059531,
    0.7829243589709275,
    0.7413140995659098,
    0.779355485998366,
    0.7702174345616006,
    0.7915926053358691,
    0.7870230779486851,
    0.7825057346400989,
    0.7642728658705732,
    0.8116410360719166,
    0.7616768592030463,
    0.7732043407367963,
    0.7482770538841286,
    0.7950380765173557,
    0.7600186550269161,
    0.7706333104711379,
    0.7780900657503275,
    0.7708099744506997,
    0.7581106393224132,
    0.7885232122710152,
    0.8266745541870159,
    0.7935006492546876
  ],
  "val_fpr": [
    0.23121387283236994,
    0.2751445086705202,
    0.14219653179190753,
    0.13179190751445086,
    0.1722543352601156,
    0.15838150289017341,
    0.15260115606936417,
    0.17341040462427745,
    0.058959537572254334,
    0.14566473988439307,
    0.13179190751445086,
    0.1606936416184971,
    0.10982658959537572,
    0.23352601156069364,
    0.1699421965317919,
    0.12369942196531791,
    0.13641618497109825,
    0.2023121387283237,
    0.11676300578034682,
    0.10520231213872833,
    0.11676300578034682,
    0.15838150289017341,
    0.130635838150289,
    0.14335260115606938,
    0.14450867052023122,
    0.14335260115606938,
    0.10867052023121387,
    0.1722543352601156,
    0.15375722543352602,
    0.1791907514450867
  ],
  "val_fnr": [
    0.051094890510948905,
    0.032116788321167884,
    0.11824817518248175,
    0.07445255474452554,
    0.049635036496350364,
    0.0364963503649635,
    0.051094890510948905,
    0.03795620437956204,
    0.0905109489051095,
    0.027737226277372264,
    0.0364963503649635,
    0.033576642335766425,
    0.029197080291970802,
    0.027737226277372264,
    0.024817518248175182,
    0.033576642335766425,
    0.049635036496350364,
    0.01897810218978102,
    0.06569343065693431,
    0.029197080291970802,
    0.06423357664233577,
    0.026277372262773723,
    0.030656934306569343,
    0.04525547445255475,
    0.035036496350364967,
    0.03941605839416058,
    0.043795620437956206,
    0.04817518248175182,
    0.030656934306569343,
    0.030656934306569343
  ],
  "train_bce_loss": [
    0.6534278359160463,
    0.5421032203458119,
    0.4827880390256636,
    0.4328020102700971,
    0.38696699096503917,
    0.3555703813873673,
    0.3304781734107839,
    0.3083588226837091,
    0.29115207337026916,
    0.24957456157113225,
    0.23484729102861504,
    0.2373695530310105,
    0.2276106604917124,
    0.2107167088754601,
    0.1901033955513031,
    0.1854036699028723,
    0.17466647667172044,
    0.17451913842821595,
    0.1603510695087713,
    0.15979937813238249,
    0.15499574031677177,
    0.14402134620190823,
    0.13906400351742448,
    0.1383072491024203,
    0.13542749933080872,
    0.12548782769883662,
    0.1283378637207034,
    0.11693452562623043,
    0.11935584854028349,
    0.11658245013235233
  ],
  "val_bce_loss": [
    2.288184725283135,
    1.987384959425349,
    7.381332926446722,
    2.64805914799608,
    2.0864451141225815,
    3.122419476552601,
    1.851059190861636,
    2.237922408352232,
    5.257959542328315,
    2.0261726144198193,
    3.6143974432653754,
    1.406770654937701,
    3.0804012473516273,
    1.9419322435322632,
    1.7894097832616174,
    2.4171232992518066,
    2.5209644866189547,
    1.2161761361891472,
    2.2696894661628773,
    2.5609888248363117,
    2.9128377130615397,
    2.683878487816257,
    1.7558400704423442,
    3.1541656460266316,
    3.7832495219284925,
    2.9598829745920034,
    2.7471551678537725,
    2.7846671124746902,
    1.3597837941734678,
    3.3006288517456857
  ],