{
  "selected_threshold": 0.5,
  "dice": 0.7365937514227989,
  "hd95_median": 6.344197750091553,
  "fnr": 0.0450070323488045,
  "fpr": 0.17878426698450536
}