{
  "dice": 0.7365937514227989,
  "hd95_mean": 11.863693237304688,
  "hd95_median": 5.830951690673828,
  "hd95_count": 676,
  "fpr": 0.15256257449344457,
  "fnr": 0.04922644163150492
}