{
  "dice": 0.7365937514227989,
  "hd95_mean": 12.478940963745117,
  "hd95_median": 6.344197750091553,
  "hd95_count": 679,
  "fpr": 0.17878426698450536,
  "fnr": 0.0450070323488045,
  "selected_threshold": 0.5
}