{
  "thresholds": [
    0.5,
    0.55,
    0.6,
    0.65,
    0.7
  ],
  "val_dice_by_threshold": {
    "0.50": 0.8266745541870159,
    "0.55": 0.82611099601227,
    "0.60": 0.8255519369222822,
    "0.65": 0.8247708361079223,
    "0.70": 0.8241588556853524
  },
  "best_threshold": 0.5,
  "best_val_dice": 0.8266745541870159
}