{
  "dice": 0.7834813829914338,
  "hd95_mean": 16.772815704345703,
  "hd95_median": 4.414762020111084,
  "hd95_count": 599,
  "fpr": 0.1632420091324201,
  "fnr": 0.05071315372424723
}