{
  "selected_threshold": 0.5,
  "dice": 0.7834813829914338,
  "hd95_median": 5.0,
  "fnr": 0.042789223454833596,
  "fpr": 0.18378995433789955
}