{
  "thresholds": [
    0.5,
    0.55,
    0.6,
    0.65,
    0.7
  ],
  "val_dice_by_threshold": {
    "0.50": 0.7812765891826485,
    "0.55": 0.7809295225790536,
    "0.60": 0.7807380038013676,
    "0.65": 0.7806950438018695,
    "0.70": 0.7802252527710629
  },
  "best_threshold": 0.5,
  "best_val_dice": 0.7812765891826485
}