{
  "train_loss": [
    1.100152184683431,
    0.8568551419720779,
    0.7760658344831279,
    0.7072099669568354,
    0.6778746342328801,
    0.6481347016469392,
    0.6226110407273847,
    0.5991742701489381,
    0.5795027764584644,
    0.5647385986259074,
    0.5433976753332624,
    0.5230867076213612,
    0.5047613360862615,
    0.4939843320842043,
    0.4798842628712716,
    0.47465133656126757,
    0.4431252734715504,
    0.4473616359580807,
    0.42655933418268843,
    0.417959975534752,
    0.40679075462800085,
    0.39814823911036984,
    0.38972313871328795,
    0.3805495023874143,
    0.3679657746568432,
    0.36940927877104984,
    0.36338640048625886,
    0.3536729802229357,
    0.3451782162309178,
    0.33926925388893336
  ],
  "train_dice": [
    0.6626292437457635,
    0.7133055116060791,
    0.7334763359401139,
    0.7528645006985188,
    0.760077130557373,
    0.7661191602621237,
    0.7732972323173568,
    0.778988995995381,
    0.7837339764349798,
    0.7886856014520576,
    0.79369147422981,
    0.7974691107220044,
    0.8028764365654117,
    0.8078283510452866,
    0.8092772152605378,
    0.8116235882823468,
    0.8171504779522711,
    0.8184697509334486,
    0.8220893495222271,
    0.8243473625156714,
    0.8293622197359306,
    0.8303774721367446,
    0.8325055428145679,
    0.8358349781797321,
    0.8377301095059196,
    0.8399608151958973,
    0.842531096112795,
    0.8436291067963325,
    0.8473854898118656,
    0.848805035210693
  ],
  "train_fpr": [
    0.4758007619585156,
    0.31395512910963735,
    0.2764216170452942,
    0.24224040632054175,
    0.2238995485327314,
    0.2007335308224009,
    0.2079864540708339,
    0.1964436917866215,
    0.18806433408577877,
    0.18978411175391563,
    0.1908860045146727,
    0.17381489841986456,
    0.17959932279909707,
    0.1910540426132355,
    0.18710314660646254,
    0.16901805869074493,
    0.16537321856921122,
    0.16734866657259773,
    0.17423814898419865,
    0.17496825172851702,
    0.17705981941309254,
    0.17750811344715678,
    0.1712512343066723,
    0.1659376322844645,
    0.16763087343022434,
    0.1763544018058691,
    0.16565542542683787,
    0.16788939051918736,
    0.15775363341329193,
    0.15831804712854522
  ],
  "train_fnr": [
    0.024805907971975006,
    0.037492899072145425,
    0.042037492899072146,
    0.04053030303030303,
    0.038257575757575754,
    0.03845425269937488,
    0.03635675061541375,
    0.03616054524801212,
    0.033901515151515155,
    0.03427381177807234,
    0.029545454545454545,
    0.03106060606060606,
    0.031818181818181815,
    0.028214353342170043,
    0.028782427570535882,
    0.027083333333333334,
    0.027078204885438363,
    0.02783563718992615,
    0.027462121212121212,
    0.02442719181973111,
    0.020075757575757577,
    0.022912327210755538,
    0.02386815684788786,
    0.02064003029729218,
    0.019882597992804393,
    0.01893939393939394,
    0.017610301079341036,
    0.018560606060606062,
    0.015716720318121567,
    0.01723158492709714
  ],
  "val_loss": [
    0.6024901483051214,
    0.7964335272998871,
    0.74395553854484,
    0.7525402191773202,
    0.7638526092551673,
    0.7301900239004286,
    0.7838120757569002,
    0.8888675347211678,
    0.6005640112852202,
    0.935913108506249,
    0.7242951923348371,
    1.2968032351155496,
    1.0535523833821507,
    0.6873758401251534,
    0.6663074131247295,
    0.7669588043851759,
    0.6886059160805443,
    0.6906641754517663,
    0.6915551017740783,
    0.7526211849742337,
    0.6749188243908789,
    0.6585573825056885,
    0.7259346270107915,
    0.6531917108494101,
    0.7404487787664515,
    0.7479465710644198,
    0.6748040251940199,
    0.7978258852434004,
    0.6779664592353272,
    0.8887766002161989
  ],
  "val_dice": [
    0.7432224742614613,
    0.6905837381156131,
    0.7482028518318166,
    0.7274959799607547,
    0.7290172362097307,
    0.7552691811671584,
    0.7106813779522734,
    0.7297776214119867,
    0.7585174164141025,
    0.7482218339340008,
    0.7643982355051876,
    0.6721354258279874,
    0.7101067284718879,
    0.7634884833650585,
    0.7490783069391274,
    0.7416309901666873,
    0.7659766036161134,
    0.7653866042789904,
    0.7622751253672113,
    0.7630127524432627,
    0.7620419157144515,
    0.7639086841813569,
    0.754464249443082,
    0.7806988793958738,
    0.7694869244887123,
    0.7680936556996651,
    0.7757269830471598,
    0.761277834188591,
    0.7812765891826485,
    0.7338958390570972
  ],
  "val_fpr": [
    0.3218884120171674,
    0.1223175965665236,
    0.157725321888412,
    0.16630901287553648,
    0.07188841201716738,
    0.07081545064377683,
    0.16201716738197425,
    0.03862660944206009,
    0.15987124463519314,
    0.05150214592274678,
    0.07296137339055794,
    0.02467811158798283,
    0.16523605150214593,
    0.06223175965665236,
    0.10944206008583691,
    0.043991416309012876,
    0.06759656652360516,
    0.0815450643776824,
    0.06223175965665236,
    0.06759656652360516,
    0.17167381974248927,
    0.11909871244635194,
    0.11266094420600858,
    0.1427038626609442,
    0.06974248927038626,
    0.07510729613733906,
    0.05793991416309013,
    0.05472103004291846,
    0.11266094420600858,
    0.06223175965665236
  ],
  "val_fnr": [
    0.032362459546925564,
    0.127831715210356,
    0.06310679611650485,
    0.09870550161812297,
    0.10517799352750809,
    0.0825242718446602,
    0.07928802588996764,
    0.10679611650485436,
    0.05501618122977346,
    0.08576051779935275,
    0.0825242718446602,
    0.16990291262135923,
    0.06957928802588997,
    0.05501618122977346,
    0.0825242718446602,
    0.09223300970873786,
    0.07928802588996764,
    0.06472491909385113,
    0.06957928802588997,
    0.061488673139158574,
    0.0372168284789644,
    0.06634304207119741,
    0.06472491909385113,
    0.05177993527508091,
    0.059870550161812294,
    0.07605177993527508,
    0.06634304207119741,
    0.08414239482200647,
    0.05501618122977346,
    0.11650485436893204
  ]
}