{
  "dice": 0.7239321698179225,
  "hd95_mean": 14.798693656921387,
  "hd95_median": 7.071067810058594,
  "hd95_count": 684,
  "fpr": 0.2598331346841478,
  "fnr": 0.0379746835443038,
  "selected_threshold": 0.5
}