{
  "train_loss": [
    0.4387252148099795,
    0.3213567241433117,
    0.286882051677776,
    0.26141544754832075,
    0.2486284983523971,
    0.23567521260676547,
    0.22863027994398882,
    0.22148888350316623,
    0.21633151244704163,
    0.21105157475937286,
    0.20904908898305102,
    0.20640059325162619,
    0.20094689077942723,
    0.19960007386543613,
    0.19651956213131014,
    0.19385864846311102,
    0.1913145673739978,
    0.18917439587041945,
    0.1845008345113648,
    0.18389819956167702,
    0.1823591197337785,
    0.17743792776164252,
    0.17753369968145552,
    0.1757573848149166,
    0.17345087509949622,
    0.1701739887768931,
    0.1705922079004268,
    0.168093766874006,
    0.1661934780909272,
    0.1644907183799307
  ],
  "train_dice": [
    0.6772305455870486,
    0.727601322981628,
    0.7553786809065431,
    0.7758186303461868,
    0.7849746626301216,
    0.7961776992752412,
    0.8012430121850048,
    0.8072852561581667,
    0.8113907657502212,
    0.8160168462289307,
    0.8179296816121102,
    0.8193627452519838,
    0.8244407402461598,
    0.8253733596722653,
    0.8278313883613616,
    0.8300045669712446,
    0.8322933942201799,
    0.8344625945875233,
    0.8386310416824874,
    0.8385455598622288,
    0.8396379763915865,
    0.844271029493126,
    0.8439259816505711,
    0.8453768000672477,
    0.8475542165425475,
    0.8504291445589235,
    0.849875154367976,
    0.8521707935014886,
    0.8535356880854187,
    0.855021131362293
  ],
  "train_fpr": [
    0.48955520818530623,
    0.41139690208895835,
    0.36450191843114965,
    0.3410544266022453,
    0.31656720659278204,
    0.29600682108853205,
    0.284354128179622,
    0.29145942873383546,
    0.27682250959215576,
    0.2736961773483018,
    0.27554355549239734,
    0.28819099047889724,
    0.28861730851215006,
    0.29543839704419494,
    0.2993748223927252,
    0.3145780051150895,
    0.2957226090663635,
    0.27497513144806024,
    0.2869120363791388,
    0.29003836862299276,
    0.30382265169816686,
    0.26389086258348726,
    0.26687508881625693,
    0.2565013500071053,
    0.2738382833593861,
    0.2511013215859031,
    0.2350433423333807,
    0.23515203182722363,
    0.25166974563024014,
    0.2528065937189143
  ],
  "train_fnr": [
    0.027782957300018646,
    0.023494312884579528,
    0.02330785008390826,
    0.024613089688607124,
    0.027042148452070123,
    0.024613089688607124,
    0.02293492448256573,
    0.021256759276524335,
    0.02424016408726459,
    0.020697370874510537,
    0.020697370874510537,
    0.022561998881223195,
    0.018273354465784077,
    0.01771396606377028,
    0.017717269675494217,
    0.013987318164863857,
    0.014917024053701287,
    0.01566287525638635,
    0.015849338057057617,
    0.015289949655043818,
    0.014357635651687487,
    0.013052396046988626,
    0.016035800857728884,
    0.015289949655043818,
    0.011374230840947231,
    0.013984710050344957,
    0.015103486854372553,
    0.015665796344647518,
    0.015289949655043818,
    0.013611784449002424
  ],
  "val_loss": [
    0.4744127645925449,
    0.43384572870104854,
    0.40054941685040935,
    0.340033572308556,
    0.4205980828643715,
    0.46097128727357756,
    0.32332020297537756,
    0.3128062602594821,
    0.35293625327248646,
    0.29276048898914436,
    0.3438057739613918,
    0.33798030061769657,
    0.2994534463342959,
    0.29955690719567946,
    0.2960404537074322,
    0.274310092739489,
    0.33318420778280194,
    0.2819074988337981,
    0.2874185816160519,
    0.27591914081143853,
    0.2844804656685051,
    0.29070824859459904,
    0.24789362558483208,
    0.3481581380957887,
    0.321130731617556,
    0.2663899539351246,
    0.3530319358908782,
    0.2585189423856944,
    0.2568852868366198,
    0.3035106156483619
  ],
  "val_dice": [
    0.615881083079403,
    0.6661149782692865,
    0.685611079763757,
    0.724533272279005,
    0.658218803891681,
    0.6426911159806008,
    0.7378570194498901,
    0.7523349395198543,
    0.7186868836192319,
    0.7652407973134605,
    0.7374578366749478,
    0.7362030446094318,
    0.7634012586008894,
    0.7567673464761163,
    0.7651586680299174,
    0.7784169669786509,
    0.7368935228264245,
    0.7708748351265914,
    0.7752534436918523,
    0.781533544167985,
    0.7697351222490743,
    0.7757440334471473,
    0.8019417893495003,
    0.7330485336890403,
    0.7529810790815492,
    0.7892438995033285,
    0.727350731161389,
    0.7985189728493238,
    0.7974271334870888,
    0.760244705859762
  ],
  "val_fpr": [
    0.32716763005780347,
    0.261271676300578,
    0.15722543352601157,
    0.23699421965317918,
    0.11791907514450867,
    0.15028901734104047,
    0.19537572254335261,
    0.18265895953757225,
    0.12947976878612716,
    0.1791907514450867,
    0.130635838150289,
    0.19190751445086704,
    0.23121387283236994,
    0.10404624277456648,
    0.15606936416184972,
    0.1907514450867052,
    0.13410404624277455,
    0.18265895953757225,
    0.1861271676300578,
    0.21965317919075145,
    0.15028901734104047,
    0.1375722543352601,
    0.19537572254335261,
    0.14104046242774568,
    0.16416184971098266,
    0.1838150289017341,
    0.16416184971098266,
    0.18497109826589594,
    0.14797687861271677,
    0.15722543352601157
  ],
  "val_fnr": [
    0.033576642335766425,
    0.03795620437956204,
    0.07737226277372262,
    0.040875912408759124,
    0.09927007299270073,
    0.08613138686131387,
    0.05693430656934306,
    0.043795620437956206,
    0.05401459854014599,
    0.029197080291970802,
    0.03941605839416058,
    0.033576642335766425,
    0.027737226277372264,
    0.052554744525547446,
    0.035036496350364967,
    0.02335766423357664,
    0.043795620437956206,
    0.021897810218978103,
    0.024817518248175182,
    0.01167883211678832,
    0.042335766423357665,
    0.024817518248175182,
    0.016058394160583942,
    0.035036496350364967,
    0.030656934306569343,
    0.017518248175182483,
    0.0364963503649635,
    0.02335766423357664,
    0.021897810218978103,
    0.030656934306569343
  ],
  "train_bce_loss": [
    0.059835293014576275,
    0.04006697273931904,
    0.03532191496532412,
    0.03132555184420171,
    0.028516220677155316,
    0.026940035595186883,
    0.025596458485895122,
    0.024555405278235676,
    0.0238519500406899,
    0.02322209137292719,
    0.022851329397210567,
    0.022376907512846187,
    0.021659295368398827,
    0.021502352983591988,
    0.02095452422700571,
    0.02057628668289355,
    0.020437832039039355,
    0.020222691870575998,
    0.019838904036206566,
    0.019285926934029255,
    0.019243864596684788,
    0.018557144592937634,
    0.018619574191923734,
    0.018280553919452613,
    0.018236943706934114,
    0.01778000739719385,
    0.017814208897496197,
    0.01758467708103137,
    0.01718664119197636,
    0.017036266390449847
  ],
  "val_bce_loss": [
    0.08773202383958728,
    0.08931509119487813,
    0.08550729001744779,
    0.06010322974591999,
    0.08053741475726973,
    0.10332039500536554,
    0.06002298277776423,
    0.06222208461447629,
    0.07081376571984907,
    0.05549491604196968,
    0.07839406097386828,
    0.0711269588924963,
    0.06054145669204312,
    0.05443801001036356,
    0.05987493327179801,
    0.05072154080942205,
    0.06792298963212283,
    0.05164153180781915,
    0.06074025209931092,
    0.05492989751489078,
    0.05282239914773182,
    0.06455195632490864,
    0.0464581141074997,
    0.07911049734578421,
    0.07398702717381088,
    0.054502431283421124,
    0.08000087318568062,
    0.05472130598020264,
    0.053349082321897286,
    0.06411742899668009
  ],