{
  "selected_threshold": 0.5,
  "dice": 0.7239321698179225,
  "hd95_median": 7.071067810058594,
  "fnr": 0.0379746835443038,
  "fpr": 0.2598331346841478
}