{
  "thresholds": [
    0.5,
    0.55,
    0.6,
    0.65,
    0.7
  ],
  "val_dice_by_threshold": {
    "0.50": 0.8019417893495003,
    "0.55": 0.8004140346807285,
    "0.60": 0.7992183755566604,
    "0.65": 0.7975975129726159,
    "0.70": 0.7957332087259223
  },
  "best_threshold": 0.5,
  "best_val_dice": 0.8019417893495003
}