{
  "dice": 0.7239321698179225,
  "hd95_mean": 14.579940795898438,
  "hd95_median": 7.12007999420166,
  "hd95_count": 681,
  "fpr": 0.24195470798569726,
  "fnr": 0.04219409282700422
}