{
  "dice": 0.7843615962413808,
  "hd95_mean": 17.366649627685547,
  "hd95_median": 5.656854152679443,
  "hd95_count": 606,
  "fpr": 0.2840043525571273,
  "fnr": 0.039619651347068144
}