{
  "dice": 0.7843615962413808,
  "hd95_mean": 18.37273406982422,
  "hd95_median": 6.0,
  "hd95_count": 611,
  "fpr": 0.3057671381936888,
  "fnr": 0.03169572107765452,
  "selected_threshold": 0.5
}