{
  "train_loss": [
    1.2191042107778773,
    1.0172344881579962,
    0.8991834552416497,
    0.7875805717470835,
    0.7687909156944502,
    0.6889123409303785,
    0.6634577815278107,
    0.6363862400429464,
    0.6018185339817288,
    0.5603155215940481,
    0.5427940852158484,
    0.5311536220689077,
    0.5226040909300244,
    0.48852948973217003,
    0.46353503136159635,
    0.4538233705945468,
    0.4327199744439371,
    0.4301528212075171,
    0.4177378671133058,
    0.4115681823015789,
    0.3972257082546267,
    0.380676545101877,
    0.37281528553815785,
    0.3728810752305071,
    0.35919588798602753,
    0.34868141643657846,
    0.34178245972541527,
    0.3433075950017981,
    0.3372793707272147,
    0.32799795127146875
  ],
  "train_dice": [
    0.6369792282572027,
    0.6922537781102137,
    0.7168281459465765,
    0.736103974431203,
    0.7451031495117367,
    0.7553429248138995,
    0.7595197189927584,
    0.7654697119818337,
    0.7694594683444754,
    0.7734788474701775,
    0.7769239205318857,
    0.7796625944266115,
    0.7871179674212164,
    0.7864339258091574,
    0.7899906622932322,
    0.7946973928814244,
    0.7959951884709655,
    0.7980964141946345,
    0.8016236219316226,
    0.8044630278318708,
    0.8073443943351063,
    0.810639750323689,
    0.8123094088195857,
    0.8151523502145438,
    0.8181575379926473,
    0.820325022670012,
    0.8231656194143688,
    0.8241031026888733,
    0.8281175917992536,
    0.829090751232195
  ],
  "train_fpr": [
    0.4995083579154376,
    0.4068558583871874,
    0.3666245259165613,
    0.3307108738409666,
    0.31975273953357686,
    0.32326496206799665,
    0.3204551840404608,
    0.3287440292216915,
    0.3238269176735038,
    0.3255127844900253,
    0.33164770332911925,
    0.32157909525147516,
    0.3307108738409666,
    0.30401798257937623,
    0.3235459398707502,
    0.30935656083169427,
    0.3175049171115482,
    0.33590896319190783,
    0.31778589491430176,
    0.32157909525147516,
    0.3253722955886485,
    0.3172239393087946,
    0.2978364709187974,
    0.2929193593706097,
    0.2934813149761169,
    0.2916549592582186,
    0.29235740376510255,
    0.2896881146389435,
    0.28515240904621436,
    0.27704411351503233
  ],
  "train_fnr": [
    0.021776178754023857,
    0.023286633850814087,
    0.02632077258095058,
    0.02688375615297236,
    0.025369178341537298,
    0.02158273381294964,
    0.022718667171525937,
    0.02158273381294964,
    0.021961378265808407,
    0.018553578190079516,
    0.018178375307706874,
    0.01836425596365013,
    0.017985611510791366,
    0.017985611510791366,
    0.01552442256720939,
    0.019310867095797046,
    0.01628171147292692,
    0.01703900037864445,
    0.015145778114350625,
    0.014956455887921242,
    0.01476713366149186,
    0.011737978038621734,
    0.014956455887921242,
    0.013820522529344945,
    0.01419916698220371,
    0.012684589170768649,
    0.011548655812192351,
    0.0121166224914805,
    0.01060405226282901,
    0.011737978038621734
  ],
  "val_loss": [
    0.7410155020437195,
    0.7690201402916106,
    0.7368951902685621,
    0.7011643384604392,
    0.7293606076907957,
    0.9276527583623202,
    1.133921316128622,
    0.6407376157909536,
    1.2498981790514632,
    0.8642826974633057,
    0.7173214192022976,
    0.9442380406806384,
    1.2441784646603185,
    0.8750553224054933,
    0.7612258475213568,
    0.8167873068341931,
    0.8783321282841434,
    0.8716551691269605,
    1.0528883465647119,
    0.9352401603664299,
    0.9653993822863284,
    1.0378860802507226,
    1.0582682169961795,
    0.9143050960581569,
    0.9385824783201839,
    0.9024063724674839,
    1.0906100000788286,
    0.9295485876259487,
    1.2535982100733083,
    1.0284236677979575
  ],
  "val_dice": [
    0.55931968842618,
    0.711447947239654,
    0.7291423984920805,
    0.724114493120305,
    0.7226510955906899,
    0.7191114889029835,
    0.7096928107012727,
    0.7275337052341659,
    0.7457592308756362,
    0.7595719492430633,
    0.7344079910623795,
    0.7577124157329738,
    0.7272339786695238,
    0.7478029999737311,
    0.7539778128628013,
    0.7526155918155432,
    0.7525709681333461,
    0.7610436317459665,
    0.7481701229141368,
    0.7593192233218778,
    0.7559214574390342,
    0.744393649568305,
    0.7414027222200119,
    0.7599373767664807,
    0.751330237187638,
    0.7508134969531236,
    0.7328781111039293,
    0.7532818036871242,
    0.7550509412106862,
    0.7638247265965711
  ],
  "val_fpr": [
    0.3562231759656652,
    0.2521459227467811,
    0.24356223175965666,
    0.29506437768240346,
    0.2607296137339056,
    0.09120171673819742,
    0.15665236051502146,
    0.3594420600858369,
    0.13626609442060086,
    0.1781115879828326,
    0.19206008583690987,
    0.19742489270386265,
    0.10407725321888411,
    0.16630901287553648,
    0.17489270386266095,
    0.13948497854077252,
    0.16952789699570817,
    0.17381974248927037,
    0.15343347639484978,
    0.13948497854077252,
    0.26716738197424894,
    0.06866952789699571,
    0.09763948497854077,
    0.1459227467811159,
    0.14484978540772533,
    0.20815450643776823,
    0.15128755364806867,
    0.12339055793991416,
    0.08798283261802575,
    0.20708154506437768
  ],
  "val_fnr": [
    0.03398058252427184,
    0.07281553398058252,
    0.06472491909385113,
    0.025889967637540454,
    0.059870550161812294,
    0.10032362459546926,
    0.08576051779935275,
    0.0048543689320388345,
    0.07281553398058252,
    0.045307443365695796,
    0.059870550161812294,
    0.059870550161812294,
    0.08576051779935275,
    0.04692556634304207,
    0.04854368932038835,
    0.05339805825242718,
    0.04692556634304207,
    0.038834951456310676,
    0.05339805825242718,
    0.03559870550161812,
    0.022653721682847898,
    0.07281553398058252,
    0.0744336569579288,
    0.038834951456310676,
    0.04692556634304207,
    0.045307443365695796,
    0.06472491909385113,
    0.040453074433656956,
    0.061488673139158574,
    0.03559870550161812
  ],
  "train_bce_loss": [
    0.7855614583576555,
    0.6794177445982675,
    0.5896942136336426,
    0.5009473191766581,
    0.49136494026815225,
    0.42180087114618164,
    0.4016586437079125,
    0.38045977904529293,
    0.35066543016235374,
    0.3133143847248646,
    0.29970219269937337,
    0.29114472721345863,
    0.2907399954536683,
    0.2558984448968638,
    0.23584209544836646,
    0.23092385639257754,
    0.21157861502038594,
    0.21165750774219724,
    0.20254891201590505,
    0.20002392084163303,
    0.1893160327395912,
    0.1769044690011606,
    0.17043164890728163,
    0.17327821591741782,
    0.16348266720446303,
    0.15540872869883257,
    0.15176458779131957,
    0.1542524148408168,
    0.15218855414694854,
    0.14446257576248098
  ],
  "val_bce_loss": [
    0.27213513571769,
    0.4601334271075439,
    0.4408003301404923,
    0.4014754182463934,
    0.43577486647271874,
    0.6372277768024373,
    0.8343545688537755,
    0.3411875619450554,
    0.9856056360961888,
    0.6045873549278572,
    0.4308381162020212,
    0.6841559536098789,
    0.9668223034608566,
    0.606767081147328,
    0.49802397112557995,
    0.5558074909156117,
    0.617844040594124,
    0.6153876516307948,
    0.792577220333068,
    0.682268341694104,
    0.712572206764913,
    0.7735628540327013,
    0.7937832575827886,
    0.6623338797208055,
    0.6802391619862338,
    0.6430537532086328,
    0.8130176140123173,
    0.6720218436135443,
    1.0027221147171417,
    0.7849728803848848
  ],