{
  "thresholds": [
    0.5,
    0.55,
    0.6,
    0.65,
    0.7
  ],
  "val_dice_by_threshold": {
    "0.50": 0.7638247265965711,
    "0.55": 0.7644445970533928,
    "0.60": 0.7650447080882332,
    "0.65": 0.7656410033226881,
    "0.70": 0.7660427850921273
  },
  "best_threshold": 0.7,
  "best_val_dice": 0.7660427850921273
}