{
  "selected_threshold": 0.7,
  "dice": 0.7831001298505039,
  "hd95_median": 5.656854152679443,
  "fnr": 0.039619651347068144,
  "fpr": 0.2840043525571273
}