{
  "thresholds": [
    0.5,
    0.55,
    0.6,
    0.65,
    0.7
  ],
  "val_dice_by_threshold": {
    "0.50": 0.7542349133933901,
    "0.55": 0.7532706193454332,
    "0.60": 0.7521353119439037,
    "0.65": 0.7509609759241387,
    "0.70": 0.7496501103176405
  },
  "best_threshold": 0.5,
  "best_val_dice": 0.7542349133933901
}