{
  "train_loss": [
    0.46551731727023177,
    0.35186397694393357,
    0.3205766245217315,
    0.3031266225418816,
    0.2814506793679527,
    0.27247626520309326,
    0.2595718430472152,
    0.2535162133753238,
    0.2471822637459333,
    0.24007882401846334,
    0.23446672002127258,
    0.23065805951143145,
    0.22416820822212416,
    0.2218811546108159,
    0.21819646070422283,
    0.214445556967758,
    0.21363074438523563,
    0.20854219816753577,
    0.20686318458395142,
    0.20599785860979752,
    0.20288958449043737,
    0.2006586420023744,
    0.19865303809005444,
    0.19742382385553667,
    0.1956821570244479,
    0.19302953547076218,
    0.1909988288407394,
    0.18969134154947365,
    0.1882517742493289,
    0.18944016425846621
  ],
  "train_dice": [
    0.6487121010593901,
    0.7032311435008172,
    0.7284340931171052,
    0.742716490411445,
    0.758103526979163,
    0.7637886932617852,
    0.7742895377758845,
    0.7786689132967851,
    0.7843086618718564,
    0.7900877342434779,
    0.7943464625815999,
    0.7972618495665681,
    0.8027252950410623,
    0.8046582694424769,
    0.8075872350222678,
    0.8106270161488078,
    0.811605661185919,
    0.8159047994613257,
    0.8168671227331138,
    0.8178812023523652,
    0.8205710460716018,
    0.822424968685906,
    0.8243704335549371,
    0.8256075821704869,
    0.8267196477627365,
    0.829011419086544,
    0.8307935512820859,
    0.83194147442737,
    0.833026572746557,
    0.8319564924545368
  ],
  "train_fpr": [
    0.41208946772366933,
    0.3921291053227633,
    0.36763873159682897,
    0.32191392978482447,
    0.2729331823329558,
    0.2541053227633069,
    0.24614295824486906,
    0.22409399773499433,
    0.2361268403171008,
    0.25849377123442807,
    0.27052661381653453,
    0.2495753114382786,
    0.2606172140430351,
    0.2654303510758777,
    0.2682616081540204,
    0.26075877689694227,
    0.26613816534541335,
    0.2703850509626274,
    0.2703850509626274,
    0.26316534541336356,
    0.26359003397508496,
    0.26288221970554926,
    0.28227633069082675,
    0.30025481313703284,
    0.2714791224345364,
    0.27633069082672707,
    0.2764722536806342,
    0.2873725934314836,
    0.2671291053227633,
    0.24646092865232164
  ],
  "train_fnr": [
    0.04760119940029985,
    0.03504497751124438,
    0.02848575712143928,
    0.0297976011994003,
    0.032796101949025484,
    0.03541979010494753,
    0.032614807872539835,
    0.0363568215892054,
    0.030547226386806597,
    0.031859070464767617,
    0.030359820089955022,
    0.029610194902548726,
    0.02811094452773613,
    0.027548725637181408,
    0.025299850074962518,
    0.026424287856071964,
    0.02492503748125937,
    0.022863568215892055,
    0.023050974512743627,
    0.0239880059970015,
    0.023050974512743627,
    0.022488755622188907,
    0.021551724137931036,
    0.02005247376311844,
    0.02380506091846298,
    0.021926536731634184,
    0.019677661169415293,
    0.022113943028485756,
    0.021551724137931036,
    0.022488755622188907
  ],
  "val_loss": [
    0.40851020064055477,
    0.49128427364784577,
    0.40194671183968456,
    0.3890326950577313,
    0.3399938242357739,
    0.35170870947680627,
    0.3247574493261317,
    0.30993957220290247,
    0.36261316613027106,
    0.30686559904792954,
    0.33409422906157166,
    0.31246046392305205,
    0.3110637132183581,
    0.31714604910391136,
    0.3104199309173257,
    0.28015855184021404,
    0.33801597402186134,
    0.28688958585317653,
    0.3109006507441202,
    0.31812418978190793,
    0.3059961616682971,
    0.301124649338236,
    0.30447190972861526,
    0.2969501659157859,
    0.33694399225167143,
    0.32373186267558124,
    0.333148177107035,
    0.30438773562082744,
    0.30497099198733096,
    0.30949456198763703
  ],
  "val_dice": [
    0.662691831657937,
    0.5919869885756393,
    0.6620541971348458,
    0.666126519012615,
    0.7136280897334993,
    0.6965144559226233,
    0.7241118659789814,
    0.7332292403389228,
    0.6908720785981656,
    0.7414560992143395,
    0.712327030823631,
    0.7319381281036059,
    0.7343344476217899,
    0.7287212590137594,
    0.7319222297893081,
    0.7542349133933901,
    0.7048276251107233,
    0.7523767181366328,
    0.7321185741136279,
    0.7267767433769016,
    0.7405065443044332,
    0.7390477605064415,
    0.736433019997195,
    0.7436739948092452,
    0.7132370920815847,
    0.7258115297219374,
    0.7171805477126835,
    0.7415903141088286,
    0.7392959527389035,
    0.735701485770861
  ],
  "val_fpr": [
    0.37856328392246297,
    0.14139110604332952,
    0.1733181299885975,
    0.07525655644241733,
    0.11516533637400228,
    0.06043329532497149,
    0.15963511972633979,
    0.15393386545039908,
    0.06499429874572406,
    0.3055872291904219,
    0.10262257696693272,
    0.17673888255416192,
    0.17559863169897377,
    0.08551881413911061,
    0.11288483466362599,
    0.1653363740022805,
    0.1322690992018244,
    0.12884834663625996,
    0.12086659064994298,
    0.06271379703534778,
    0.1459521094640821,
    0.15849486887115166,
    0.1630558722919042,
    0.20182440136830102,
    0.14139110604332952,
    0.1402508551881414,
    0.11744583808437856,
    0.2919042189281642,
    0.14139110604332952,
    0.14937286202964653
  ],
  "val_fnr": [
    0.05943536404160475,
    0.1337295690936107,
    0.10401188707280833,
    0.13075780089153047,
    0.0549777117384844,
    0.09806835066864784,
    0.03714710252600297,
    0.0549777117384844,
    0.1188707280832095,
    0.022288261515601784,
    0.06983655274888559,
    0.04903417533432392,
    0.05943536404160475,
    0.07726597325408618,
    0.05794947994056464,
    0.05646359583952452,
    0.11144130757800892,
    0.04903417533432392,
    0.07280832095096583,
    0.0950965824665676,
    0.06240713224368499,
    0.08469539375928678,
    0.09658246656760773,
    0.06835066864784546,
    0.10104011887072809,
    0.09361069836552749,
    0.09658246656760773,
    0.07726597325408618,
    0.08320950965824665,
    0.09361069836552749
  ],
  "train_bce_loss": [
    0.06519395927924766,
    0.04652945818885893,
    0.04201933662558837,
    0.039889141840536615,
    0.034707351147964575,
    0.03239247458940577,
    0.030297512230837556,
    0.028911868072844838,
    0.028281996159110506,
    0.027134575318235345,
    0.026059495599121324,
    0.025416592043210607,
    0.024482847055015532,
    0.024225649990273844,
    0.023570455399476622,
    0.022993223983491632,
    0.02296335185242767,
    0.02240868395022952,
    0.02188544109533026,
    0.022033816885429672,
    0.02142181265658021,
    0.021226703490450242,
    0.021250997297063822,
    0.021128367281032106,
    0.020784101933931525,
    0.020445434203397977,
    0.020285456052897236,
    0.019996530986863836,
    0.01982794693148817,
    0.019822865614529738
  ],
  "val_bce_loss": [
    0.0576045459339099,
    0.07903899385574457,
    0.061339878625702456,
    0.05407746860255483,
    0.050769753170094696,
    0.04723703220758781,
    0.04684191565439285,
    0.040625711299276966,
    0.052980986705812194,
    0.045659362844946205,
    0.046399050497382126,
    0.04098887224282957,
    0.044686402497478565,
    0.045549632448663786,
    0.04177920199495364,
    0.03296626342505834,
    0.04339107199589584,
    0.038234301809299175,
    0.04292899706360021,
    0.044420905534340104,
    0.0456626318142328,
    0.0396036680332303,
    0.03975934981768757,
    0.04015088043481639,
    0.04912951919750534,
    0.0493275621752144,
    0.05017683294992326,
    0.044526084558908545,
    0.04384774254834292,
    0.04535213044171158
  ],