{
  "selected_threshold": 0.5,
  "dice": 0.8418285040892063,
  "hd95_median": 3.235494613647461,
  "fnr": 0.026737967914438502,
  "fpr": 0.16957605985037408
}