{
  "dice": 0.8418285040892063,
  "hd95_mean": 8.074755668640137,
  "hd95_median": 3.235494613647461,
  "hd95_count": 728,
  "fpr": 0.16957605985037408,
  "fnr": 0.026737967914438502,
  "selected_threshold": 0.5
}