{
  "dice": 0.8418285040892063,
  "hd95_mean": 7.7645745277404785,
  "hd95_median": 3.0,
  "hd95_count": 726,
  "fpr": 0.15835411471321695,
  "fnr": 0.029411764705882353
}