{
  "train_loss": [
    0.9731334033498569,
    0.7936755299648708,
    0.6799777829550426,
    0.6186248867760658,
    0.5825863839970022,
    0.5406096246862154,
    0.5184126527601115,
    0.4966385021679239,
    0.4827034595783579,
    0.47797018710620176,
    0.459149967733094,
    0.456888456472074,
    0.44475607238846543,
    0.4314479927178792,
    0.42034138591161385,
    0.41606078835268967,
    0.4091712972514301,
    0.401361534674625,
    0.39321839129431807,
    0.388735013003515,
    0.3789863713571715,
    0.3745213753302873,
    0.36600659722929757,
    0.36216076487907917,
    0.3573135700960505,
    0.3564647861807256,
    0.3488315884146163,
    0.3388933818905976,
    0.33306631606772386,
    0.3331905126275415
  ],
  "train_dice": [
    0.6687746325491941,
    0.7147852277837635,
    0.743143277829103,
    0.7569526552493331,
    0.7663159795241687,
    0.7753936191369603,
    0.7807481497902149,
    0.7871888338119372,
    0.7917366051064764,
    0.790983182791026,
    0.7983585812257129,
    0.8010190126729784,
    0.8047557777030039,
    0.8085194481006462,
    0.8127038812996091,
    0.8144488208571226,
    0.8171044869787544,
    0.8182189727414311,
    0.8206169664610089,
    0.8217071272296163,
    0.8277300122507489,
    0.8274457169257996,
    0.8303531778731804,
    0.8318381975459744,
    0.8341503359997188,
    0.8347707609486937,
    0.835949376939965,
    0.8395413514323744,
    0.8421991378922966,
    0.8421358162042165
  ],
  "train_fpr": [
    0.4060942617115193,
    0.28164602021927954,
    0.22611419621244483,
    0.21489604101395615,
    0.2168897749928795,
    0.19578527694717357,
    0.20122472230133864,
    0.2053545998291085,
    0.1910864303004414,
    0.18513244090002848,
    0.19706678057810054,
    0.19080165171579097,
    0.18795386586928664,
    0.19621244482414923,
    0.18370834520079748,
    0.18137813211845102,
    0.18690391459074734,
    0.17544859014525777,
    0.18496369073045707,
    0.16258542141230067,
    0.18581802648440837,
    0.16756833712984054,
    0.18735763097949887,
    0.18425174426883098,
    0.1745692723907162,
    0.1604727324505197,
    0.18038154897494305,
    0.1627509611277232,
    0.1708914839077186,
    0.171151929374911
  ],
  "train_fnr": [
    0.03223315962169465,
    0.034549314804091874,
    0.03088206909862961,
    0.03261289077576225,
    0.02836742570436125,
    0.02721482339316734,
    0.026823620223851794,
    0.023543033577769202,
    0.024126616483304383,
    0.02547279042840602,
    0.022389500096506466,
    0.021617448369040726,
    0.02296853889210577,
    0.02181046130090716,
    0.018911617136240833,
    0.020656370656370656,
    0.020853446611314927,
    0.021034349671941337,
    0.01756417679984559,
    0.019884169884169883,
    0.016213086276780544,
    0.01563706563706564,
    0.016023166023166023,
    0.013510905230650454,
    0.017178150936112718,
    0.018143215595444896,
    0.01776061776061776,
    0.01563404748118124,
    0.01563103049015824,
    0.014668982821849063
  ],
  "val_loss": [
    1.0786494384718757,
    1.3611448617742272,
    1.3866902145734878,
    1.1557461963250086,
    0.9804658688541151,
    0.8176260785414622,
    0.9676019443660719,
    0.975181442847279,
    1.2027552132508015,
    1.0409279360390797,
    1.4785190905600871,
    1.1162932976613358,
    0.9678945217037472,
    1.7662888304715143,
    0.9305548312147798,
    0.8442981879086237,
    1.1646069120562654,
    1.1600861002152463,
    0.9251771039008415,
    1.0861117340560653,
    1.0936768741009921,
    1.24273789081818,
    1.3264364792071177,
    1.23805299902234,
    1.465897597351305,
    1.4277595527830966,
    1.084497534906083,
    0.9746613632410001,
    1.2825292779127417,
    1.2936335122823035
  ],
  "val_dice": [
    0.7127083969379422,
    0.6598403004377529,
    0.6760820876455407,
    0.7096398668549424,
    0.7197437427149942,
    0.7629841538079805,
    0.7642536467509052,
    0.7562513927799089,
    0.7306787663297276,
    0.7229571480017442,
    0.7019573785736095,
    0.7224666901686337,
    0.7333058985003251,
    0.6806904686431791,
    0.7649163018190368,
    0.7655293418259023,
    0.7440041183265844,
    0.7526546061898653,
    0.7712266377658925,
    0.743550635248083,
    0.7617377065754949,
    0.7377713900802397,
    0.7301760897613488,
    0.7412807867673897,
    0.6911339238750352,
    0.7252872866549214,
    0.7602459585063287,
    0.7774325302321772,
    0.7592456227863617,
    0.7675022646636195
  ],
  "val_fpr": [
    0.23820754716981132,
    0.08254716981132075,
    0.13679245283018868,
    0.07429245283018868,
    0.21580188679245282,
    0.0660377358490566,
    0.14386792452830188,
    0.11674528301886793,
    0.08490566037735849,
    0.06721698113207547,
    0.06839622641509434,
    0.05306603773584906,
    0.11438679245283019,
    0.012971698113207548,
    0.12617924528301888,
    0.1320754716981132,
    0.09198113207547169,
    0.10731132075471699,
    0.12735849056603774,
    0.1403301886792453,
    0.09080188679245282,
    0.054245283018867926,
    0.08726415094339622,
    0.1332547169811321,
    0.055424528301886794,
    0.11084905660377359,
    0.1391509433962264,
    0.14504716981132076,
    0.11910377358490566,
    0.21580188679245282
  ],
  "val_fnr": [
    0.05698005698005698,
    0.10398860398860399,
    0.07264957264957266,
    0.0698005698005698,
    0.042735042735042736,
    0.04985754985754986,
    0.03418803418803419,
    0.037037037037037035,
    0.0698005698005698,
    0.07407407407407407,
    0.0811965811965812,
    0.05982905982905983,
    0.06267806267806268,
    0.11823361823361823,
    0.03133903133903134,
    0.042735042735042736,
    0.04985754985754986,
    0.05270655270655271,
    0.038461538461538464,
    0.05413105413105413,
    0.03561253561253561,
    0.0641025641025641,
    0.08974358974358974,
    0.038461538461538464,
    0.1225071225071225,
    0.07264957264957266,
    0.04131054131054131,
    0.037037037037037035,
    0.04700854700854701,
    0.02849002849002849
  ]
}