{
  "thresholds": [
    0.5,
    0.55,
    0.6,
    0.65,
    0.7
  ],
  "val_dice_by_threshold": {
    "0.50": 0.7774325302321772,
    "0.55": 0.7780024111748506,
    "0.60": 0.7778125487299811,
    "0.65": 0.7778812646918911,
    "0.70": 0.7780490261356631
  },
  "best_threshold": 0.7,
  "best_val_dice": 0.7780490261356631
}