{
  "dice": 0.7778170210797162,
  "hd95_mean": 11.592013359069824,
  "hd95_median": 4.01231050491333,
  "hd95_count": 723,
  "fpr": 0.09571788413098237,
  "fnr": 0.04365079365079365
}