{
  "selected_threshold": 0.7,
  "dice": 0.7785706613902692,
  "hd95_median": 4.01231050491333,
  "fnr": 0.04365079365079365,
  "fpr": 0.09571788413098237
}