{
  "train_loss": [
    0.5603111034752108,
    0.39193413539084004,
    0.3688582541709239,
    0.3646724799520657,
    0.34439866324982343,
    0.3396376098397205,
    0.32625465801020836,
    0.30983649185943396,
    0.29889256964308236,
    0.29053931509829917,
    0.28630724043889233,
    0.2767093950905758,
    0.26856445104710647,
    0.2666578997375156,
    0.2573388360976734,
    0.25615500512229017,
    0.2498912473669592,
    0.24599771126092224,
    0.24010641165218263,
    0.2367289355527448,
    0.23458684012828412,
    0.2320837513773947,
    0.22700730309733805,
    0.22551815497495656,
    0.22108242594594435,
    0.224319215901196,
    0.21766593295584405,
    0.21513799464912506,
    0.21692040744956573,
    0.21624155209522763
  ],
  "train_dice": [
    0.6261610557486381,
    0.6702665707687807,
    0.6863393519112383,
    0.6910064769290013,
    0.7069329452514332,
    0.7096293844062975,
    0.7215762924427553,
    0.7340345356860203,
    0.7434555807916217,
    0.7500311178131082,
    0.7539751974859111,
    0.7611207756614288,
    0.7684979401313495,
    0.7692575709449205,
    0.7776488438456142,
    0.7793759038688381,
    0.7837520332613362,
    0.7867275872048048,
    0.791789815327469,
    0.7946377408539749,
    0.7969141026488942,
    0.7985740157091064,
    0.8031216707888041,
    0.8042146978428903,
    0.807749687868746,
    0.8050603998831983,
    0.81059513231314,
    0.8129007906415232,
    0.8113387846906496,
    0.8109891367738821
  ],
  "train_fpr": [
    0.3910709239898276,
    0.36224922294433454,
    0.3349349915206331,
    0.308844306301215,
    0.2983050847457627,
    0.2755794234030526,
    0.2834934991520633,
    0.26561175473297544,
    0.26610169491525426,
    0.2911249293386094,
    0.29124293785310734,
    0.29471602147499293,
    0.27663181689742866,
    0.27069793727041536,
    0.2533898305084746,
    0.2401129943502825,
    0.26907857546636516,
    0.2486578129415089,
    0.25353306953080834,
    0.23085617406046907,
    0.2596045197740113,
    0.2520486012998022,
    0.2459016393442623,
    0.2583380440927077,
    0.24639728736931338,
    0.24561899378179763,
    0.2512009042102289,
    0.21073446327683615,
    0.22831308279174908,
    0.2382702091577162
  ],
  "train_fnr": [
    0.04114760286900717,
    0.029067572668931674,
    0.03132075471698113,
    0.03095507738769347,
    0.024924471299093656,
    0.027924528301886794,
    0.029056603773584905,
    0.023405058512646282,
    0.028700906344410877,
    0.019622641509433963,
    0.02152567975830816,
    0.01887504718761797,
    0.020385050962627407,
    0.01849754624386561,
    0.02039274924471299,
    0.0188821752265861,
    0.01660377358490566,
    0.01245753114382786,
    0.017735849056603775,
    0.01963004907512269,
    0.015861027190332326,
    0.011325028312570781,
    0.015471698113207547,
    0.010188679245283019,
    0.016610041525103814,
    0.014339622641509434,
    0.015100037750094376,
    0.013595166163141994,
    0.015100037750094376,
    0.015471698113207547
  ],
  "val_loss": [
    0.31670924353188484,
    0.3449178795757597,
    0.33494257863699917,
    0.3450292618426467,
    0.43815488998706525,
    0.2609587848502698,
    0.3035103815461976,
    0.2602156122815388,
    0.2853821035405369,
    0.3122818330080503,
    0.26120182294744393,
    0.2811831617307916,
    0.24499310928567336,
    0.24057583783602524,
    0.24108860189149486,
    0.24973659217357635,
    0.24024807213155913,
    0.258720781229219,
    0.2348010544356364,
    0.2628442567997965,
    0.2581550523203943,
    0.2292900211140711,
    0.31786490103294107,
    0.22899747626060515,
    0.32841518963995914,
    0.24527999197456501,
    0.22274046847769688,
    0.2958085133795397,
    0.2396948707910052,
    0.2962781234745638
  ],
  "val_dice": [
    0.7363052600377118,
    0.7067587958841488,
    0.7157146471999685,
    0.7131220841142955,
    0.628549946284302,
    0.7843512835707367,
    0.7451449107250263,
    0.7815503409275641,
    0.7638998662247581,
    0.7350951312430973,
    0.7817344209154579,
    0.7623126393959756,
    0.7957296176598623,
    0.7979581511285482,
    0.7980445759958866,
    0.7927050807313198,
    0.7957319824188078,
    0.7811848376964068,
    0.8025072107896881,
    0.7783353993525872,
    0.7812952156368871,
    0.8064875875646619,
    0.7351593606035652,
    0.8098416461038652,
    0.7151221245606318,
    0.793395160581294,
    0.8111552413681458,
    0.746767064531776,
    0.7949533749776905,
    0.7486977523751063
  ],
  "val_fpr": [
    0.23115577889447236,
    0.228643216080402,
    0.2864321608040201,
    0.16834170854271358,
    0.052763819095477386,
    0.08542713567839195,
    0.035175879396984924,
    0.12562814070351758,
    0.15829145728643215,
    0.06281407035175879,
    0.12562814070351758,
    0.15829145728643215,
    0.12060301507537688,
    0.14321608040201006,
    0.1708542713567839,
    0.1708542713567839,
    0.09547738693467336,
    0.06030150753768844,
    0.1658291457286432,
    0.052763819095477386,
    0.05527638190954774,
    0.09045226130653267,
    0.04522613065326633,
    0.15577889447236182,
    0.03015075376884422,
    0.11557788944723618,
    0.16834170854271358,
    0.0678391959798995,
    0.10050251256281408,
    0.052763819095477386
  ],
  "val_fnr": [
    0.07161803713527852,
    0.07692307692307693,
    0.04774535809018567,
    0.07427055702917772,
    0.11405835543766578,
    0.03713527851458886,
    0.07427055702917772,
    0.058355437665782495,
    0.04774535809018567,
    0.07161803713527852,
    0.05305039787798409,
    0.050397877984084884,
    0.050397877984084884,
    0.042440318302387266,
    0.04509283819628647,
    0.042440318302387266,
    0.050397877984084884,
    0.0610079575596817,
    0.03978779840848806,
    0.05305039787798409,
    0.058355437665782495,
    0.04509283819628647,
    0.06631299734748011,
    0.034482758620689655,
    0.07692307692307693,
    0.03183023872679045,
    0.03713527851458886,
    0.05305039787798409,
    0.04509283819628647,
    0.05570291777188329
  ]
}