{
  "dice": 0.8100111272802891,
  "hd95_mean": 8.442283630371094,
  "hd95_median": 4.123105525970459,
  "hd95_count": 297,
  "fpr": 0.20985010706638116,
  "fnr": 0.03571428571428571
}