{
  "train_loss": [
    0.48067235541101655,
    0.36287694080007427,
    0.31722559635747005,
    0.2944063531131724,
    0.2743997898953543,
    0.26187883002231255,
    0.30204564685377994,
    0.29517707406397237,
    0.28912914560124137,
    0.27891356571320275,
    0.27240372455975953,
    0.26923188006545823,
    0.2651389416611882,
    0.260757211605978,
    0.26069311757858626,
    0.25825754751696167,
    0.2542338183463477,
    0.25472672856616874,
    0.25366936326194556,
    0.24406303939245738,
    0.24844661337601864,
    0.2425210322471158,
    0.24495230355061257,
    0.24323323036949826,
    0.24266215863875193,
    0.24032135127281337,
    0.24087030831797307,
    0.2407710074968789,
    0.23488540679809575,
    0.22988570111743567
  ],
  "train_dice": [
    0.6368796675854546,
    0.6911696049813246,
    0.7280743458231566,
    0.7455060980690895,
    0.761102776518846,
    0.771371195387628,
    0.7457655145372599,
    0.7503580280315044,
    0.7533613824754053,
    0.7617571920422258,
    0.7660148165897701,
    0.7670050222494803,
    0.76992494026824,
    0.774405591139751,
    0.7725500815990431,
    0.7745135957059991,
    0.7786305522928104,
    0.7776795715053167,
    0.7774463248448427,
    0.7854387089398726,
    0.7819210417324193,
    0.7868498747458058,
    0.7850160837044061,
    0.7855095251215216,
    0.785585673861876,
    0.7874986257934061,
    0.7873116160820852,
    0.7873355649401474,
    0.7923643233537665,
    0.7964328774542652
  ],
  "train_fpr": [
    0.4244494006133259,
    0.3760278745644599,
    0.34044332915098285,
    0.3366792137181096,
    0.3248292206886937,
    0.30712393698591944,
    0.17554378137200224,
    0.1014917050048794,
    0.095915237696919,
    0.09937282229965157,
    0.10217451909673822,
    0.0904781820716576,
    0.09229053394674473,
    0.0945211208699289,
    0.0889446535619685,
    0.08700501952035694,
    0.09089641711975463,
    0.0780814277746793,
    0.07179701658999024,
    0.095915237696919,
    0.07863915225878416,
    0.06831172452251498,
    0.06927794814608308,
    0.0698452530322041,
    0.06204684885666481,
    0.06832124930284439,
    0.06091441315862838,
    0.05269761606022585,
    0.05814277746793084,
    0.0623083356565375
  ],
  "train_fnr": [
    0.040704500978473585,
    0.03405754550792719,
    0.03384856192525924,
    0.032087654079436506,
    0.0315006847974956,
    0.030913715515554687,
    0.07785602503912363,
    0.09587164938368226,
    0.09606730581099589,
    0.09003718927383049,
    0.08395303326810176,
    0.09019761299158677,
    0.08765407943650949,
    0.08119741733515946,
    0.08902367442770495,
    0.08665884194053208,
    0.08432792017217766,
    0.08822378716744914,
    0.09665427509293681,
    0.08002347877127763,
    0.08724569640062597,
    0.08921933085501858,
    0.0888454011741683,
    0.09332811582860497,
    0.09467918622848201,
    0.08939749608763693,
    0.09197651663405088,
    0.0945020543924868,
    0.08939749608763693,
    0.07906066536203522
  ],
  "val_loss": [
    0.3212879341779023,
    0.27763005028638615,
    0.3317411407696072,
    0.21836990433243605,
    0.22231430904223368,
    0.22009736978443417,
    0.5184773971166836,
    0.20741328195883676,
    0.20629427677913179,
    0.39862005826989577,
    0.25631373499095794,
    0.23243605317933672,
    0.2802367326996383,
    0.4477296747686066,
    0.290258181992279,
    0.3123104703673244,
    0.3374572441687245,
    0.333726078778858,
    0.22859002926425467,
    0.18416576453390912,
    0.2955605679428613,
    0.2841820961977603,
    0.33530724563321773,
    0.2517395366931103,
    0.3323855577532709,
    0.27617242554279825,
    0.22432912888347045,
    0.3541886721842388,
    0.3324855804090669,
    0.2347207820627111
  ],
  "val_dice": [
    0.7201951704258044,
    0.7599400480707678,
    0.7160951659557294,
    0.8203011733319985,
    0.8058348096143895,
    0.8079542417668865,
    0.6361002380237777,
    0.8263567651693637,
    0.8315803288708071,
    0.7153770492051194,
    0.7952497128463356,
    0.8075356682729439,
    0.7786045527449373,
    0.6605424041358324,
    0.7846818028469763,
    0.7550233656749923,
    0.746990348901269,
    0.7541434421209541,
    0.8130515078468435,
    0.8456686850879672,
    0.7673126037216046,
    0.7867227531749116,
    0.7507603608909443,
    0.8050130290039897,
    0.7553813982556558,
    0.7913365856077544,
    0.8281229799668465,
    0.7461360260160893,
    0.7488004655174955,
    0.8209593248437848
  ],
  "val_fpr": [
    0.20306965761511217,
    0.1050767414403778,
    0.04014167650531287,
    0.45808736717827625,
    0.12750885478158205,
    0.1641086186540732,
    0.0,
    0.12278630460448642,
    0.043683589138134596,
    0.008264462809917356,
    0.024793388429752067,
    0.02833530106257379,
    0.024793388429752067,
    0.008264462809917356,
    0.011806375442739079,
    0.023612750885478158,
    0.014167650531286895,
    0.012987012987012988,
    0.01652892561983471,
    0.0602125147579693,
    0.0035419126328217238,
    0.021251475796930343,
    0.008264462809917356,
    0.03778040141676505,
    0.02243211334120425,
    0.021251475796930343,
    0.024793388429752067,
    0.0070838252656434475,
    0.012987012987012988,
    0.04014167650531287
  ],
  "val_fnr": [
    0.047337278106508875,
    0.0695266272189349,
    0.11686390532544379,
    0.011834319526627219,
    0.03994082840236687,
    0.028106508875739646,
    0.2411242603550296,
    0.04437869822485207,
    0.051775147928994084,
    0.1849112426035503,
    0.09023668639053255,
    0.06804733727810651,
    0.08727810650887574,
    0.1878698224852071,
    0.09911242603550297,
    0.10798816568047337,
    0.1257396449704142,
    0.13313609467455623,
    0.07396449704142012,
    0.042899408284023666,
    0.1257396449704142,
    0.08727810650887574,
    0.11242603550295859,
    0.07544378698224852,
    0.11390532544378698,
    0.07692307692307693,
    0.05621301775147929,
    0.12721893491124261,
    0.09911242603550297,
    0.05325443786982249
  ]
}