{
  "thresholds": [
    0.5,
    0.55,
    0.6,
    0.65,
    0.7
  ],
  "val_dice_by_threshold": {
    "0.50": 0.8456686850879672,
    "0.55": 0.8448216900361712,
    "0.60": 0.8440870628334008,
    "0.65": 0.8432142475079856,
    "0.70": 0.8420940982122745
  },
  "best_threshold": 0.5,
  "best_val_dice": 0.8456686850879672
}