{
  "selected_threshold": 0.5,
  "dice": 0.7815920627416114,
  "hd95_median": 5.0,
  "fnr": 0.10815047021943573,
  "fpr": 0.14692982456140352
}