{
  "dice": 0.7815920627416114,
  "hd95_mean": 8.183115005493164,
  "hd95_median": 5.0,
  "hd95_count": 567,
  "fpr": 0.1425438596491228,
  "fnr": 0.11128526645768025
}