{
  "dice": 0.8337286111157804,
  "hd95_mean": 7.566693305969238,
  "hd95_median": 3.3506689071655273,
  "hd95_count": 6296,
  "fpr": 0.17752659574468085,
  "fnr": 0.027794935145151328,
  "selected_threshold": 0.5
}