{
  "train_loss": [
    0.3468669321180727,
    0.2673694065731647,
    0.2431007821071907,
    0.22872726325857554,
    0.2199448553255401,
    0.21158973247384796,
    0.20749152709959573,
    0.20153703172118692,
    0.19787512156352063,
    0.1947901551254718,
    0.19133521451031985,
    0.18866660390307294,
    0.18627168401317504,
    0.18487404841484986,
    0.18270588473672686,
    0.18122461343850707,
    0.17856260209866517,
    0.1771455484913297,
    0.17700573245232518,
    0.17466780551015987,
    0.17357458431011058,
    0.1727089424942257,
    0.17108072687882897,
    0.16986198423613433,
    0.16807670093622887,
    0.1681389829660546,
    0.1666052544364884,
    0.16561675780221075,
    0.16541448559154054,
    0.16367986395551687
  ],
  "train_dice": [
    0.7167480149074871,
    0.7713211570169501,
    0.7897683285672805,
    0.8013215967481565,
    0.8082062441151187,
    0.815104941443704,
    0.8181270331463035,
    0.8230722166472185,
    0.826122598976955,
    0.8283904057140403,
    0.8314251206872652,
    0.8337127828230737,
    0.8357111158355459,
    0.8369284485649,
    0.838640054103318,
    0.8398549618626605,
    0.8421688103509674,
    0.8435549072954047,
    0.8434839161841177,
    0.8455035369275402,
    0.8465546484687299,
    0.8470287538724813,
    0.84879854786244,
    0.849657423664249,
    0.8511558750908617,
    0.8511387736977685,
    0.8525282770059439,
    0.8534783006619688,
    0.8534051500266975,
    0.8549651180476001
  ],
  "train_fpr": [
    0.3293878716720084,
    0.2924190016818456,
    0.25259416748643415,
    0.2697616856535398,
    0.26179671881445754,
    0.27384088096220366,
    0.2517056452892457,
    0.2817884682511979,
    0.2941960460762225,
    0.2822009964141783,
    0.2771642548870272,
    0.2639545584362009,
    0.27958490685792264,
    0.27554582381315057,
    0.28318471741820833,
    0.26847767446288595,
    0.2716425488702716,
    0.2860089486878431,
    0.27094440213252097,
    0.2591076415333841,
    0.2657802037383771,
    0.26593043919776593,
    0.2716425488702716,
    0.28435883603592166,
    0.2715790809850216,
    0.26270863743098305,
    0.2744494510376341,
    0.26006791279235825,
    0.25018246437977976,
    0.26497842091901497
  ],
  "train_fnr": [
    0.03158126237079393,
    0.024851550472839233,
    0.025555311194193974,
    0.022388387948097648,
    0.02067297118979547,
    0.018472093943792057,
    0.02040906091928744,
    0.017681988124037828,
    0.015042885418957555,
    0.014647020013195514,
    0.015965869106263193,
    0.016142511546074333,
    0.015129524563486828,
    0.014690358902181563,
    0.014339124697602816,
    0.015305449267713418,
    0.013986629134412386,
    0.01381130415658676,
    0.014514426460239269,
    0.014470443349753694,
    0.014073976338127282,
    0.014338494018296974,
    0.01205137227304715,
    0.013195513525401364,
    0.012579169598874033,
    0.012448315298671592,
    0.01253628925837952,
    0.013062409288824383,
    0.013371453705740048,
    0.011875439831104857
  ],
  "val_loss": [
    0.33580003172027073,
    0.28422408037305236,
    0.31132066127519165,
    0.3379977970243095,
    0.2657009313635627,
    0.2583022745670615,
    0.24994423108628377,
    0.2506172579283778,
    0.229306486692985,
    0.23041479020663186,
    0.23824051586218636,
    0.2505458133283972,
    0.2495452267002194,
    0.2421506659538875,
    0.2280924927821929,
    0.2734711042155899,
    0.24808763066263065,
    0.22638974555115143,
    0.24413282119452556,
    0.24079526940501042,
    0.2518518272335532,
    0.24402105644436115,
    0.22612187076841278,
    0.22205955876235658,
    0.24176307220426002,
    0.2434857579294953,
    0.2186395041343766,
    0.21624517627355322,
    0.23234495246178924,
    0.23052654579544865
  ],
  "val_dice": [
    0.715543556520792,
    0.7548166177696487,
    0.7362877423515245,
    0.7139608233018724,
    0.7696299894416186,
    0.7787952441972827,
    0.7837122259732333,
    0.7883708372710956,
    0.7985199470977765,
    0.7974741947815793,
    0.7931904543552163,
    0.787142672631748,
    0.7837208838115356,
    0.7908101235416101,
    0.8028682217884725,
    0.770688987699201,
    0.7856257709565716,
    0.8033366179808283,
    0.791658641628852,
    0.7924377748250496,
    0.7856057739906258,
    0.7901870694915051,
    0.8027060451717402,
    0.807819863901066,
    0.7892058823771416,
    0.7872667129723204,
    0.8085723896348699,
    0.8102539473860876,
    0.797011865221378,
    0.8026896137702901
  ],
  "val_fpr": [
    0.15788327526132404,
    0.156794425087108,
    0.11411149825783973,
    0.0742595818815331,
    0.10975609756097561,
    0.18967770034843207,
    0.22016550522648085,
    0.3087979094076655,
    0.2578397212543554,
    0.234102787456446,
    0.1602787456445993,
    0.20884146341463414,
    0.09930313588850175,
    0.23606271777003485,
    0.27090592334494773,
    0.21646341463414634,
    0.16376306620209058,
    0.31859756097560976,
    0.2656794425087108,
    0.2077526132404181,
    0.20797038327526132,
    0.18880662020905922,
    0.18858885017421603,
    0.27047038327526135,
    0.18074912891986064,
    0.1687717770034843,
    0.24782229965156793,
    0.1672473867595819,
    0.15418118466898956,
    0.20492160278745644
  ],
  "val_fnr": [
    0.08264724509183027,
    0.06998100063331222,
    0.0759974667511083,
    0.08518049398353388,
    0.07251424952501584,
    0.04591513616212793,
    0.04179860671310956,
    0.016782773907536415,
    0.042115262824572515,
    0.04053198226725776,
    0.04718176060797973,
    0.04148195060164661,
    0.07061431285623812,
    0.043381887270424316,
    0.025965801139962,
    0.046865104496516784,
    0.050348321722609245,
    0.022799240025332488,
    0.03261557948068398,
    0.031982267257758074,
    0.04179860671310956,
    0.04306523115896137,
    0.042115262824572515,
    0.025015832805573148,
    0.0383153894870171,
    0.05319822672577581,
    0.022482583913869536,
    0.03926535782140595,
    0.04274857504749842,
    0.030398986700443317
  ],
  "train_bce_loss": [
    0.044694093543448915,
    0.03305536026127931,
    0.028465314660022528,
    0.026237392129338587,
    0.02468535671681301,
    0.023549254930202216,
    0.02269344293231773,
    0.021818883113595654,
    0.021341149087644267,
    0.020769030072369587,
    0.02039744492634286,
    0.020034658315503173,
    0.019725051113073995,
    0.01959583138492116,
    0.01921432677790237,
    0.019029014481836942,
    0.018701275017082162,
    0.01863240995393088,
    0.0185093070198517,
    0.01820809603930533,
    0.018197257376281438,
    0.017962706640496016,
    0.01791681486951393,
    0.017643738938711732,
    0.01739658162337104,
    0.01745939317997436,
    0.017358836845730388,
    0.017248362534435097,
    0.01713115516159951,
    0.016926678298759205
  ],
  "val_bce_loss": [
    0.04798347344182602,
    0.03519614049217332,
    0.04500851445887152,
    0.050722737795567845,
    0.032595767221260515,
    0.03456619195007876,
    0.03225938344826966,
    0.03698122019255161,
    0.026301467645247385,
    0.025241969972228846,
    0.028409657361885957,
    0.03566755762349053,
    0.03151295049056444,
    0.031873388342765624,
    0.028681912353846446,
    0.04172208939030425,
    0.032263780389887725,
    0.02848408013612679,
    0.034610167131204794,
    0.03131621404663643,
    0.0355717621275852,
    0.03233973934131278,
    0.0270396584250178,
    0.02818652806507422,
    0.029671099181796813,
    0.030113939012207568,
    0.025800623891307006,
    0.024345903637037262,
    0.02845252302236287,
    0.030990733018508184
  ],