{
  "selected_threshold": 0.5,
  "dice": 0.8337286111157804,
  "hd95_median": 3.3506689071655273,
  "fnr": 0.027794935145151328,
  "fpr": 0.17752659574468085
}