{
  "thresholds": [
    0.5,
    0.55,
    0.6,
    0.65,
    0.7
  ],
  "val_dice_by_threshold": {
    "0.50": 0.8102539473860876,
    "0.55": 0.8096287596582696,
    "0.60": 0.8090869282685489,
    "0.65": 0.8084532997976137,
    "0.70": 0.8077377503044182
  },
  "best_threshold": 0.5,
  "best_val_dice": 0.8102539473860876
}