{
  "dice": 0.8314539738402974,
  "hd95_mean": 7.529670715332031,
  "hd95_median": 3.539060115814209,
  "hd95_count": 6290,
  "fpr": 0.16500443262411346,
  "fnr": 0.02872143298332304
}