{
  "dice": 0.767297508645921,
  "hd95_mean": 14.412461280822754,
  "hd95_median": 4.0,
  "hd95_count": 727,
  "fpr": 0.21158690176322417,
  "fnr": 0.03835978835978836
}