{
  "train_loss": [
    0.44154997064905627,
    0.3333557314282216,
    0.3032603878671658,
    0.2860219024365465,
    0.27531064511016184,
    0.2654535897296829,
    0.2601492934166919,
    0.2517259207105574,
    0.24448822665760464,
    0.23363181451764728,
    0.2321594054526741,
    0.22540067956236162,
    0.22732308814174484,
    0.21848406946873894,
    0.21687370725874675,
    0.21411152119866553,
    0.21333365812620908,
    0.20932999803421898,
    0.20612941042939578,
    0.20334147560461963,
    0.2018082857253091,
    0.19866206162328434,
    0.19721626662744468,
    0.19642652961091558,
    0.19211560727802685,
    0.19063724412944777,
    0.18952386012510766,
    0.19050839228163047,
    0.1859475913006828,
    0.18461993030052803
  ],
  "train_dice": [
    0.6710262618872818,
    0.7164491233310315,
    0.7400603744887273,
    0.7534543058898951,
    0.7627492481515092,
    0.7695436861618724,
    0.7729329222172358,
    0.7796503880087449,
    0.7845864387451761,
    0.7932141785675588,
    0.7940957278451034,
    0.800254262522451,
    0.7979898712805726,
    0.8054994221652536,
    0.8072276876249794,
    0.8094438190732995,
    0.8098426665310988,
    0.8128661628049539,
    0.8156429039848525,
    0.8183572055566704,
    0.8195903155904526,
    0.8221347910127038,
    0.8236929145052134,
    0.8238708204386698,
    0.8279375861654441,
    0.8290966216004167,
    0.8297958724480733,
    0.8290925404427675,
    0.8331399018279935,
    0.834121587426227
  ],
  "train_fpr": [
    0.4197838736492103,
    0.35369908561928515,
    0.3230811859240787,
    0.32183430313106126,
    0.29578830701025216,
    0.29620393460792466,
    0.2575505680243835,
    0.31975616514269883,
    0.2942643391521197,
    0.28415073427542253,
    0.2770850651149903,
    0.2747298420615129,
    0.2974508174009421,
    0.3034081463009144,
    0.28442781934053757,
    0.29537267941257966,
    0.271404821280133,
    0.2762538099196453,
    0.26697146023829316,
    0.28165696868938767,
    0.26614020504294816,
    0.2575505680243835,
    0.25547243003602105,
    0.2604599612080909,
    0.27833194790800775,
    0.242865059573289,
    0.2738985868661679,
    0.2744527569963979,
    0.2538099196453311,
    0.26156830146855087
  ],
  "train_fnr": [
    0.03512157468159012,
    0.03010420686993439,
    0.028560401389424932,
    0.024700887688151294,
    0.023736009262832883,
    0.021806252412196064,
    0.028753377074488613,
    0.01968351987649556,
    0.021034349671941337,
    0.021999228097259745,
    0.023543033577769202,
    0.021613276727132383,
    0.01968351987649556,
    0.01949054419143188,
    0.017946738710922425,
    0.01659590891547665,
    0.01968351987649556,
    0.018911617136240833,
    0.020841373986877652,
    0.01968351987649556,
    0.021034349671941337,
    0.02064839830181397,
    0.02257815515245079,
    0.018911617136240833,
    0.01736781165573138,
    0.018718641451177152,
    0.018139714395986106,
    0.019104592821304514,
    0.016402933230412968,
    0.016016981860285603
  ],
  "val_loss": [
    0.5707616822268718,
    0.49353680392446003,
    0.2560988384646568,
    0.24837362901320909,
    0.34075813864137544,
    0.28736588804109653,
    0.26128101097870926,
    0.3186199526193729,
    0.29413737835325404,
    0.2944284200965509,
    0.22455207574210445,
    0.2519000209788354,
    0.2267579846933187,
    0.27323898815276615,
    0.2725299311950378,
    0.2657307649238242,
    0.25276152075048103,
    0.24690815491702653,
    0.23282414387667452,
    0.23138391426061294,
    0.2523396606649938,
    0.27471091981945384,
    0.24876109827203713,
    0.24405884373922462,
    0.2616180719706917,
    0.26849672891878845,
    0.2809706174919748,
    0.2416875118235832,
    0.2520075014333355,
    0.24869250540125404
  ],
  "val_dice": [
    0.5158880350997199,
    0.5881256652850674,
    0.7827738244378372,
    0.7848924208973718,
    0.715096994342967,
    0.7583019282944776,
    0.7764291455093612,
    0.7246428176367979,
    0.7450909666256698,
    0.7494762976231992,
    0.8083148162700554,
    0.78130692468712,
    0.8046379895984299,
    0.7678084825364571,
    0.771111273687025,
    0.7734417091800362,
    0.7862392631691066,
    0.7920942427272089,
    0.8061344655671095,
    0.8047200812562834,
    0.7927494100334808,
    0.7671358973488339,
    0.7892641150246659,
    0.7950995264314858,
    0.7823084412604315,
    0.7765810452348572,
    0.7631473872768149,
    0.7976070295706221,
    0.7912170322627848,
    0.7939117281754737
  ],
  "val_fpr": [
    0.13797169811320756,
    0.07665094339622641,
    0.29127358490566035,
    0.21933962264150944,
    0.12028301886792453,
    0.22995283018867924,
    0.19339622641509435,
    0.11674528301886793,
    0.2346698113207547,
    0.1650943396226415,
    0.3136792452830189,
    0.2535377358490566,
    0.3018867924528302,
    0.21580188679245282,
    0.2028301886792453,
    0.17806603773584906,
    0.13797169811320756,
    0.24410377358490565,
    0.3856132075471698,
    0.2865566037735849,
    0.30306603773584906,
    0.13797169811320756,
    0.2358490566037736,
    0.22169811320754718,
    0.13089622641509435,
    0.19811320754716982,
    0.10259433962264151,
    0.22877358490566038,
    0.14504716981132076,
    0.23349056603773585
  ],
  "val_fnr": [
    0.1623931623931624,
    0.21082621082621084,
    0.017094017094017096,
    0.03418803418803419,
    0.03561253561253561,
    0.03133903133903134,
    0.027065527065527065,
    0.04843304843304843,
    0.04131054131054131,
    0.03133903133903134,
    0.01566951566951567,
    0.017094017094017096,
    0.01282051282051282,
    0.03276353276353276,
    0.014245014245014245,
    0.039886039886039885,
    0.02849002849002849,
    0.018518518518518517,
    0.007122507122507123,
    0.007122507122507123,
    0.007122507122507123,
    0.04843304843304843,
    0.024216524216524215,
    0.01282051282051282,
    0.027065527065527065,
    0.011396011396011397,
    0.04131054131054131,
    0.022792022792022793,
    0.01282051282051282,
    0.01282051282051282
  ],
  "train_bce_loss": [
    0.06052792471053441,
    0.04340032521132835,
    0.039009980553129986,
    0.03575836246455698,
    0.034672832118147076,
    0.032094126387923486,
    0.03073957060316219,
    0.02919639021078624,
    0.02710993101730084,
    0.025144649775553116,
    0.024711291774167792,
    0.024012676559117808,
    0.02390158170927943,
    0.022568654778385516,
    0.02289194789431846,
    0.022336261084647924,
    0.022046377135729094,
    0.021369456330062486,
    0.020890270254864587,
    0.020830981509108146,
    0.02038558686449609,
    0.020107897291090613,
    0.020025918580777263,
    0.019632560629459186,
    0.01952615962920358,
    0.019312090781103155,
    0.018885456780735877,
    0.019108276455305048,
    0.01855219553977342,
    0.018372731728068588
  ],
  "val_bce_loss": [
    0.0903556983726994,
    0.08389202044535318,
    0.03530720192329189,
    0.031285919702820485,
    0.05722605121970635,
    0.045097701843948027,
    0.03691090548328219,
    0.0461006648677143,
    0.04116476655788812,
    0.044352726114089545,
    0.031987474209028186,
    0.03382076461681867,
    0.029583755815338657,
    0.04154027450077564,
    0.0440014039414898,
    0.039123569275785676,
    0.03856726707729771,
    0.03881213206997999,
    0.03791691034195972,
    0.03643362322269406,
    0.045062330756270946,
    0.04304629412012545,
    0.037943025994241195,
    0.039161651543651435,
    0.04475022884882772,
    0.04575605787711776,
    0.04596472667296188,
    0.038995265109986736,
    0.04445477320459085,
    0.042885942296211225
  ],