{
  "selected_threshold": 0.5,
  "dice": 0.767297508645921,
  "hd95_median": 4.0,
  "fnr": 0.03835978835978836,
  "fpr": 0.22544080604534006
}