{
  "dice": 0.767297508645921,
  "hd95_mean": 14.484023094177246,
  "hd95_median": 4.0,
  "hd95_count": 727,
  "fpr": 0.22544080604534006,
  "fnr": 0.03835978835978836,
  "selected_threshold": 0.5
}