{
  "thresholds": [
    0.5,
    0.55,
    0.6,
    0.65,
    0.7
  ],
  "val_dice_by_threshold": {
    "0.50": 0.8083148162700554,
    "0.55": 0.8074127985031856,
    "0.60": 0.8067845808092685,
    "0.65": 0.8057288481108313,
    "0.70": 0.8039519331733725
  },
  "best_threshold": 0.5,
  "best_val_dice": 0.8083148162700554
}