{
  "dice": 0.8157924285586824,
  "hd95_mean": 15.322187423706055,
  "hd95_median": 5.192582607269287,
  "hd95_count": 733,
  "fpr": 0.13591022443890274,
  "fnr": 0.020053475935828877
}