{
  "train_loss": [
    1.0328530395321458,
    0.8345170190985101,
    0.7355341613809514,
    0.6965890298965923,
    0.642048557212149,
    0.6047845264516961,
    0.5721245260275286,
    0.5399228225139596,
    0.5286765118500509,
    0.506072764032181,
    0.49139335462238704,
    0.47660678575808685,
    0.4669516304035907,
    0.4525650389192254,
    0.44767302880665916,
    0.4387951637484699,
    0.42785004504031965,
    0.4219344609595954,
    0.411297653314602,
    0.40813251573667825,
    0.4034205230171142,
    0.39799910556786194,
    0.3910536522581408,
    0.3851154877160532,
    0.3814880176680512,
    0.375262966080313,
    0.3744249025295521,
    0.3649967811233604,
    0.36358233633998366,
    0.35943219339301136
  ],
  "train_dice": [
    0.6459698770603844,
    0.700916253729992,
    0.7278267577976106,
    0.740535969676151,
    0.7518179614031952,
    0.7617173395987923,
    0.7703948965671139,
    0.7775162316581605,
    0.7800170602090133,
    0.786827713270051,
    0.7900516647381155,
    0.7943610516885661,
    0.7997491874880781,
    0.8008618832517838,
    0.8037993465205471,
    0.8080907304379339,
    0.8097980628458691,
    0.812911937119057,
    0.8169191142585706,
    0.8187521848140977,
    0.8193078353526219,
    0.8230220900206325,
    0.823814096803493,
    0.8261238641194256,
    0.8276271578112988,
    0.8316273102168458,
    0.8317188799794557,
    0.8345173315879135,
    0.8349368055729963,
    0.837136674705714
  ],
  "train_fpr": [
    0.42409500643868936,
    0.30595306239267317,
    0.25379113018598,
    0.21387696709585122,
    0.19733829421866056,
    0.17544361763022323,
    0.1793073840870063,
    0.17143674871207784,
    0.17713549864072115,
    0.1704350314825415,
    0.16082415223923308,
    0.1880097295750465,
    0.1668574699484831,
    0.1739876949492059,
    0.16783516955215338,
    0.18700815567320075,
    0.18786664758906854,
    0.1827156960938618,
    0.18698140200286123,
    0.19361763022323983,
    0.19273143511231935,
    0.17954220314735336,
    0.19070100143061516,
    0.18030910131654265,
    0.1886090440755581,
    0.19444841894405496,
    0.1890383514596451,
    0.181857204177994,
    0.1849785407725322,
    0.19341917024320457
  ],
  "train_fnr": [
    0.033364573570759136,
    0.040667166416791606,
    0.03843269591301087,
    0.04143232095988002,
    0.03954272863568216,
    0.03916791604197901,
    0.037481259370314844,
    0.034482758620689655,
    0.034489222118088095,
    0.03204647676161919,
    0.02867853795688847,
    0.02530459231490159,
    0.026611694152923537,
    0.02717900656044986,
    0.02380506091846298,
    0.023617619493908153,
    0.020618556701030927,
    0.021180880974695407,
    0.01968503937007874,
    0.018928035982008994,
    0.017994376757263356,
    0.01818522684664417,
    0.01537307836520435,
    0.015929535232383808,
    0.015742128935532233,
    0.01330834114339269,
    0.015367316341829085,
    0.013683223992502344,
    0.013498312710911136,
    0.011998500187476566
  ],
  "val_loss": [
    1.6674105508632149,
    0.9863360464395775,
    1.197277235506548,
    1.0836724786400618,
    1.2800549062364701,
    1.0837008785926923,
    1.1020035117111802,
    0.9150416986106232,
    1.051487420058711,
    1.0235207942805709,
    1.4361430594329494,
    0.9372166860599574,
    0.9658913612587137,
    1.2085327534406358,
    1.0706520254044263,
    1.132144159981967,
    0.993616716158514,
    0.8497232776162883,
    1.3060124623430076,
    1.4738939343598765,
    1.363415875968926,
    1.0780542948204377,
    1.0053813563324898,
    1.1136864009043437,
    1.354684697815603,
    1.3209623259119967,
    1.2704724576019781,
    1.4095581463506281,
    1.6963446386501657,
    1.0496778994532963
  ],
  "val_dice": [
    0.6050706664141804,
    0.656195816239356,
    0.6926726843237345,
    0.6621131191132549,
    0.6871595038945217,
    0.7251027034869608,
    0.7048748156822454,
    0.7314176525544226,
    0.7321211884758625,
    0.7451944517146071,
    0.6785311865333861,
    0.7412649254144389,
    0.735030465316509,
    0.7043866533149493,
    0.7231866465673892,
    0.7089077154406932,
    0.7307213157730905,
    0.7446165481391315,
    0.6915193455401714,
    0.6850004183138163,
    0.6998124133067601,
    0.7273720566385369,
    0.7323637959473998,
    0.7352217166874153,
    0.7042365703859088,
    0.7053084369025083,
    0.7275521120701378,
    0.7136170873615647,
    0.6886167393230666,
    0.7405105248103292
  ],
  "val_fpr": [
    0.314709236031927,
    0.31356898517673887,
    0.2006841505131129,
    0.32839224629418473,
    0.06271379703534778,
    0.11858608893956671,
    0.06727480045610035,
    0.26225769669327254,
    0.10946408209806158,
    0.12428734321550741,
    0.021664766248574687,
    0.21322690992018245,
    0.09806157354618016,
    0.04446978335233751,
    0.07183580387685291,
    0.02508551881413911,
    0.10376282782212087,
    0.07411630558722919,
    0.055872291904218926,
    0.08779931584948689,
    0.018244013683010263,
    0.1653363740022805,
    0.1459521094640821,
    0.13340935005701254,
    0.12998859749144812,
    0.06499429874572406,
    0.04104903078677309,
    0.12998859749144812,
    0.15393386545039908,
    0.24401368301026224
  ],
  "val_fnr": [
    0.09212481426448738,
    0.0237741456166419,
    0.08172362555720654,
    0.022288261515601784,
    0.09063893016344725,
    0.05646359583952452,
    0.10401188707280833,
    0.03268945022288262,
    0.0787518573551263,
    0.07578008915304606,
    0.1411589895988113,
    0.05794947994056464,
    0.08915304606240713,
    0.1263001485884101,
    0.11292719167904904,
    0.1337295690936107,
    0.0861812778603269,
    0.07578008915304606,
    0.11144130757800892,
    0.10549777117384844,
    0.13818722139673106,
    0.08915304606240713,
    0.10846953937592868,
    0.09063893016344725,
    0.10846953937592868,
    0.11441307578008915,
    0.11292719167904904,
    0.05794947994056464,
    0.11441307578008915,
    0.0475482912332838
  ]
}