{
  "dice": 0.8277081662259519,
  "hd95_mean": 10.10713005065918,
  "hd95_median": 4.123105525970459,
  "hd95_count": 6505,
  "fpr": 0.32065706570657065,
  "fnr": 0.0161826981246219
}