{
  "selected_threshold": 0.5,
  "dice": 0.8289620540221292,
  "hd95_median": 4.123105525970459,
  "fnr": 0.014670296430732003,
  "fpr": 0.33933393339333934
}