{
  "train_loss": [
    0.3376824776954216,
    0.26262264739018115,
    0.24142697000424768,
    0.22900479345891225,
    0.2191562785616742,
    0.21272185868337454,
    0.20645169961385199,
    0.20169357171560479,
    0.1983013150517404,
    0.19443319529952363,
    0.19146801685513742,
    0.1886162881743417,
    0.1864829036264397,
    0.1845469333643018,
    0.1826293541098482,
    0.18051364052180682,
    0.17802517395716833,
    0.17639441643371576,
    0.17540049712297906,
    0.1731547194235711,
    0.17252607052965246,
    0.17061085829231573,
    0.1696061758829078,
    0.16804578711438745,
    0.16621624492502668,
    0.16547579386400926,
    0.1638325870320168,
    0.1625358078248553,
    0.16190215546590342,
    0.16047610413668767
  ],
  "train_dice": [
    0.7230342997829818,
    0.7741508221049345,
    0.7909152415977885,
    0.8009791819360413,
    0.8090440643038723,
    0.8140760697185222,
    0.8192395839340665,
    0.823041858639964,
    0.8256787427940318,
    0.828976579047943,
    0.8314622573588649,
    0.8338849492643123,
    0.8355200211175088,
    0.8371981583484963,
    0.8387780192391799,
    0.8406576448014371,
    0.8428272199851362,
    0.844135443474555,
    0.844867552082337,
    0.84697237682175,
    0.8474251627169616,
    0.849040896708249,
    0.8500745411605799,
    0.8513126371305288,
    0.8528830231997776,
    0.8534538747149404,
    0.8548684413162971,
    0.8559346783936662,
    0.8565391636362193,
    0.857747384338611
  ],
  "train_fpr": [
    0.33367146389399605,
    0.3565247709911566,
    0.35409534677317106,
    0.35996830427892235,
    0.3613972802485181,
    0.3614175225053886,
    0.3720996576645112,
    0.35741456920053255,
    0.33030082099724223,
    0.3407614036199956,
    0.36310901195042317,
    0.33556281104383934,
    0.3515278306073285,
    0.3350556312803119,
    0.32747963356262083,
    0.3348020413985482,
    0.3484848484848485,
    0.3361754730736315,
    0.3264335753003455,
    0.3246695616342832,
    0.3132369722327881,
    0.3160363901480331,
    0.343043712555869,
    0.33650310637758335,
    0.3231369068374172,
    0.3332276675331262,
    0.301952580195258,
    0.325989793007259,
    0.3155309033280507,
    0.31634334981615314
  ],
  "train_fnr": [
    0.03673685137873315,
    0.024053923080311908,
    0.020704845814977973,
    0.018063265485945897,
    0.015902383154927095,
    0.015550660792951542,
    0.013876651982378854,
    0.014139723372390098,
    0.013435531474384388,
    0.013611735165851725,
    0.011981851019778864,
    0.0121580547112462,
    0.013524229074889867,
    0.013655786088718558,
    0.013171225937183385,
    0.012290207479846703,
    0.010969162995594714,
    0.012247235561037932,
    0.013743887934452227,
    0.011454249085862813,
    0.012995594713656388,
    0.011805647328311528,
    0.010924628870974847,
    0.010616740088105727,
    0.010880577948108013,
    0.01043960884503568,
    0.011541850220264317,
    0.010792476102374344,
    0.011630980703145652,
    0.010881057268722467
  ],
  "val_loss": [
    0.3151460182299069,
    0.25858883808947963,
    0.3094525694430965,
    0.25972236170935714,
    0.22970195567313523,
    0.24066873324394894,
    0.2125235013358128,
    0.23797425982104742,
    0.25458231567014,
    0.21232366984496737,
    0.225832396497525,
    0.21312045179155817,
    0.21126729131195165,
    0.21734244999575406,
    0.20217526010562378,
    0.22123707322866365,
    0.21242630050443265,
    0.20091156681582834,
    0.19903293241764064,
    0.2327923768700467,
    0.20187549619195155,
    0.2088406974359825,
    0.2067290480586892,
    0.21801775517238967,
    0.20931343184933937,
    0.19998926757319083,
    0.22730306793637892,
    0.21738650436836693,
    0.2065955249630279,
    0.2095844553396783
  ],
  "val_dice": [
    0.7309291762461179,
    0.7790321215451637,
    0.7323099368670243,
    0.7790765405944662,
    0.8012194060577968,
    0.7947321431144118,
    0.8148895713470409,
    0.794758929555096,
    0.7797753285722729,
    0.8160147142845464,
    0.8030915890901731,
    0.8158034698043751,
    0.8178290098949058,
    0.8120202931468796,
    0.8235649492206042,
    0.8063129475663521,
    0.815237141191388,
    0.8239622358115183,
    0.8257319626335787,
    0.796522007135421,
    0.8245709656354813,
    0.8196947559862435,
    0.8214179872117559,
    0.8104521517111967,
    0.8168488213755414,
    0.8255483179070165,
    0.8038936130756571,
    0.8102222330075929,
    0.8208841426055861,
    0.8176204394643175
  ],
  "val_fpr": [
    0.18249290547915303,
    0.41410172451429816,
    0.1390526086007422,
    0.24383322418685877,
    0.3239467365204104,
    0.259768609473914,
    0.2680637415411482,
    0.183366077275704,
    0.13948919449901767,
    0.28901986465837154,
    0.20563195808775375,
    0.2364112639161755,
    0.2791966819471731,
    0.2196027068325693,
    0.2944771883868151,
    0.2724296005239031,
    0.24034053700065489,
    0.26064178127046495,
    0.3246016153678236,
    0.22178563632394674,
    0.2783235101506221,
    0.3112857454704213,
    0.22964418249290547,
    0.18183802663173979,
    0.24688932547478717,
    0.24645273957651168,
    0.11940624317834533,
    0.18642217856363238,
    0.24230517354289458,
    0.1787819253438114
  ],
  "val_fnr": [
    0.06752918901861786,
    0.023035657936257496,
    0.08362259387819501,
    0.036289050173556325,
    0.024613442726412117,
    0.03029346797096876,
    0.027769012306721363,
    0.03818239192174187,
    0.044177974124329444,
    0.018302303565793626,
    0.031240138845061535,
    0.03439570842537078,
    0.02335121489428842,
    0.02682234143262859,
    0.019880088355948247,
    0.039760176711896494,
    0.026506784474597665,
    0.02335121489428842,
    0.018933417481855473,
    0.03660460713158725,
    0.023666771852319343,
    0.016093404859577155,
    0.021773430104133795,
    0.03408015146733986,
    0.020511202272010098,
    0.027137898390659516,
    0.042600189334174816,
    0.03692016408961818,
    0.030609024928999685,
    0.02903124013884506
  ],
  "train_bce_loss": [
    0.04342025814630945,
    0.03165335617125234,
    0.028272453238978295,
    0.026288296709932695,
    0.024818452238211518,
    0.023621093142216245,
    0.02269519615405363,
    0.021943429520834255,
    0.02135318681257765,
    0.02083476351774562,
    0.020468947265594607,
    0.02005700887798553,
    0.0196814263921789,
    0.019416930675613744,
    0.019182895638137028,
    0.018884675732291155,
    0.018638606559176082,
    0.018379899185033167,
    0.018226109797589422,
    0.01803484855294473,
    0.017868127677904765,
    0.017709754648212454,
    0.01768302033937143,
    0.01738832082874285,
    0.01725385236175852,
    0.017098162310813944,
    0.016915444819122234,
    0.016649085714167778,
    0.01665926206498702,
    0.016488436778782242
  ],
  "val_bce_loss": [
    0.04126898379615957,
    0.029909122427068058,
    0.040275227663378106,
    0.034937560042784546,
    0.027551240378563865,
    0.03097269940448085,
    0.024468516103319973,
    0.030907319542874387,
    0.03199832201163259,
    0.02582944240239858,
    0.026999203798649368,
    0.02703025874447223,
    0.027189434694122428,
    0.02789481470486818,
    0.024028690524654263,
    0.025862154913915854,
    0.026116977893912718,
    0.02275536689364745,
    0.02327352855619733,
    0.027634562515549084,
    0.02485394334562288,
    0.026035139305796012,
    0.02636505789174171,
    0.027187457175357678,
    0.024580760868524936,
    0.02408817899816581,
    0.029611354966186026,
    0.026390125163772205,
    0.026048961976107128,
    0.026364671623536482
  ],