{
  "thresholds": [
    0.5,
    0.55,
    0.6,
    0.65,
    0.7
  ],
  "val_dice_by_threshold": {
    "0.50": 0.8257319626335787,
    "0.55": 0.8254681057697847,
    "0.60": 0.8253324956686932,
    "0.65": 0.8250780011165467,
    "0.70": 0.8248068498998279
  },
  "best_threshold": 0.5,
  "best_val_dice": 0.8257319626335787
}