{
  "dice": 0.8289620540221292,
  "hd95_mean": 10.406189918518066,
  "hd95_median": 4.123105525970459,
  "hd95_count": 6515,
  "fpr": 0.33933393339333934,
  "fnr": 0.014670296430732003,
  "selected_threshold": 0.5
}