{
  "dice": 0.7976887170125775,
  "hd95_mean": 16.304637908935547,
  "hd95_median": 6.155300140380859,
  "hd95_count": 736,
  "fpr": 0.20199501246882792,
  "fnr": 0.016042780748663103,
  "selected_threshold": 0.5
}