{
  "train_loss": [
    1.227829993427403,
    1.0483628053153897,
    0.9639075639639525,
    0.8893959310961359,
    0.8263162914119002,
    0.7310913268817418,
    0.6949010811399842,
    0.6588121660561979,
    0.6442847014705034,
    0.5873255192964006,
    0.5603098107272874,
    0.5353363498345833,
    0.5286820106776613,
    0.4946321400581975,
    0.4814876831685384,
    0.4734490990737869,
    0.4694981019569748,
    0.46592215814724053,
    0.439641326151347,
    0.4426108226703684,
    0.42079471887858666,
    0.41935932004022813,
    0.4099132090170255,
    0.39615410354164343,
    0.38904817909284356,
    0.3940323793735618,
    0.38096957732651054,
    0.37185510496624274,
    0.3671595161184501,
    0.3555708315378443
  ],
  "train_dice": [
    0.615075624000173,
    0.6838859835665079,
    0.7034596384901128,
    0.7155964413423558,
    0.7238405534660816,
    0.7346188228042773,
    0.7387995365493518,
    0.746034633066656,
    0.7506597940014141,
    0.7536216448731385,
    0.7578852719394664,
    0.7623830167661321,
    0.7648857019901362,
    0.7718315487031125,
    0.774424749146763,
    0.7757691368959827,
    0.7802302276633953,
    0.7817190833247687,
    0.7849547488907613,
    0.78892296233153,
    0.7913751646072075,
    0.7918184070283829,
    0.7966222239981476,
    0.7978483937151704,
    0.8014121298504382,
    0.801889611155823,
    0.8050677481747982,
    0.8069303629824242,
    0.8101968038664863,
    0.8120679975326021
  ],
  "train_fpr": [
    0.4956115515288788,
    0.3628255945639864,
    0.3163929784824462,
    0.2953001132502831,
    0.27208380520951303,
    0.2570781426953567,
    0.26203284258210646,
    0.2556625141562854,
    0.2630237825594564,
    0.26486409966024915,
    0.2726500566251416,
    0.2869479048697622,
    0.29614949037372595,
    0.2948754246885617,
    0.3050679501698754,
    0.295158550396376,
    0.2955832389580974,
    0.2924688561721404,
    0.30761608154020387,
    0.304643261608154,
    0.31568516421291054,
    0.3214892412231031,
    0.30931483578708946,
    0.2992638731596829,
    0.3047848244620612,
    0.2999716874292186,
    0.302519818799547,
    0.29345979614949036,
    0.3016704416761042,
    0.2900622876557191
  ],
  "train_fnr": [
    0.027548725637181408,
    0.029610194902548726,
    0.03392053973013493,
    0.03504497751124438,
    0.03504497751124438,
    0.034482758620689655,
    0.03504497751124438,
    0.03298350824587706,
    0.03223388305847077,
    0.027548725637181408,
    0.025487256371814093,
    0.024737631184407798,
    0.02623688155922039,
    0.025487256371814093,
    0.024175412293853074,
    0.026424287856071964,
    0.02267616191904048,
    0.021176911544227885,
    0.018928035982008994,
    0.019302848575712146,
    0.017616191904047975,
    0.01649175412293853,
    0.013305847076461768,
    0.015742128935532233,
    0.016116941529235384,
    0.015367316341829085,
    0.01461769115442279,
    0.015179910044977511,
    0.012368815592203899,
    0.014430284857571215
  ],
  "val_loss": [
    3.011981769267021,
    2.2531524096320856,
    3.22024354465959,
    2.3804601756371504,
    1.8165341209825046,
    3.648629105916969,
    2.395672048415773,
    2.4043314505872186,
    3.046052393596204,
    2.4436953498208327,
    2.179553765604303,
    2.834474650121683,
    2.6645344761082623,
    2.670592898145916,
    3.2472950731961814,
    2.294831015418711,
    2.422181695323288,
    2.694172677571538,
    2.498399206585241,
    2.455963463980544,
    3.345409960944045,
    3.003092815277525,
    2.6084742177261195,
    2.938941937305288,
    2.7348035826758768,
    2.465487786628206,
    2.1675712051697595,
    3.1566674964942516,
    2.417624691398856,
    2.251515013147782
  ],
  "val_dice": [
    0.5970114376478971,
    0.6662221825619354,
    0.665922290221826,
    0.6718306443218092,
    0.6598114583331312,
    0.6330206879535012,
    0.6853751364478186,
    0.6905699865601924,
    0.6713707186060267,
    0.6859240883746479,
    0.6847305241584734,
    0.6694527181560094,
    0.6775782714483022,
    0.6860435529546964,
    0.6622606191374527,
    0.7081826484138022,
    0.6960839848096356,
    0.6748118652764259,
    0.69372141316677,
    0.6945979077297015,
    0.6636306094663027,
    0.6922351378583547,
    0.7015867508438597,
    0.6965315900576947,
    0.7223639071380711,
    0.7179966484145283,
    0.7159842972050007,
    0.7002366797965336,
    0.7296542835575466,
    0.7281777185960818
  ],
  "val_fpr": [
    0.1653363740022805,
    0.26795895096921324,
    0.16875712656784492,
    0.1847206385404789,
    0.3272519954389966,
    0.19840364880273662,
    0.14367160775370583,
    0.2006841505131129,
    0.12542759407069556,
    0.10034207525655645,
    0.24287343215507412,
    0.11744583808437856,
    0.12314709236031927,
    0.19954389965792474,
    0.10034207525655645,
    0.31927023945267957,
    0.15279361459521096,
    0.16419612314709237,
    0.16989737742303307,
    0.24059293044469784,
    0.1402508551881414,
    0.15051311288483465,
    0.2519954389965792,
    0.18015963511972635,
    0.1961231470923603,
    0.23033067274800456,
    0.27137970353477764,
    0.19384264538198404,
    0.1904218928164196,
    0.28164196123147095
  ],
  "val_fnr": [
    0.1426448736998514,
    0.05349182763744428,
    0.07578008915304606,
    0.05794947994056464,
    0.029717682020802376,
    0.1025260029717682,
    0.09212481426448738,
    0.08469539375928678,
    0.11292719167904904,
    0.07726597325408618,
    0.06686478454680535,
    0.1426448736998514,
    0.12481426448736999,
    0.09658246656760773,
    0.1664190193164933,
    0.04309063893016345,
    0.11144130757800892,
    0.10698365527488855,
    0.09063893016344725,
    0.09063893016344725,
    0.16790490341753342,
    0.09955423476968796,
    0.08023774145616643,
    0.0950965824665676,
    0.06537890044576523,
    0.07280832095096583,
    0.06240713224368499,
    0.08469539375928678,
    0.0787518573551263,
    0.03268945022288262
  ],
  "train_bce_loss": [
    0.7709141634640283,
    0.7027663970836494,
    0.6412409000202379,
    0.5816948631328231,
    0.5272142483280851,
    0.4431376281094947,
    0.41182446732224004,
    0.3833584566795228,
    0.3739064632640241,
    0.3212946396008814,
    0.29821057646124566,
    0.2782335023586092,
    0.27513423193340986,
    0.24828049153944923,
    0.23796982311661463,
    0.23159364860287046,
    0.23218862300998228,
    0.23000759944244065,
    0.20766075278611923,
    0.21460130294831853,
    0.19574427946202416,
    0.1951482860313699,
    0.19061860969549585,
    0.17857869567103107,
    0.17474254864597266,
    0.18077096662117934,
    0.17082805758283634,
    0.1634192023666019,
    0.16300689460236437,
    0.15360851715106535
  ],
  "val_bce_loss": [
    2.582104482070126,
    1.8955884365611233,
    2.8679466402648712,
    2.036271125395792,
    1.441061855373381,
    3.2647034758297147,
    2.0719597202270426,
    2.07746203021073,
    2.715893562717078,
    2.120341241211813,
    1.8448585023573167,
    2.500722238742421,
    2.3411922996983425,
    2.351152489990007,
    2.9049871786576067,
    1.9871930688376405,
    2.105868922919796,
    2.3662435668039747,
    2.1822845915633073,
    2.1423063200718917,
    3.0048303656454056,
    2.6917682528943114,
    2.3000796040697202,
    2.6312603805600605,
    2.449110689998693,
    2.1759081640805604,
    1.873480965365015,
    2.852347475860924,
    2.139632226391917,
    1.968532278569537
  ],