{
  "selected_threshold": 0.55,
  "dice": 0.7994809267634058,
  "hd95_median": 6.0,
  "fnr": 0.01871657754010695,
  "fpr": 0.19326683291770574
}