{
  "thresholds": [
    0.5,
    0.55,
    0.6,
    0.65,
    0.7
  ],
  "val_dice_by_threshold": {
    "0.50": 0.7296542835575466,
    "0.55": 0.7299226976551924,
    "0.60": 0.7298150149936529,
    "0.65": 0.7297166458512331,
    "0.70": 0.7295954086752761
  },
  "best_threshold": 0.55,
  "best_val_dice": 0.7299226976551924
}