{
  "dice": 0.7976887170125775,
  "hd95_mean": 15.121835708618164,
  "hd95_median": 5.385164737701416,
  "hd95_count": 734,
  "fpr": 0.1770573566084788,
  "fnr": 0.01871657754010695
}