{
  "selected_threshold": 0.6,
  "dice": 0.7054949004239758,
  "hd95_median": 9.292099952697754,
  "fnr": 0.03375527426160337,
  "fpr": 0.27056019070321813
}