{
  "dice": 0.7053598146754646,
  "hd95_mean": 15.241823196411133,
  "hd95_median": 8.9442720413208,
  "hd95_count": 684,
  "fpr": 0.2550655542312277,
  "fnr": 0.0379746835443038
}