{
  "train_loss": [
    1.141081883669811,
    1.0638978344020327,
    0.9814453291224495,
    0.8794470456108081,
    0.7642199142819708,
    0.7047817778768223,
    0.6909104466706419,
    0.6385416060522179,
    0.6081000424306072,
    0.5692209955683434,
    0.5574975292903929,
    0.5039853725638626,
    0.4899639536828253,
    0.48146819158674464,
    0.4489071677275299,
    0.4205840732172793,
    0.429953854963803,
    0.39909269092574995,
    0.4118283831615313,
    0.38267810564226296,
    0.39710417277062093,
    0.37029862253135337,
    0.36288462824592965,
    0.36970610210872423,
    0.34631757025226445,
    0.34872074492946725,
    0.3404721298051674,
    0.3178518939518753,
    0.3168936185844405,
    0.3097154807570975
  ],
  "train_dice": [
    0.6511830574303398,
    0.6968805430617281,
    0.7142185892288246,
    0.7440369708367864,
    0.7601581332416206,
    0.7682005556769764,
    0.7717391341834713,
    0.779537362267692,
    0.7823385498295437,
    0.789445698304328,
    0.7899898322268603,
    0.793365924048154,
    0.7985335880400428,
    0.80244121299065,
    0.8024534921205948,
    0.809397489988203,
    0.8092670587156994,
    0.8116616687112066,
    0.814588785762355,
    0.8181901231224737,
    0.8187480255129254,
    0.8201309718999477,
    0.8230416070615708,
    0.8265725684817794,
    0.8283172013186323,
    0.8296241596415458,
    0.8316129369394822,
    0.8345547352696212,
    0.8358154207887067,
    0.8371414243728659
  ],
  "train_fpr": [
    0.551797641040216,
    0.4874236180190422,
    0.4376865141395481,
    0.33991757851357113,
    0.2887183859050867,
    0.284354128179622,
    0.26971720903794233,
    0.2746909194258917,
    0.26360665056131877,
    0.2606224243285491,
    0.2619013784283075,
    0.25948557623987495,
    0.2546539718630098,
    0.25635924399602106,
    0.24850809889173062,
    0.2546177891446434,
    0.24285917294301548,
    0.2503907915304817,
    0.24257496092084696,
    0.23774335654398182,
    0.24129600682108854,
    0.22808014779025151,
    0.22538013357965042,
    0.2304959499786841,
    0.23333807020036948,
    0.23262754014494813,
    0.23262754014494813,
    0.22918442739414607,
    0.22253801335796505,
    0.2437118090095211
  ],
  "train_fnr": [
    0.015849338057057617,
    0.016408726459071415,
    0.01715457766175648,
    0.021629684877866866,
    0.022006713912719134,
    0.022002610479209397,
    0.024426626887935857,
    0.02013798247249674,
    0.022189073279880664,
    0.019019205668469142,
    0.01957859407048294,
    0.01995151967182547,
    0.01566287525638635,
    0.01771396606377028,
    0.02051473330846699,
    0.014919806042521447,
    0.016222263658400148,
    0.013425321648331158,
    0.013984710050344957,
    0.016595189259742682,
    0.013238858847659891,
    0.016595189259742682,
    0.01379824724967369,
    0.013984710050344957,
    0.011747156442289764,
    0.012306544844303562,
    0.011747156442289764,
    0.011003356956359567,
    0.010628379638262167,
    0.011560693641618497
  ],
  "val_loss": [
    2.334349214813135,
    4.897955299815992,
    11.909105710609115,
    2.0129751086778884,
    2.937089361304784,
    2.8161488053354904,
    2.3146543556756347,
    4.234179931226438,
    2.5247506185713475,
    2.0110562432856454,
    3.025017188745041,
    2.1433907497755804,
    2.1681003588394527,
    1.9191143027078497,
    1.9509232711944267,
    2.1419321032608076,
    2.40089938645489,
    2.8935425306813127,
    2.2574661328192174,
    2.96510919941059,
    2.6528220660059993,
    3.043060742383891,
    2.6069880849253524,
    2.96557238116099,
    3.650761633665457,
    2.4718090868942495,
    2.7545870893899975,
    2.6867044850748822,
    3.2735055016883967,
    2.874365289144925
  ],
  "val_dice": [
    0.6840772966779497,
    0.6683407459272085,
    0.41795858817122344,
    0.7668077885016907,
    0.728489572157825,
    0.7285361877051149,
    0.737841573643097,
    0.7140109795730316,
    0.7632586988491299,
    0.7821418557723944,
    0.769929941560067,
    0.7551097845128418,
    0.7636632841433922,
    0.7815286509529518,
    0.7757601804215543,
    0.7793837234486629,
    0.7798833702384991,
    0.777085890321836,
    0.7692455887413808,
    0.7376548485497325,
    0.7651184183021966,
    0.7577383366080314,
    0.7646933793369001,
    0.7534887782848665,
    0.7421527846451224,
    0.778455825851564,
    0.7341126573020524,
    0.7734946121754003,
    0.7474663287183664,
    0.7804206735162187
  ],
  "val_fpr": [
    0.3895953757225434,
    0.20346820809248556,
    0.028901734104046242,
    0.24508670520231213,
    0.16184971098265896,
    0.12023121387283237,
    0.1722543352601156,
    0.10982658959537572,
    0.12716763005780346,
    0.24624277456647398,
    0.12023121387283237,
    0.20578034682080926,
    0.1838150289017341,
    0.15722543352601157,
    0.19190751445086704,
    0.1745664739884393,
    0.15491329479768787,
    0.12254335260115606,
    0.16416184971098266,
    0.11445086705202312,
    0.15491329479768787,
    0.10982658959537572,
    0.12138728323699421,
    0.15144508670520232,
    0.09942196531791908,
    0.14797687861271677,
    0.1283236994219653,
    0.13872832369942195,
    0.13179190751445086,
    0.22427745664739884
  ],
  "val_fnr": [
    0.027737226277372264,
    0.06277372262773723,
    0.30364963503649633,
    0.017518248175182483,
    0.040875912408759124,
    0.051094890510948905,
    0.061313868613138686,
    0.07007299270072993,
    0.05547445255474453,
    0.016058394160583942,
    0.051094890510948905,
    0.032116788321167884,
    0.035036496350364967,
    0.05401459854014599,
    0.02335766423357664,
    0.017518248175182483,
    0.026277372262773723,
    0.03795620437956204,
    0.042335766423357665,
    0.06569343065693431,
    0.03941605839416058,
    0.059854014598540145,
    0.04671532846715328,
    0.06715328467153285,
    0.059854014598540145,
    0.042335766423357665,
    0.07737226277372262,
    0.04525547445255475,
    0.07883211678832117,
    0.026277372262773723
  ],
  "train_bce_loss": [
    0.7194245735720132,
    0.7278482172598324,
    0.6662326247942367,
    0.5999509686566459,
    0.5037505168532502,
    0.45307369421344057,
    0.44339998596220315,
    0.3994363309359155,
    0.3725833580934591,
    0.34092126503092196,
    0.32999783163505725,
    0.28063821072811573,
    0.2716825874584845,
    0.26719933749288266,
    0.2356919974583206,
    0.21468789986301653,
    0.22465133892260067,
    0.19571910159516798,
    0.2114170545645646,
    0.18641464097138852,
    0.20143570905130978,
    0.17661775151253234,
    0.1726261298187371,
    0.1824715566043109,
    0.16145467123533952,
    0.16547822679597518,
    0.1593813136271077,
    0.13990434331609078,
    0.14045068450263096,
    0.1351124803551074
  ],
  "val_bce_loss": [
    1.999375738242274,
    4.557551457096626,
    11.33524039330464,
    1.7583730703772107,
    2.6535064605826064,
    2.5405315591844926,
    2.047042085722184,
    3.9456534260287404,
    2.280515126153881,
    1.7803319579585164,
    2.7900145790016238,
    1.8911668206911778,
    1.927192953036568,
    1.6959765443836685,
    1.7170800318761328,
    1.9134148200572787,
    2.1736628410691927,
    2.6645301233681367,
    2.0198239034646783,
    2.703272503613066,
    2.4166546274309666,
    2.8015682291762944,
    2.3693937283845443,
    2.7181850569553836,
    3.3932272804153225,
    2.2457185694930843,
    2.4880394734870506,
    2.458460898479841,
    3.0221914253687063,
    2.6524817179868094
  ],