{
  "thresholds": [
    0.5,
    0.55,
    0.6,
    0.65,
    0.7
  ],
  "val_dice_by_threshold": {
    "0.50": 0.7821418557723944,
    "0.55": 0.7822389589609021,
    "0.60": 0.7823479394408038,
    "0.65": 0.7820262219784033,
    "0.70": 0.7816456995088689
  },
  "best_threshold": 0.6,
  "best_val_dice": 0.7823479394408038
}