{
  "dice": 0.7053598146754646,
  "hd95_mean": 16.57447052001953,
  "hd95_median": 10.0,
  "hd95_count": 688,
  "fpr": 0.2896305125148987,
  "fnr": 0.03234880450070324,
  "selected_threshold": 0.5
}