{
  "thresholds": [
    0.5,
    0.55,
    0.6,
    0.65,
    0.7
  ],
  "val_dice_by_threshold": {
    "0.50": 0.795599109851397,
    "0.55": 0.7945556247081512,
    "0.60": 0.7932522644387011,
    "0.65": 0.7920008729877974,
    "0.70": 0.7904500909298234
  },
  "best_threshold": 0.5,
  "best_val_dice": 0.795599109851397
}