{
  "dice": 0.7634981999200863,
  "hd95_mean": 15.153160095214844,
  "hd95_median": 5.066838264465332,
  "hd95_count": 732,
  "fpr": 0.25566750629722923,
  "fnr": 0.031746031746031744
}