{
  "selected_threshold": 0.5,
  "dice": 0.7634981999200863,
  "hd95_median": 5.0,
  "fnr": 0.03042328042328042,
  "fpr": 0.27204030226700254
}