{
  "dice": 0.7634981999200863,
  "hd95_mean": 15.175216674804688,
  "hd95_median": 5.0,
  "hd95_count": 733,
  "fpr": 0.27204030226700254,
  "fnr": 0.03042328042328042,
  "selected_threshold": 0.5
}