{
  "train_loss": [
    0.4551450764175917,
    0.3341351062697777,
    0.31193234606181236,
    0.293077134547395,
    0.27942253663396915,
    0.26794635312684206,
    0.25391397554199496,
    0.24949623812083496,
    0.23910135989279038,
    0.23691797505637155,
    0.2317082174355973,
    0.2281967390625907,
    0.2260479310044709,
    0.22155732611738452,
    0.22036944785964468,
    0.21880503407111646,
    0.21738911455530216,
    0.21273414080204828,
    0.21138177692062723,
    0.21050277914810928,
    0.20840791007593729,
    0.20842794567896164,
    0.20464176144353852,
    0.2028853518109077,
    0.20107010397963032,
    0.2007600492623461,
    0.19938741899259024,
    0.19786277137547933,
    0.1968623317256196,
    0.19464558888972955
  ],
  "train_dice": [
    0.6646217783275316,
    0.7161953356891951,
    0.7333351144257076,
    0.7467213959203273,
    0.7573016597230681,
    0.7659498734346838,
    0.7770625225897603,
    0.7796714909547641,
    0.7878667621502012,
    0.7892547092318358,
    0.7933909150488554,
    0.7962269915863786,
    0.7978965138550309,
    0.8015766558258042,
    0.8028006188983288,
    0.8038651388328356,
    0.805030480458578,
    0.8089947571873015,
    0.8101206273768767,
    0.8112713990808781,
    0.8127703073314836,
    0.8127059810009503,
    0.8162083266644327,
    0.8174210433085819,
    0.8188970639904697,
    0.8191485668883728,
    0.8206707686406896,
    0.8219189010842677,
    0.8229429563913611,
    0.8248002320964397
  ],
  "train_fpr": [
    0.4192297035189803,
    0.3640897755610973,
    0.31892490994735384,
    0.2939872540870047,
    0.2827653089498476,
    0.25242449431975617,
    0.26974231088944306,
    0.2753844022717828,
    0.2986977001939595,
    0.26697146023829316,
    0.2658631199778332,
    0.2553338875034636,
    0.2775006927126628,
    0.29260182876142976,
    0.3128290385148241,
    0.29934894029643994,
    0.3060404544195068,
    0.29925187032418954,
    0.2666943751731782,
    0.28983097811027986,
    0.29620393460792466,
    0.3340260459961208,
    0.31185924078692157,
    0.30091438071487947,
    0.2970351898032696,
    0.33083956774729845,
    0.3068717096148518,
    0.32751454696591853,
    0.3000831255195345,
    0.3239124411194237
  ],
  "train_fnr": [
    0.03396372057120803,
    0.02913932844461598,
    0.02913932844461598,
    0.03608645310690853,
    0.0364724044770359,
    0.04303357776920108,
    0.034542647626399074,
    0.03493534066782474,
    0.026823620223851794,
    0.02913932844461598,
    0.030683133925125436,
    0.030683133925125436,
    0.03184098803550753,
    0.02836742570436125,
    0.020069471246622925,
    0.024126616483304383,
    0.023736009262832883,
    0.021034349671941337,
    0.025665766113469702,
    0.020841373986877652,
    0.021999228097259745,
    0.018525665766113468,
    0.021034349671941337,
    0.020262446931686606,
    0.02219220378232343,
    0.02064839830181397,
    0.01949054419143188,
    0.018139714395986106,
    0.01756078734079506,
    0.01659590891547665
  ],
  "val_loss": [
    0.31757073364408944,
    0.3123583169680545,
    0.277631136851433,
    0.2988517006031341,
    0.2572834688023879,
    0.36993564591024,
    0.26760294164220494,
    0.39493397790461016,
    0.30835997169980633,
    0.3037402106878849,
    0.3072194935716795,
    0.3669278206160435,
    0.25298433556112637,
    0.39432858708619734,
    0.34178527861175545,
    0.2731321456383097,
    0.24248245519790215,
    0.259076750786853,
    0.27080609266012057,
    0.2688064542718423,
    0.24288105652097114,
    0.25255061679670954,
    0.2748075106640232,
    0.26152991638266804,
    0.2765353040854603,
    0.28792795698102724,
    0.2721766540541863,
    0.24928660284292664,
    0.25386251331946447,
    0.27140793716402306
  ],
  "val_dice": [
    0.7333457699613354,
    0.7293253363431179,
    0.7635165015252127,
    0.7399112268316524,
    0.7777170414089137,
    0.6817548132987103,
    0.7708930088926181,
    0.6679632112362616,
    0.73681521977688,
    0.7341661938383878,
    0.7385950201639423,
    0.6927172563375741,
    0.7830434461678789,
    0.6738606039467838,
    0.7058376056086432,
    0.765978231744846,
    0.7940175079042755,
    0.7793717827552404,
    0.7690818877704972,
    0.7739389817896392,
    0.795599109851397,
    0.783379801498604,
    0.7715629806232631,
    0.7762956084720685,
    0.7708155267667609,
    0.756040377966911,
    0.7714544503373808,
    0.790971957003841,
    0.7878016678356378,
    0.7734545571172339
  ],
  "val_fpr": [
    0.35495283018867924,
    0.27712264150943394,
    0.31485849056603776,
    0.28773584905660377,
    0.17806603773584906,
    0.07665094339622641,
    0.20400943396226415,
    0.1580188679245283,
    0.14976415094339623,
    0.10966981132075472,
    0.1403301886792453,
    0.13679245283018868,
    0.2205188679245283,
    0.041273584905660375,
    0.17806603773584906,
    0.1721698113207547,
    0.22287735849056603,
    0.20047169811320756,
    0.10966981132075472,
    0.2971698113207547,
    0.2653301886792453,
    0.16863207547169812,
    0.31014150943396224,
    0.17099056603773585,
    0.23113207547169812,
    0.12264150943396226,
    0.2641509433962264,
    0.38797169811320753,
    0.25707547169811323,
    0.2240566037735849
  ],
  "val_fnr": [
    0.03418803418803419,
    0.05555555555555555,
    0.03276353276353276,
    0.042735042735042736,
    0.04985754985754986,
    0.12535612535612536,
    0.04700854700854701,
    0.07977207977207977,
    0.045584045584045586,
    0.08404558404558404,
    0.0584045584045584,
    0.07977207977207977,
    0.037037037037037035,
    0.10398860398860399,
    0.0811965811965812,
    0.05128205128205128,
    0.029914529914529916,
    0.03276353276353276,
    0.045584045584045586,
    0.018518518518518517,
    0.02564102564102564,
    0.038461538461538464,
    0.027065527065527065,
    0.039886039886039885,
    0.03561253561253561,
    0.05413105413105413,
    0.038461538461538464,
    0.022792022792022793,
    0.02564102564102564,
    0.022792022792022793
  ],
  "train_bce_loss": [
    0.060149801419397735,
    0.04275860141272621,
    0.03936565258734179,
    0.035436053529886394,
    0.033185037596833326,
    0.030980007886776944,
    0.028386106410313437,
    0.02688145291677979,
    0.02507316706115566,
    0.02453799895322595,
    0.02361066092621817,
    0.02310936013798696,
    0.022636655505745885,
    0.021985895415242877,
    0.021821908697145842,
    0.02171405693548604,
    0.021449411243211827,
    0.02105498564807246,
    0.0206314340560707,
    0.020688054901416758,
    0.020365696212585424,
    0.020415371569372568,
    0.020056844489544114,
    0.01957769032426163,
    0.01927867943071906,
    0.019381601833645044,
    0.019429956909560987,
    0.019222416598088144,
    0.019056751702045033,
    0.018885738499406463
  ],
  "val_bce_loss": [
    0.03740844159337965,
    0.03748909735853487,
    0.03515725163861057,
    0.03676295611199603,
    0.032394702908479504,
    0.05198544225453345,
    0.036818309577544776,
    0.06279634332385572,
    0.04547910848323175,
    0.03841687502288944,
    0.046018709999574164,
    0.05903050887434574,
    0.03489992756735165,
    0.06827297800085726,
    0.04856429443247895,
    0.03874798980131089,
    0.03545230653319718,
    0.03684887224350427,
    0.039603475882485875,
    0.04233879710030556,
    0.03729378840747336,
    0.034972580399857504,
    0.045499164070980494,
    0.0380185243708116,
    0.04727206028096757,
    0.044120065386029306,
    0.044060991037215114,
    0.037611011980073106,
    0.041079333316274565,
    0.04445037864227554
  ],