{
  "thresholds": [
    0.5,
    0.55,
    0.6,
    0.65,
    0.7
  ],
  "val_dice_by_threshold": {
    "0.50": 0.7949063276389131,
    "0.55": 0.7953667652785269,
    "0.60": 0.7958962116125132,
    "0.65": 0.7963535721543805,
    "0.70": 0.7967190435448094
  },
  "best_threshold": 0.7,
  "best_val_dice": 0.7967190435448094
}