{
  "dice": 0.7575139558760735,
  "hd95_mean": 16.72450065612793,
  "hd95_median": 5.385164737701416,
  "hd95_count": 741,
  "fpr": 0.33879093198992444,
  "fnr": 0.01984126984126984
}