{
  "train_loss": [
    0.4435722167358889,
    0.3116066850300485,
    0.2865480433987691,
    0.2713445512359666,
    0.26175365432675535,
    0.25225450980619585,
    0.24669123488652547,
    0.23794681640531343,
    0.23228002192639532,
    0.22903096638454554,
    0.25541722919785464,
    0.2675374941540927,
    0.2581956179237216,
    0.26027906983191845,
    0.25506234143588663,
    0.249157946479496,
    0.25118580786088873,
    0.24155654694532624,
    0.24455785018728723,
    0.24100702835861332,
    0.2429634071383219,
    0.24386512733879454,
    0.24234888997540824,
    0.23595650807235882,
    0.2392620410575321,
    0.2321573018581826,
    0.23189366886600796,
    0.23207371846909886,
    0.22736513552949925,
    0.22616213356367446
  ],
  "train_dice": [
    0.6743655713026698,
    0.7361978949774294,
    0.7546744658897134,
    0.7663427526157337,
    0.773115361431546,
    0.7808813930432859,
    0.7841782064574,
    0.790735784105477,
    0.7954429517981945,
    0.7975556545187973,
    0.7819715932241155,
    0.7724661826638096,
    0.7790589346287908,
    0.775930127078617,
    0.7790808159685602,
    0.784056361567977,
    0.7819069147831171,
    0.7899566804972643,
    0.7867073854988973,
    0.7889501081284008,
    0.7877339271715644,
    0.7872604832606012,
    0.7876981614055815,
    0.7934439990369654,
    0.7912795713728251,
    0.7956714802612209,
    0.7962538273408146,
    0.7962884743333214,
    0.8000892275203609,
    0.8008332952401872
  ],
  "train_fpr": [
    0.4305041298775278,
    0.3669372063220846,
    0.3341400911161731,
    0.35241349850491244,
    0.33247899757938204,
    0.3347572262565855,
    0.3294888224405525,
    0.31026626797664814,
    0.2891514806378132,
    0.3144403303902022,
    0.21116332051829703,
    0.0854457419538593,
    0.08983485193621868,
    0.0760250569476082,
    0.07105225687028335,
    0.08342824601366743,
    0.07589349280934074,
    0.09752277904328019,
    0.07743772241992883,
    0.07575110351701551,
    0.06706535668517727,
    0.07747080603816577,
    0.061085006407518155,
    0.0773173857325929,
    0.059518724191940764,
    0.06847949886104783,
    0.06150341685649203,
    0.06820447102377901,
    0.06477790432801822,
    0.0664957995158764
  ],
  "train_fnr": [
    0.02836742570436125,
    0.020652383709708552,
    0.028185328185328186,
    0.0225825130283729,
    0.02335456475583864,
    0.018143215595444896,
    0.021617448369040726,
    0.022775525960239337,
    0.021042471042471044,
    0.021034349671941337,
    0.04613009071607798,
    0.07796217676572752,
    0.07451737451737452,
    0.0833976833976834,
    0.0864697934761629,
    0.07355212355212355,
    0.08087241845203628,
    0.06833976833976833,
    0.07318015060822552,
    0.07392395290484463,
    0.08260953483883421,
    0.07854110382091857,
    0.08357459949816638,
    0.06794055201698514,
    0.07643312101910828,
    0.07586872586872587,
    0.07625482625482626,
    0.07199382358618027,
    0.0694980694980695,
    0.0704497201312488
  ],
  "val_loss": [
    0.3241718783550113,
    0.27915488620768925,
    0.33032332575134404,
    0.2914156261460054,
    0.2564105728582779,
    0.3124179245739581,
    0.24649413836392922,
    0.27362846982190414,
    0.3359582010879476,
    0.3582509087870943,
    0.3485231463216309,
    0.35499105216176424,
    0.38171302283081915,
    0.41224415659734664,
    0.3508224775139083,
    0.3086147425308866,
    0.31032428147531305,
    0.33436556752675617,
    0.3660375366778116,
    0.3032767457882224,
    0.3147344494349936,
    0.36693084592323355,
    0.2599847434338002,
    0.4308144444562601,
    0.30480926127260566,
    0.2679857255684005,
    0.34700207501395136,
    0.3099297648269227,
    0.2929823421302684,
    0.3023441207311262
  ],
  "val_dice": [
    0.7171478093604416,
    0.7686635636010783,
    0.71574010793982,
    0.7534041307505719,
    0.7823798788082587,
    0.7339977280281887,
    0.7949063276389131,
    0.7687567921933794,
    0.71462448092013,
    0.6978649606986603,
    0.7406753106732611,
    0.7351747907942262,
    0.7167948188215091,
    0.69446235223331,
    0.7303872838552691,
    0.7566597077496711,
    0.7567692449020534,
    0.7382093317849174,
    0.7170140781317788,
    0.761300903864396,
    0.751140056724562,
    0.7125898512541993,
    0.7889043139957125,
    0.6930779975831,
    0.7592717055921201,
    0.7821673491115329,
    0.7311325272746872,
    0.7505016173435073,
    0.7644769674607491,
    0.7522536819519481
  ],
  "val_fpr": [
    0.34787735849056606,
    0.27122641509433965,
    0.17806603773584906,
    0.20754716981132076,
    0.27004716981132076,
    0.11438679245283019,
    0.41391509433962265,
    0.23113207547169812,
    0.09551886792452831,
    0.1320754716981132,
    0.10495283018867925,
    0.05070754716981132,
    0.054245283018867926,
    0.02358490566037736,
    0.036556603773584904,
    0.0294811320754717,
    0.03537735849056604,
    0.0294811320754717,
    0.02358490566037736,
    0.055424528301886794,
    0.06839622641509434,
    0.009433962264150943,
    0.10141509433962265,
    0.008254716981132075,
    0.08136792452830188,
    0.07783018867924528,
    0.030660377358490566,
    0.024764150943396228,
    0.045990566037735846,
    0.07075471698113207
  ],
  "val_fnr": [
    0.04843304843304843,
    0.03133903133903134,
    0.07407407407407407,
    0.037037037037037035,
    0.029914529914529916,
    0.06695156695156695,
    0.007122507122507123,
    0.03561253561253561,
    0.06552706552706553,
    0.10398860398860399,
    0.08404558404558404,
    0.09116809116809117,
    0.13105413105413105,
    0.1396011396011396,
    0.10968660968660969,
    0.10256410256410256,
    0.07977207977207977,
    0.10826210826210826,
    0.12535612535612536,
    0.07834757834757834,
    0.11396011396011396,
    0.1396011396011396,
    0.042735042735042736,
    0.15954415954415954,
    0.06695156695156695,
    0.0584045584045584,
    0.1111111111111111,
    0.10826210826210826,
    0.0868945868945869,
    0.10541310541310542
  ]
}