{
  "selected_threshold": 0.7,
  "dice": 0.758774088217665,
  "hd95_median": 5.385164737701416,
  "fnr": 0.01984126984126984,
  "fpr": 0.33879093198992444
}