{
  "dice": 0.8164671579376723,
  "hd95_mean": 10.856095314025879,
  "hd95_median": 3.6252737045288086,
  "hd95_count": 6365,
  "fpr": 0.3576188360728565,
  "fnr": 0.020166256157635468
}