{
  "dice": 0.8183632083118175,
  "hd95_mean": 10.992247581481934,
  "hd95_median": 3.605551242828369,
  "hd95_count": 6374,
  "fpr": 0.37972012438916036,
  "fnr": 0.018780788177339903,
  "selected_threshold": 0.5
}