{
  "selected_threshold": 0.5,
  "dice": 0.8183632083118175,
  "hd95_median": 3.605551242828369,
  "fnr": 0.018780788177339903,
  "fpr": 0.37972012438916036
}