{
  "train_loss": [
    0.32690092532421755,
    0.2573677733449794,
    0.2419037110280515,
    0.2314120379193531,
    0.22359599959630183,
    0.21809112007659487,
    0.2137120706113381,
    0.20969601590749803,
    0.20630708437705333,
    0.2037904635459925,
    0.20070678832991734,
    0.19807624412199537,
    0.19659966019704575,
    0.1944304603439678,
    0.19250427696319117,
    0.19175193584209832,
    0.19014217193107685,
    0.18851790380778616,
    0.18690954134184323,
    0.18531266963360796,
    0.18405400403494998,
    0.18320601980341028,
    0.18222358900686642,
    0.18066400359962084,
    0.17973857105849983,
    0.17855013226345803,
    0.1775194309193663,
    0.1767249542818122,
    0.1754233730994992,
    0.17463875725365
  ],
  "train_dice": [
    0.7323999515679914,
    0.7773575539615167,
    0.7894916753259247,
    0.7981805955073032,
    0.8040607194607649,
    0.8083371531149961,
    0.8119209682411265,
    0.815299588567936,
    0.8180882545961954,
    0.8199313026426552,
    0.8225256694125364,
    0.8246606979029945,
    0.8257804080644895,
    0.8277211759416719,
    0.8293186192759853,
    0.8299820910359224,
    0.8313744137317839,
    0.832550940724871,
    0.8339331949258681,
    0.8353982995396658,
    0.8364836293137347,
    0.8371377576029523,
    0.8380757955187184,
    0.83931973802925,
    0.8401416912100402,
    0.8412252407668177,
    0.8420302465563273,
    0.8427319973592344,
    0.8438610090646269,
    0.8445056147461073
  ],
  "train_fpr": [
    0.3399142993175686,
    0.30034281361097004,
    0.3208583309526077,
    0.37388902996444895,
    0.3619972701012602,
    0.38091610322826397,
    0.3818366504777323,
    0.3880459624174708,
    0.402088689966035,
    0.38961368758530934,
    0.39545440116814273,
    0.4018475017459209,
    0.4048314392736969,
    0.43219908583037076,
    0.3937085356950132,
    0.39145478208424594,
    0.4079352483732741,
    0.40723105735961657,
    0.3965336634606228,
    0.40944007110208225,
    0.4034853823445386,
    0.3946098660402514,
    0.3755952003047426,
    0.37776155408836976,
    0.3664931437277806,
    0.3905535804977146,
    0.38993111767133287,
    0.37758308732501666,
    0.38310637082182647,
    0.3870425038885186
  ],
  "train_fnr": [
    0.0352635975904674,
    0.030513542033063664,
    0.028094086612442296,
    0.01952163207879001,
    0.020444053638162235,
    0.017674214112991866,
    0.016970762805012092,
    0.016136123812873725,
    0.014156957573092988,
    0.01578368872279622,
    0.013893163332600572,
    0.013628769893607668,
    0.014464081596764267,
    0.011299683432993316,
    0.01402506045284678,
    0.013497471971861947,
    0.011739876005803984,
    0.01292591778412838,
    0.012442295009892284,
    0.012003165670066832,
    0.011870740822158716,
    0.012529675547348984,
    0.014332190275213224,
    0.013454097784030953,
    0.013673935983116427,
    0.012135068589518115,
    0.012222466476148604,
    0.014332820400087931,
    0.012442295009892284,
    0.012750054957133435
  ],
  "val_loss": [
    0.3060467212801917,
    0.22938753512965174,
    0.2167408988566937,
    0.21153185428189783,
    0.2073526946284981,
    0.2160974474354725,
    0.20880528299919657,
    0.24053330944356965,
    0.2038944743850279,
    0.2386813452014999,
    0.21037998481144476,
    0.2073769052457853,
    0.20577565691686683,
    0.18749224018145488,
    0.19030023437047872,
    0.20176165980509578,
    0.19663889178423996,
    0.19722752655412107,
    0.18631296797051264,
    0.20356513832198225,
    0.24240228211493284,
    0.19983614614879386,
    0.2101239181328959,
    0.1974755595339599,
    0.20591033578173004,
    0.1874517044684575,
    0.20206846202930126,
    0.1944577937645914,
    0.194579191777883,
    0.19292891967941916
  ],
  "val_dice": [
    0.7471323083887709,
    0.7970306044139993,
    0.8098761459759171,
    0.8129471340858938,
    0.8153670865904359,
    0.81179120712757,
    0.8150083406255401,
    0.7882841938093494,
    0.8193711110072937,
    0.7906933974741134,
    0.814003228338651,
    0.814320708374356,
    0.8169216207963047,
    0.8327677906213959,
    0.8308737910309735,
    0.8216571507501099,
    0.8251496739679737,
    0.8254162336741417,
    0.8336786180792625,
    0.8202638548281587,
    0.7894044393211938,
    0.8230875441210129,
    0.8141316080351092,
    0.8255353965802329,
    0.8191125476558879,
    0.8330508017220104,
    0.8221434448076734,
    0.8275990766834973,
    0.8272676375486678,
    0.8292640925722561
  ],
  "val_fpr": [
    0.42838254737769943,
    0.20824151608638167,
    0.48104892022917584,
    0.30674305861613044,
    0.28360511238431024,
    0.4118554429263993,
    0.4347730277655355,
    0.3144557073600705,
    0.38100484795063905,
    0.23204054649625386,
    0.5110180696342,
    0.2732481269281622,
    0.39290436315557514,
    0.41736447774349933,
    0.3891582194799471,
    0.44380784486557956,
    0.2902159541648303,
    0.3369325694138387,
    0.36315557514323493,
    0.3126928162185985,
    0.21330982811811372,
    0.3256941383869546,
    0.3256941383869546,
    0.35257822829440283,
    0.29418245923314235,
    0.3594094314676069,
    0.4398413397972675,
    0.33384750991626266,
    0.4779638607315998,
    0.34111943587483473
  ],
  "val_fnr": [
    0.012453300124533,
    0.03300124533001245,
    0.008717310087173101,
    0.0161892901618929,
    0.02054794520547945,
    0.009962640099626401,
    0.008717310087173101,
    0.0161892901618929,
    0.012764632627646327,
    0.04234122042341221,
    0.009028642590286426,
    0.03331257783312578,
    0.015255292652552927,
    0.014009962640099627,
    0.009962640099626401,
    0.00684931506849315,
    0.021170610211706103,
    0.013075965130759652,
    0.0161892901618929,
    0.016811955168119553,
    0.04794520547945205,
    0.016500622665006227,
    0.021170610211706103,
    0.019613947696139476,
    0.015877957658779578,
    0.014632627646326276,
    0.014321295143212951,
    0.016811955168119553,
    0.00933997509339975,
    0.021793275217932753
  ],
  "train_bce_loss": [
    0.04184618707825897,
    0.030220931062223098,
    0.027571550968560326,
    0.026074404542027658,
    0.024514465569642624,
    0.023402189593865037,
    0.022703767512275663,
    0.02216587037791647,
    0.02157715637003619,
    0.021121583441639998,
    0.020667588356573254,
    0.020336868876614733,
    0.020039260380594445,
    0.019706585135935033,
    0.01954501093866639,
    0.01939136096955654,
    0.019252612512674284,
    0.018874610054969432,
    0.018716294373464226,
    0.018566793573918206,
    0.018328843457392024,
    0.01822873604506757,
    0.01818850188084925,
    0.01789983000230525,
    0.017866919449830446,
    0.017817263298043836,
    0.017588313009098838,
    0.0175426888112297,
    0.017354039949722844,
    0.01722562203521986
  ],
  "val_bce_loss": [
    0.0485289612119218,
    0.023138297556788655,
    0.020737113751075113,
    0.020798487630389325,
    0.019696454329861213,
    0.024004644818619324,
    0.019841750261108983,
    0.02554782120963522,
    0.02033214411260782,
    0.026425573818281055,
    0.021265248454696514,
    0.01958848413563724,
    0.01992346833355542,
    0.01840816977973228,
    0.018581888206480043,
    0.02158533587814145,
    0.019267105724773123,
    0.0206342677589704,
    0.01770135418234462,
    0.020986548934799763,
    0.029237500085209412,
    0.02138193845382136,
    0.02233775657195578,
    0.02196633418229664,
    0.022075460676439014,
    0.01852297831539946,
    0.022350258020564735,
    0.020508146767745282,
    0.02006197211007312,
    0.02081182066968436
  ],