{
  "thresholds": [
    0.5,
    0.55,
    0.6,
    0.65,
    0.7
  ],
  "val_dice_by_threshold": {
    "0.50": 0.8336786180792625,
    "0.55": 0.8331643032967803,
    "0.60": 0.8327033302374416,
    "0.65": 0.8322691761564979,
    "0.70": 0.8316930620542554
  },
  "best_threshold": 0.5,
  "best_val_dice": 0.8336786180792625
}