{
  "thresholds": [
    0.5,
    0.55,
    0.6,
    0.65,
    0.7
  ],
  "val_dice_by_threshold": {
    "0.50": 0.8127669017654972,
    "0.55": 0.8124096128253784,
    "0.60": 0.8120771732702076,
    "0.65": 0.8116291925068927,
    "0.70": 0.8110267444610426
  },
  "best_threshold": 0.5,
  "best_val_dice": 0.8127669017654972
}