{
  "dice": 0.805397913301492,
  "hd95_mean": 9.403573036193848,
  "hd95_median": 4.182873249053955,
  "hd95_count": 6153,
  "fpr": 0.061993699369937,
  "fnr": 0.06941923774954628,
  "selected_threshold": 0.5
}