{
  "selected_threshold": 0.5,
  "dice": 0.805397913301492,
  "hd95_median": 4.182873249053955,
  "fnr": 0.06941923774954628,
  "fpr": 0.061993699369937
}