{
  "train_loss": [
    0.34333939017448517,
    0.26633937387194273,
    0.24409737117920843,
    0.23103506975394558,
    0.2562558589181774,
    0.2511066708227185,
    0.2411723714238156,
    0.23469687248625695,
    0.23166614961010204,
    0.22659117878133214,
    0.22420810894815565,
    0.21739529483773537,
    0.21763023236487472,
    0.2140164349564882,
    0.20830423818324115,
    0.20863523003089549,
    0.20970577815576305,
    0.20629467192837542,
    0.20413176683062215,
    0.2024081124717705,
    0.20020468557261686,
    0.19949599183578282,
    0.19818608153789144,
    0.19707938334071753,
    0.19408640968697224,
    0.1930987120200444,
    0.1947363861689615,
    0.19021739458918707,
    0.18976228370024562,
    0.18887877295901465
  ],
  "train_dice": [
    0.7185961663837351,
    0.7705014510547243,
    0.7882413263465299,
    0.798871488158115,
    0.786201010021387,
    0.7884338238662815,
    0.7940064073960391,
    0.7981671424009683,
    0.8001772998459038,
    0.8035956531313272,
    0.8055600046684926,
    0.8106162278437639,
    0.8101355654054161,
    0.8133593406949567,
    0.8176209353079482,
    0.8171127208199915,
    0.8159437101468493,
    0.8186844952295443,
    0.8207097724602752,
    0.8218636733807293,
    0.8235310152307818,
    0.8242720221670831,
    0.8252314014528022,
    0.8263262254094996,
    0.8284314317386854,
    0.8293571621298345,
    0.8275138607893615,
    0.831619920305768,
    0.8321335257069654,
    0.8327252074200578
  ],
  "train_fpr": [
    0.3521207126101566,
    0.3008336238866525,
    0.28391657157347533,
    0.29702060221870047,
    0.16261451168098393,
    0.0805756307848358,
    0.07829339419297578,
    0.0693590312559437,
    0.06697942752084192,
    0.06764510096047167,
    0.061939328620788034,
    0.06973721748502235,
    0.06174717890199062,
    0.06399974641011824,
    0.0625099058547564,
    0.06304878435350429,
    0.05318879168251553,
    0.05550096675013471,
    0.054141439756553715,
    0.054138007543820726,
    0.05898947635349309,
    0.057438108219482045,
    0.05962532094969411,
    0.05477367820464055,
    0.05223951564332583,
    0.05547454510873011,
    0.04827564346392798,
    0.058072082923891336,
    0.05055467511885895,
    0.05071636870800051
  ],
  "train_fnr": [
    0.032596247026693684,
    0.027137759372659588,
    0.025154185022026432,
    0.021675918583135077,
    0.0563851812695476,
    0.0686784140969163,
    0.06740088105726873,
    0.0663377675975685,
    0.0668693009118541,
    0.06488700938284657,
    0.0647989075371129,
    0.060349764327562665,
    0.06484581497797356,
    0.05964494956169332,
    0.05647328311528126,
    0.05792696356988679,
    0.06440528634361234,
    0.059738314463192214,
    0.058411523721421964,
    0.05810828670866558,
    0.056343612334801764,
    0.055239857275009914,
    0.05585657019514559,
    0.05638766519823789,
    0.05682569049821594,
    0.053915954541450095,
    0.05907488986784141,
    0.05083476498832651,
    0.05308837783064587,
    0.053127753303964756
  ],
  "val_loss": [
    0.32662094296031136,
    0.31985793726412365,
    0.3088038713351226,
    0.23579748739620965,
    0.3006217285047931,
    0.3065962786734828,
    0.2885568993058527,
    0.31081710513781097,
    0.28669075901849617,
    0.29003600005158003,
    0.28396550949243254,
    0.2536579014985587,
    0.2983671402598065,
    0.2645331008207557,
    0.21963717792395934,
    0.2417781146560023,
    0.23942217007855413,
    0.226697917162441,
    0.2539671477328301,
    0.2553139469439664,
    0.2288951822193607,
    0.24059571575934144,
    0.2824181758252914,
    0.2463016489505387,
    0.2246852452044148,
    0.28076248541538995,
    0.24128237556937684,
    0.24116159802400877,
    0.24164198714306384,
    0.23254678094493322
  ],
  "val_dice": [
    0.7170681899610958,
    0.7205535023917227,
    0.7317863566708084,
    0.796584700568088,
    0.7536881613304428,
    0.7538629565052934,
    0.7563307700580548,
    0.7420198921165342,
    0.7622191295293406,
    0.7588447661954015,
    0.7687364651960561,
    0.7911931678494654,
    0.7548995948669642,
    0.780876003600758,
    0.8127669017654972,
    0.7947087045112415,
    0.7992354595384794,
    0.8061219359139429,
    0.7838561037463057,
    0.7857001209158407,
    0.8077388458519953,
    0.7968301153569854,
    0.7670099936536187,
    0.7893548492470368,
    0.8088443707574821,
    0.7647264065064018,
    0.7991659097401699,
    0.795647273963372,
    0.7955033521442129,
    0.8033251872200387
  ],
  "val_fpr": [
    0.12442698100851342,
    0.12770137524557956,
    0.04475005457323728,
    0.2241868587644619,
    0.011351233355162629,
    0.017245142981881685,
    0.014407334643091027,
    0.017900021829294913,
    0.020737830168085572,
    0.012224405151713599,
    0.016153678236192973,
    0.03470857891290111,
    0.012442698100851343,
    0.024012224405151713,
    0.05522811613184894,
    0.04649639816633923,
    0.037764680200829515,
    0.02379393145601397,
    0.014625627592228772,
    0.0168085570836062,
    0.05784763152150185,
    0.06046714691115477,
    0.011351233355162629,
    0.0137524557956778,
    0.0637415411482209,
    0.0106963545077494,
    0.030561012879284,
    0.03383540711635014,
    0.02466710325256494,
    0.030561012879284
  ],
  "val_fnr": [
    0.07163142947301988,
    0.06563584727043231,
    0.08993373303881351,
    0.031555695803092455,
    0.13537393499526665,
    0.11454717576522562,
    0.13000946670874092,
    0.11801830230356579,
    0.11360050489113285,
    0.12085831492584412,
    0.11612496055538024,
    0.0848848217103187,
    0.12054275796781319,
    0.09214263174502998,
    0.053960239823288104,
    0.0665825181445251,
    0.07163142947301988,
    0.07352477122120543,
    0.09592931524140107,
    0.10097822656989587,
    0.06595140422846324,
    0.06437361943830862,
    0.10981382139476176,
    0.09561375828337015,
    0.05585358157147365,
    0.1293783527926791,
    0.06879141685074155,
    0.0769958977595456,
    0.08898706216472073,
    0.07731145471757653
  ],
  "train_bce_loss": [
    0.03936511462483862,
    0.028369162315575694,
    0.025056794492981645,
    0.023167863466860224,
    0.037250021775351964,
    0.03447701531933418,
    0.030244744366646686,
    0.028151509165385412,
    0.027218292346596187,
    0.02562459235219784,
    0.025324302106587832,
    0.02369096113141915,
    0.023481559307740884,
    0.023123141662760933,
    0.021786109342962545,
    0.021593926231029716,
    0.02163668728886582,
    0.02097474536497724,
    0.02089984825490988,
    0.020359078464612025,
    0.01978905197888976,
    0.019894892964141445,
    0.019551448132182927,
    0.019607988973749477,
    0.018756439253681614,
    0.018698871277388687,
    0.018568336178579663,
    0.01812599677470544,
    0.018224501262809653,
    0.018016385707061502
  ],
  "val_bce_loss": [
    0.03763789103805279,
    0.033592737138055655,
    0.03651193282502861,
    0.026663388148705162,
    0.049439176933001025,
    0.05560775414924872,
    0.04046706776956446,
    0.04871944518106393,
    0.04395846861743249,
    0.04487403560144449,
    0.04835428801100443,
    0.039996711772120594,
    0.04918319304834369,
    0.040475634957226045,
    0.028724398252817043,
    0.03139888001482253,
    0.034311153549534124,
    0.02842241735556695,
    0.034047469950614494,
    0.03646547425291511,
    0.032817321999538025,
    0.032475107731515455,
    0.04683664252526168,
    0.03145141407384756,
    0.030025247657525657,
    0.04268632781397119,
    0.03686849166236967,
    0.03350583532996925,
    0.03439725147221977,
    0.03235629986157444
  ],