{
  "train_loss": [
    1.168197656664723,
    0.8834214168714484,
    0.7483281272135462,
    0.6597649675433714,
    0.6086490066173627,
    0.5581103560078093,
    0.5322945443897712,
    0.4915689128558389,
    0.4825020156593748,
    0.4597770402469498,
    0.44052954394257093,
    0.4367322824900939,
    0.4197452050935371,
    0.407835752225519,
    0.3989573184518189,
    0.3921902509194,
    0.3832461528421704,
    0.3813288049675481,
    0.3691759890050624,
    0.3620652082759443,
    0.35745386056617284,
    0.351734292654016,
    0.34939343264698425,
    0.3441534908163654,
    0.33709085949561324,
    0.3333944496036176,
    0.3234738564462931,
    0.32408935717061654,
    0.3133856751144199,
    0.31548363996178896
  ],
  "train_dice": [
    0.6641600731357901,
    0.7255289745429595,
    0.7425962115477152,
    0.7536803084167352,
    0.7583449720778405,
    0.7649291268306607,
    0.7701689868316411,
    0.775303606373539,
    0.7774119082679922,
    0.7821003253158907,
    0.7865383742474757,
    0.7879776712856928,
    0.7925609489300264,
    0.79457336566292,
    0.7984818257857722,
    0.8003685194759332,
    0.8043097553068972,
    0.8062859462734236,
    0.8091757711529823,
    0.8116486200525503,
    0.8131208983659793,
    0.8140740162610824,
    0.8164477700900002,
    0.8190583031622471,
    0.8209542320906121,
    0.8245214333984554,
    0.826020788401018,
    0.824569349778556,
    0.8293550978945237,
    0.8300944752673407
  ],
  "train_fpr": [
    0.5104447918146937,
    0.4072758277675146,
    0.34787551513429016,
    0.33390167661267406,
    0.320306948983942,
    0.3407217959647627,
    0.3454597129458576,
    0.34796817277635694,
    0.343043910757425,
    0.318175358817678,
    0.32528065937189143,
    0.35071763535597555,
    0.32286485718345886,
    0.3249964473497229,
    0.3272701435270712,
    0.3136279664629814,
    0.3014068495097343,
    0.329259627682251,
    0.32741224953815545,
    0.33380702003694757,
    0.31206480034105444,
    0.31334375444081286,
    0.30552792383117805,
    0.2998436833878073,
    0.2957226090663635,
    0.2933068068779309,
    0.2927383828335939,
    0.29600682108853205,
    0.30282790962057693,
    0.2833593861020321
  ],
  "train_fnr": [
    0.021629684877866866,
    0.025918329293305984,
    0.023494312884579528,
    0.023871689668034317,
    0.018273354465784077,
    0.017344274524431182,
    0.016781652060413946,
    0.017157776948899663,
    0.014171172851016222,
    0.015289949655043818,
    0.014171172851016222,
    0.011187768040275966,
    0.011374230840947231,
    0.01379824724967369,
    0.01379824724967369,
    0.01379824724967369,
    0.011374230840947231,
    0.011187768040275966,
    0.009323140033563304,
    0.010814842438933433,
    0.010814842438933433,
    0.009696065634905836,
    0.012493007644974827,
    0.010814842438933433,
    0.0104419168375909,
    0.009136677232892038,
    0.009882528435577102,
    0.010814842438933433,
    0.011374230840947231,
    0.011374230840947231
  ],
  "val_loss": [
    2.140834717724445,
    1.9486682866502851,
    1.867674229582296,
    2.329547874063906,
    2.2640123194042783,
    1.7191378026113022,
    2.4808319090274127,
    1.7199113176578154,
    2.743933383141556,
    2.3835542850685814,
    2.247611868577282,
    2.035955978505803,
    2.513545846014562,
    2.434834209215032,
    2.0796243139318307,
    2.0834309908160327,
    2.546639627626125,
    2.534098589801005,
    2.646917185529958,
    2.3871496232212897,
    2.6742642856264203,
    2.6541607074548295,
    2.6078314627609114,
    2.403179674247538,
    2.176226147666682,
    2.4614972463598215,
    1.967778408135811,
    1.7131925228194598,
    2.3967375078449282,
    2.6583403964438577
  ],
  "val_dice": [
    0.7051287300612805,
    0.7652345791595043,
    0.752798622082511,
    0.7701855707560142,
    0.7612377538651663,
    0.7639142006309363,
    0.7846072412429065,
    0.7785016471017017,
    0.7687844656570985,
    0.7670649230643346,
    0.7582162506266559,
    0.7838063640316038,
    0.7687390739682817,
    0.783776626338924,
    0.7929654877986351,
    0.776209009922769,
    0.7817348111502446,
    0.758929552257496,
    0.7942045964028713,
    0.7794103550432372,
    0.7986138826739179,
    0.7974284880135181,
    0.7991623242841149,
    0.780494097223247,
    0.7920211822882186,
    0.7798642531363633,
    0.8026925861998632,
    0.7905062155838866,
    0.7888233111505091,
    0.8072360829389008
  ],
  "val_fpr": [
    0.30751445086705204,
    0.24046242774566473,
    0.17572254335260115,
    0.3109826589595376,
    0.1930635838150289,
    0.2115606936416185,
    0.24739884393063583,
    0.25549132947976877,
    0.176878612716763,
    0.20578034682080926,
    0.1791907514450867,
    0.22427745664739884,
    0.21502890173410405,
    0.24508670520231213,
    0.2092485549132948,
    0.1815028901734104,
    0.22427745664739884,
    0.1861271676300578,
    0.19653179190751446,
    0.2208092485549133,
    0.24161849710982658,
    0.2138728323699422,
    0.21502890173410405,
    0.23352601156069364,
    0.19190751445086704,
    0.223121387283237,
    0.3225433526011561,
    0.24508670520231213,
    0.22890173410404624,
    0.2728323699421965
  ],
  "val_fnr": [
    0.03795620437956204,
    0.051094890510948905,
    0.05401459854014599,
    0.017518248175182483,
    0.059854014598540145,
    0.024817518248175182,
    0.021897810218978103,
    0.020437956204379562,
    0.05547445255474453,
    0.03795620437956204,
    0.051094890510948905,
    0.03795620437956204,
    0.052554744525547446,
    0.0364963503649635,
    0.032116788321167884,
    0.058394160583941604,
    0.040875912408759124,
    0.049635036496350364,
    0.042335766423357665,
    0.05401459854014599,
    0.020437956204379562,
    0.030656934306569343,
    0.032116788321167884,
    0.05547445255474453,
    0.03941605839416058,
    0.059854014598540145,
    0.027737226277372264,
    0.032116788321167884,
    0.0364963503649635,
    0.026277372262773723
  ],
  "train_bce_loss": [
    0.7569398591959992,
    0.5859412767312835,
    0.47156174023129127,
    0.3939939114988647,
    0.3487968003132158,
    0.30474159327749994,
    0.28501150153156035,
    0.24945704464476118,
    0.24319493863271432,
    0.224917583915472,
    0.21104996780642266,
    0.20897425842085815,
    0.19643581952825587,
    0.1865076817448907,
    0.1828485985319572,
    0.1775071439399684,
    0.17309542724354487,
    0.17350653493278304,
    0.1645740287080348,
    0.16037150307237386,
    0.15701474991675055,
    0.1526365692558343,
    0.15276292585960782,
    0.15018450623910765,
    0.14551303621631848,
    0.14578853712659046,
    0.13776781931565854,
    0.13697014259732426,
    0.1309477094371228,
    0.1343585354430426
  ],
  "val_bce_loss": [
    1.8224241512616839,
    1.6981082266373355,
    1.6077239104553405,
    2.0814478350748873,
    2.017952031321334,
    1.4744726998826665,
    2.257826217232666,
    1.4884119029313216,
    2.508008425204206,
    2.139261509959389,
    2.0039258336247263,
    1.8140685707119966,
    2.279677258442788,
    2.2136506957593407,
    1.8660242478723508,
    1.8567505395488582,
    2.3216332164436686,
    2.288895243161569,
    2.4371574697948066,
    2.16455606563547,
    2.4691720063165916,
    2.4482187580629966,
    2.4010012387032926,
    2.1820474209746576,
    1.9635665713285986,
    2.2403746062495413,
    1.7634352508320534,
    1.4966432299750456,
    2.1832791994060696,
    2.45994353403684
  ],