{
  "dice": 0.7255662965749387,
  "hd95_mean": 15.302640914916992,
  "hd95_median": 7.2755632400512695,
  "hd95_count": 690,
  "fpr": 0.2550655542312277,
  "fnr": 0.029535864978902954
}