{
  "thresholds": [
    0.5,
    0.55,
    0.6,
    0.65,
    0.7
  ],
  "val_dice_by_threshold": {
    "0.50": 0.8072360829389008,
    "0.55": 0.80626924697065,
    "0.60": 0.805268848668376,
    "0.65": 0.8041276459928847,
    "0.70": 0.8029239798821237
  },
  "best_threshold": 0.5,
  "best_val_dice": 0.8072360829389008
}