{
  "dice": 0.7255662965749387,
  "hd95_mean": 15.618098258972168,
  "hd95_median": 7.249056816101074,
  "hd95_count": 693,
  "fpr": 0.2836710369487485,
  "fnr": 0.02531645569620253,
  "selected_threshold": 0.5
}