{
  "selected_threshold": 0.5,
  "dice": 0.7255662965749387,
  "hd95_median": 7.249056816101074,
  "fnr": 0.02531645569620253,
  "fpr": 0.2836710369487485
}