{
  "dice": 0.7536487798612393,
  "hd95_mean": 17.81247901916504,
  "hd95_median": 6.049657344818115,
  "hd95_count": 580,
  "fpr": 0.17410228509249184,
  "fnr": 0.08082408874801902
}