{
  "selected_threshold": 0.5,
  "dice": 0.7536487798612393,
  "hd95_median": 6.082762718200684,
  "fnr": 0.08082408874801902,
  "fpr": 0.17410228509249184
}