{
  "dice": 0.7536487798612393,
  "hd95_mean": 17.868213653564453,
  "hd95_median": 6.082762718200684,
  "hd95_count": 580,
  "fpr": 0.17410228509249184,
  "fnr": 0.08082408874801902,
  "selected_threshold": 0.5
}