{
  "thresholds": [
    0.5,
    0.55,
    0.6,
    0.65,
    0.7
  ],
  "val_dice_by_threshold": {
    "0.50": 0.7621800421607533,
    "0.55": 0.7620971117735295,
    "0.60": 0.7620389629095118,
    "0.65": 0.7620088195000265,
    "0.70": 0.7619146132015874
  },
  "best_threshold": 0.5,
  "best_val_dice": 0.7621800421607533
}