{
  "train_loss": [
    0.35913476903119895,
    0.2816306733087346,
    0.2706646656723687,
    0.2814959827154615,
    0.2691892952415267,
    0.2645518136990427,
    0.2594535044990043,
    0.25695107490760905,
    0.2475262978161794,
    0.2449043144763577,
    0.24433674042940773,
    0.23567545846248528,
    0.23443678681573285,
    0.22975459064059708,
    0.23009575154690162,
    0.22712309435658815,
    0.22275899115361666,
    0.22437697791213498,
    0.2255537694419527,
    0.22193226986278122,
    0.21828444664878224,
    0.21102969608537991,
    0.21263911207840538,
    0.21494540079505442,
    0.2125419679350674,
    0.21235275595804726,
    0.21068076479620032,
    0.20895868558993805,
    0.20640836987293204,
    0.20443885488205
  ],
  "train_dice": [
    0.6676890937820422,
    0.7190719790654594,
    0.7298312267655646,
    0.718842769789519,
    0.731121872764249,
    0.735703667929408,
    0.7407173135075246,
    0.7432101273202432,
    0.7526194976557389,
    0.7552251111851269,
    0.7557815025938852,
    0.7644429311732596,
    0.7656692613550278,
    0.7703669200704596,
    0.7699844573107109,
    0.7729491625439244,
    0.7773197191657724,
    0.7756924836814708,
    0.7745129292140003,
    0.7781295212351818,
    0.7817831961541207,
    0.7890112734455189,
    0.7874263232108117,
    0.7851207861699738,
    0.7875191246787779,
    0.7876834481284911,
    0.7893600950131254,
    0.79107594133585,
    0.7936390641434397,
    0.7955928747625735
  ],
  "train_fpr": [
    0.5077268895757235,
    0.43952802359882004,
    0.43180221941283886,
    0.3152570946895195,
    0.2881427367237988,
    0.24388873279010959,
    0.2374262433267772,
    0.2416409103680809,
    0.20750210733352065,
    0.21663388592301208,
    0.20581624051699915,
    0.2041016996769209,
    0.21536948581062096,
    0.18951952795729138,
    0.1986513065467828,
    0.18165214948019107,
    0.21410508569822984,
    0.16912487708947885,
    0.15018263557178982,
    0.1569040595589268,
    0.18628828322562518,
    0.20722112953076707,
    0.19033572130917265,
    0.17713161960949572,
    0.18249508288845182,
    0.18825512784490026,
    0.16437201461084575,
    0.16900814835627986,
    0.179685304860916,
    0.18530486091598763
  ],
  "train_fnr": [
    0.025369178341537298,
    0.023859117591365272,
    0.027078204885438363,
    0.052820901173797806,
    0.048845134418780765,
    0.06020446800454373,
    0.05925785687239682,
    0.06247633472169633,
    0.0617190458159788,
    0.06001514577811435,
    0.06436955698599016,
    0.058322287445559555,
    0.05963650132525559,
    0.05925785687239682,
    0.06077243468383188,
    0.06569481257099584,
    0.05490344566452102,
    0.07006248816512024,
    0.07800075728890572,
    0.0662753266426813,
    0.06096175691026127,
    0.05263157894736842,
    0.05945843590229123,
    0.06589661049043742,
    0.0660734570238546,
    0.06190836804240818,
    0.06323362362741386,
    0.05925785687239682,
    0.06020446800454373,
    0.05490344566452102
  ],
  "val_loss": [
    0.2771715655874666,
    0.46965735591345237,
    0.24445828920814983,
    0.261814640177878,
    0.2424152645864147,
    0.24662846944092934,
    0.2528184617607339,
    0.30860550831822514,
    0.2618639119041776,
    0.26058415157123677,
    0.2653461186438317,
    0.2535598667694141,
    0.2840720317703235,
    0.24403902869008506,
    0.24832869849158723,
    0.24795017331163474,
    0.24311429811912832,
    0.2471661882107312,
    0.26540872956171,
    0.23800562056908717,
    0.25645116839594057,
    0.2593231030459543,
    0.28128631890398786,
    0.24349622973346402,
    0.2583504383810901,
    0.34878339100038347,
    0.2520805171006706,
    0.24367143112478903,
    0.24087629715601602,
    0.24090384221771388
  ],
  "val_dice": [
    0.7233502737466475,
    0.529924028429495,
    0.7557346579229948,
    0.7382204126186885,
    0.757737109937907,
    0.7534895397264595,
    0.7472383327854489,
    0.6914563937817962,
    0.73821720122857,
    0.7394664301793167,
    0.7348149720712002,
    0.7465212533437319,
    0.715981317521299,
    0.7559487579516995,
    0.7517159548271628,
    0.7521988808096034,
    0.7569916166582153,
    0.7528149619228343,
    0.7346710114706682,
    0.7621800421607533,
    0.7436105809189548,
    0.7406654155370102,
    0.7188298383359963,
    0.7565376392556625,
    0.7417397747437159,
    0.6512640668531355,
    0.7479668993587247,
    0.7563260958611386,
    0.7592056905760348,
    0.7592110230698941
  ],
  "val_fpr": [
    0.34763948497854075,
    0.02467811158798283,
    0.21566523605150215,
    0.2446351931330472,
    0.19527896995708155,
    0.13733905579399142,
    0.148068669527897,
    0.023605150214592276,
    0.09763948497854077,
    0.12124463519313304,
    0.048283261802575105,
    0.05793991416309013,
    0.02145922746781116,
    0.09656652360515021,
    0.0890557939914163,
    0.06866952789699571,
    0.15343347639484978,
    0.08261802575107297,
    0.03540772532188841,
    0.1276824034334764,
    0.03540772532188841,
    0.10407725321888411,
    0.0407725321888412,
    0.08476394849785408,
    0.0944206008583691,
    0.0203862660944206,
    0.01072961373390558,
    0.06330472103004292,
    0.046137339055793994,
    0.07296137339055794
  ],
  "val_fnr": [
    0.02912621359223301,
    0.2022653721682848,
    0.042071197411003236,
    0.05016181229773463,
    0.07281553398058252,
    0.09385113268608414,
    0.08737864077669903,
    0.16019417475728157,
    0.10355987055016182,
    0.10032362459546926,
    0.11488673139158576,
    0.10679611650485436,
    0.15857605177993528,
    0.0970873786407767,
    0.09061488673139159,
    0.10194174757281553,
    0.06796116504854369,
    0.0970873786407767,
    0.12297734627831715,
    0.0889967637540453,
    0.12297734627831715,
    0.09870550161812297,
    0.127831715210356,
    0.10679611650485436,
    0.10355987055016182,
    0.2087378640776699,
    0.13915857605177995,
    0.11326860841423948,
    0.10679611650485436,
    0.09385113268608414
  ],
  "train_dice_loss": [
    0.35913476903119895,
    0.2816306733087346,
    0.2706646656723687,
    0.2814959827154615,
    0.2691892952415267,
    0.2645518136990427,
    0.2594535044990043,
    0.25695107490760905,
    0.2475262978161794,
    0.2449043144763577,
    0.24433674042940773,
    0.23567545846248528,
    0.23443678681573285,
    0.22975459064059708,
    0.23009575154690162,
    0.22712309435658815,
    0.22275899115361666,
    0.22437697791213498,
    0.2255537694419527,
    0.22193226986278122,
    0.21828444664878224,
    0.21102969608537991,
    0.21263911207840538,
    0.21494540079505442,
    0.2125419679350674,
    0.21235275595804726,
    0.21068076479620032,
    0.20895868558993805,
    0.20640836987293204,
    0.20443885488205
  ],
  "val_dice_loss": [
    0.2771715655874666,
    0.46965735591345237,
    0.24445828920814983,
    0.261814640177878,
    0.2424152645864147,
    0.24662846944092934,
    0.2528184617607339,
    0.30860550831822514,
    0.2618639119041776,
    0.26058415157123677,
    0.2653461186438317,
    0.2535598667694141,
    0.2840720317703235,
    0.24403902869008506,
    0.24832869849158723,
    0.24795017331163474,
    0.24311429811912832,
    0.2471661882107312,
    0.26540872956171,
    0.23800562056908717,
    0.25645116839594057,
    0.2593231030459543,
    0.28128631890398786,
    0.24349622973346402,
    0.2583504383810901,
    0.34878339100038347,
    0.2520805171006706,
    0.24367143112478903,
    0.24087629715601602,
    0.24090384221771388
  ]
}