{
  "train_loss": [
    1.0311159928126632,
    0.8245871407603403,
    0.6989707407996033,
    0.6247939787153519,
    0.5714916036405567,
    0.5328226096312679,
    0.5105115178942614,
    0.49888528197164655,
    0.4728589212317343,
    0.46541309265832104,
    0.4472298047469539,
    0.4355342915189251,
    0.42971900180565675,
    0.41701099880174447,
    0.4153451268414938,
    0.3976359392027553,
    0.3870342943859749,
    0.3817755845011548,
    0.3772501991382735,
    0.3697928135168157,
    0.3669390108894106,
    0.3569260855118008,
    0.35191524453066547,
    0.3522786319321124,
    0.342748367449589,
    0.34193515197503993,
    0.3316143058457178,
    0.3279204186841876,
    0.3232501117870665,
    0.31826000537685784
  ],
  "train_dice": [
    0.6749118082180606,
    0.7191161389595696,
    0.7458165340165849,
    0.7670690953723202,
    0.7782007591161982,
    0.7863517186371566,
    0.7920876689182823,
    0.7958005500975647,
    0.8025390807709061,
    0.803659995814635,
    0.8093479874535856,
    0.8156421353008094,
    0.8155019076208687,
    0.8180772113899798,
    0.8196373996185886,
    0.8239190590684954,
    0.8275757367755164,
    0.8299523007946755,
    0.8320939479694089,
    0.8327128445830682,
    0.8351127541989211,
    0.837542568536452,
    0.8399090061138959,
    0.8413239692525968,
    0.8435630347272809,
    0.8454811332023885,
    0.8477443904011153,
    0.8493643595050216,
    0.8513364545530694,
    0.8528255847981286
  ],
  "train_fpr": [
    0.5059142083511472,
    0.3868623539469934,
    0.278181559070828,
    0.22844520450334901,
    0.20390424622399544,
    0.20122559498361123,
    0.18754453470143936,
    0.19253242126264786,
    0.18982471141513468,
    0.18255664814023087,
    0.1724137931034483,
    0.17355371900826447,
    0.17942140515889982,
    0.1711557645717543,
    0.1651467654602451,
    0.18039327443716158,
    0.1731509191962377,
    0.16346016816303263,
    0.16944563203648283,
    0.17443351859769132,
    0.17001567621490665,
    0.16417272338606242,
    0.15146765460245085,
    0.14977910788086077,
    0.15616984895981761,
    0.14792646430098333,
    0.15645483043602165,
    0.1516317514607382,
    0.14493373236425822,
    0.1413508121972072
  ],
  "train_fnr": [
    0.023494312884579528,
    0.027042148452070123,
    0.030579899310087637,
    0.029834048107402575,
    0.03207758299142111,
    0.03002051090807384,
    0.02610479209397725,
    0.028155882901361177,
    0.02573186649263472,
    0.027223568898004848,
    0.022193211488250653,
    0.02126072361059306,
    0.01957859407048294,
    0.022748461681894462,
    0.021820216337187618,
    0.01976874300634092,
    0.021070296475853068,
    0.019205668469140406,
    0.020324445273168002,
    0.019392131269811673,
    0.01808689166511281,
    0.016968114861085213,
    0.016038791495710556,
    0.01752750326309901,
    0.013987318164863857,
    0.01752750326309901,
    0.014173815740395375,
    0.01566287525638635,
    0.016035800857728884,
    0.01454681089145841
  ],
  "val_loss": [
    1.3907455845470846,
    1.2390999319779612,
    0.8596573252747529,
    0.8001603445432482,
    1.4165966289756942,
    2.152024172605389,
    0.8057451050646984,
    0.8176077691307904,
    1.0557914857881783,
    1.3984513258411937,
    1.2179673726541282,
    0.9153833119538579,
    1.037890924328435,
    1.1821732765131623,
    1.1020141671608834,
    1.326089820983636,
    1.2167089484033793,
    0.8802138041405783,
    1.105225970710281,
    1.3165029951255687,
    1.3045814291839182,
    1.1170667291992773,
    1.0959642891901253,
    1.2864745839668887,
    1.2047084695231305,
    1.192969486791722,
    1.0562339100089386,
    1.0727184053320085,
    1.2895194003181736,
    1.1421850170097212
  ],
  "val_dice": [
    0.6567524471993211,
    0.7110548764032169,
    0.7184114949573783,
    0.713969036093811,
    0.6987844560064213,
    0.5878238322417232,
    0.7614064488315234,
    0.788423602527728,
    0.751240091808956,
    0.7381378500022158,
    0.7734350848263197,
    0.7880877729015846,
    0.7724550576105605,
    0.7700226499869005,
    0.7670039279372806,
    0.7413401873931833,
    0.7795598432584836,
    0.7947525814311566,
    0.7779488956120654,
    0.7807267488463081,
    0.7529230429145106,
    0.7899848303220568,
    0.7772481280222644,
    0.7867238817206265,
    0.7795288702432257,
    0.7819190713882881,
    0.7783926159687286,
    0.7963751699911417,
    0.7734670320213058,
    0.7890188073780198
  ],
  "val_fpr": [
    0.37572254335260113,
    0.22890173410404624,
    0.3445086705202312,
    0.3872832369942196,
    0.07398843930635839,
    0.03930635838150289,
    0.20115606936416186,
    0.1722543352601156,
    0.130635838150289,
    0.11445086705202312,
    0.1260115606936416,
    0.21040462427745665,
    0.17341040462427745,
    0.08554913294797688,
    0.09595375722543352,
    0.07514450867052024,
    0.130635838150289,
    0.16416184971098266,
    0.09826589595375723,
    0.11907514450867052,
    0.06820809248554913,
    0.12023121387283237,
    0.12023121387283237,
    0.10867052023121387,
    0.10635838150289018,
    0.11098265895953757,
    0.10867052023121387,
    0.14797687861271677,
    0.10635838150289018,
    0.12716763005780346
  ],
  "val_fnr": [
    0.020437956204379562,
    0.051094890510948905,
    0.016058394160583942,
    0.017518248175182483,
    0.08613138686131387,
    0.12554744525547445,
    0.026277372262773723,
    0.024817518248175182,
    0.03795620437956204,
    0.040875912408759124,
    0.035036496350364967,
    0.024817518248175182,
    0.030656934306569343,
    0.052554744525547446,
    0.04817518248175182,
    0.059854014598540145,
    0.0364963503649635,
    0.033576642335766425,
    0.030656934306569343,
    0.032116788321167884,
    0.07153284671532846,
    0.032116788321167884,
    0.030656934306569343,
    0.042335766423357665,
    0.032116788321167884,
    0.0364963503649635,
    0.0364963503649635,
    0.026277372262773723,
    0.030656934306569343,
    0.026277372262773723
  ]
}