{
  "dice": 0.6987033416289488,
  "hd95_mean": 13.526415824890137,
  "hd95_median": 6.753561973571777,
  "hd95_count": 662,
  "fpr": 0.13587604290822408,
  "fnr": 0.06891701828410689
}