{
  "thresholds": [
    0.5,
    0.55,
    0.6,
    0.65,
    0.7
  ],
  "val_dice_by_threshold": {
    "0.50": 0.7963751699911417,
    "0.55": 0.7946714113554816,
    "0.60": 0.7929701321098926,
    "0.65": 0.7910515753239611,
    "0.70": 0.7887233440267997
  },
  "best_threshold": 0.5,
  "best_val_dice": 0.7963751699911417
}