{
  "selected_threshold": 0.5,
  "dice": 0.6987033416289488,
  "hd95_median": 7.071067810058594,
  "fnr": 0.06047819971870605,
  "fpr": 0.14541120381406436
}