{
  "selected_threshold": 0.5,
  "dice": 0.7902498869250284,
  "hd95_median": 6.2761969566345215,
  "fnr": 0.04946524064171123,
  "fpr": 0.10349127182044887
}