{
  "train_loss": [
    0.40119086726494635,
    0.2986717859151839,
    0.29811996610268304,
    0.29295923577613203,
    0.2812265757097118,
    0.2787939109790629,
    0.2697008227452901,
    0.26472031597656825,
    0.2600243542080876,
    0.2597283774140714,
    0.2538961422765094,
    0.24919711482310403,
    0.2516808318032854,
    0.2445714814976595,
    0.24242390798351754,
    0.23952493059268776,
    0.2393874057877189,
    0.23459101785560776,
    0.23333969391670184,
    0.23086832993212847,
    0.231249889646513,
    0.2323650788554902,
    0.23064718941698545,
    0.22548345659581617,
    0.22687808165733458,
    0.2217524220672683,
    0.22113022165766721,
    0.2233817431254723,
    0.22125934888755364,
    0.22147839090813404
  ],
  "train_dice": [
    0.6344771373490251,
    0.7025308231308266,
    0.7024437553465985,
    0.7073180023942951,
    0.7189391157191911,
    0.7213962243956427,
    0.7304525251680114,
    0.7353963356200156,
    0.7401176649589103,
    0.7403871215089881,
    0.7462073084908765,
    0.7508936243519575,
    0.7484451744179126,
    0.7555038067950299,
    0.7576495265154705,
    0.7605384469575617,
    0.7606992120129361,
    0.7654674717838976,
    0.7667631800747247,
    0.7692083426162313,
    0.7688081100136003,
    0.7677007639196645,
    0.7694087664587704,
    0.774573434389743,
    0.773179204896225,
    0.7782911214980296,
    0.7789076451837704,
    0.7766772529937263,
    0.7787946942084325,
    0.7785482689165099
  ],
  "train_fpr": [
    0.5133069082672707,
    0.4429501698754247,
    0.33861834654586637,
    0.24617780294450736,
    0.2543884484711212,
    0.23725934314835787,
    0.21089879688605803,
    0.21871460928652323,
    0.2398074745186863,
    0.23598527746319367,
    0.19804643261608154,
    0.2020101925254813,
    0.19238391845979616,
    0.18714609286523215,
    0.18459796149490373,
    0.1759626274065685,
    0.17086636466591165,
    0.1710079275198188,
    0.16676104190260477,
    0.14934881087202717,
    0.164920724801812,
    0.1254246885617214,
    0.13590033975084936,
    0.1636466591166478,
    0.15300778485491862,
    0.1531710079275198,
    0.15288788221970556,
    0.10942808607021517,
    0.13009626274065686,
    0.13306908267270667
  ],
  "train_fnr": [
    0.02792353823088456,
    0.025487256371814093,
    0.04047976011994003,
    0.04966266866566717,
    0.04254122938530735,
    0.05209895052473763,
    0.04611059044048735,
    0.04891304347826087,
    0.040667166416791606,
    0.04385307346326837,
    0.046101949025487254,
    0.04254122938530735,
    0.05134932533733134,
    0.04572713643178411,
    0.04385307346326837,
    0.0472263868065967,
    0.04985007496251874,
    0.047976011994003,
    0.04966266866566717,
    0.05116191904047976,
    0.047976011994003,
    0.061094452773613195,
    0.056596701649175414,
    0.05172413793103448,
    0.04985941893158388,
    0.04966266866566717,
    0.05041229385307346,
    0.059407796101949024,
    0.05284857571214393,
    0.0545352323838081
  ],
  "val_loss": [
    0.3680058538825161,
    0.35477625438044014,
    0.3603421803923631,
    0.4075093498733033,
    0.3354450082530947,
    0.39264359746964156,
    0.34570885767376974,
    0.28989728678565857,
    0.33190137280751836,
    0.32796272276769245,
    0.2933049248019441,
    0.2984020802985329,
    0.34142376196862684,
    0.33746029894915236,
    0.2995823700573257,
    0.3019692291122312,
    0.2916732581019579,
    0.40590918400666687,
    0.289408317380993,
    0.2874609720830932,
    0.3125297163251959,
    0.39235297779803113,
    0.35534586869235557,
    0.29210711721148214,
    0.3338330318987989,
    0.3174041081856477,
    0.3640530918009391,
    0.31965514171708037,
    0.33290882583535975,
    0.31231157537023874
  ],
  "val_dice": [
    0.6341722309852315,
    0.6448345191743541,
    0.6400630988158496,
    0.5926254456233161,
    0.6647618593617631,
    0.6074473056084245,
    0.6544112135582835,
    0.7102188237991709,
    0.6681811219582232,
    0.6721397470378415,
    0.7067873387488178,
    0.7016487472523197,
    0.6587379905070008,
    0.6626281986707742,
    0.7004191955000738,
    0.6981119694849711,
    0.7083985240684398,
    0.5941301571844592,
    0.7106453741556047,
    0.7125542021341301,
    0.6874923090108658,
    0.6077430130163813,
    0.6447327960099898,
    0.707907888811375,
    0.666204006658842,
    0.6826284460690188,
    0.6360320952481536,
    0.6803977409540987,
    0.6671058723611694,
    0.6877019255578429
  ],
  "val_fpr": [
    0.45153933865450396,
    0.2839224629418472,
    0.17787913340935005,
    0.08209806157354618,
    0.16875712656784492,
    0.06043329532497149,
    0.10376282782212087,
    0.17103762827822122,
    0.13568985176738882,
    0.11402508551881414,
    0.11516533637400228,
    0.12428734321550741,
    0.043329532497149374,
    0.06955530216647662,
    0.12770809578107184,
    0.10718358038768529,
    0.1949828962371722,
    0.005701254275940707,
    0.09007981755986318,
    0.04446978335233751,
    0.04789053591790194,
    0.002280501710376283,
    0.02394526795895097,
    0.09007981755986318,
    0.013683010262257697,
    0.07411630558722919,
    0.027366020524515394,
    0.03078677309007982,
    0.01596351197263398,
    0.03192702394526796
  ],
  "val_fnr": [
    0.005943536404160475,
    0.05943536404160475,
    0.12035661218424963,
    0.1649331352154532,
    0.07726597325408618,
    0.16196136701337296,
    0.11292719167904904,
    0.0475482912332838,
    0.13075780089153047,
    0.08766716196136701,
    0.04606240713224369,
    0.07726597325408618,
    0.1575037147102526,
    0.11589895988112928,
    0.06240713224368499,
    0.10698365527488855,
    0.04903417533432392,
    0.2139673105497771,
    0.09361069836552749,
    0.07726597325408618,
    0.11292719167904904,
    0.22436849925705796,
    0.2199108469539376,
    0.0950965824665676,
    0.17682020802377416,
    0.12927191679049035,
    0.17533432392273401,
    0.1575037147102526,
    0.16790490341753342,
    0.12927191679049035
  ],
  "train_dice_loss": [
    0.40119086726494635,
    0.2986717859151839,
    0.29811996610268304,
    0.29295923577613203,
    0.2812265757097118,
    0.2787939109790629,
    0.2697008227452901,
    0.26472031597656825,
    0.2600243542080876,
    0.2597283774140714,
    0.2538961422765094,
    0.24919711482310403,
    0.2516808318032854,
    0.2445714814976595,
    0.24242390798351754,
    0.23952493059268776,
    0.2393874057877189,
    0.23459101785560776,
    0.23333969391670184,
    0.23086832993212847,
    0.231249889646513,
    0.2323650788554902,
    0.23064718941698545,
    0.22548345659581617,
    0.22687808165733458,
    0.2217524220672683,
    0.22113022165766721,
    0.2233817431254723,
    0.22125934888755364,
    0.22147839090813404
  ],
  "val_dice_loss": [
    0.3680058538825161,
    0.35477625438044014,
    0.3603421803923631,
    0.4075093498733033,
    0.3354450082530947,
    0.39264359746964156,
    0.34570885767376974,
    0.28989728678565857,
    0.33190137280751836,
    0.32796272276769245,
    0.2933049248019441,
    0.2984020802985329,
    0.34142376196862684,
    0.33746029894915236,
    0.2995823700573257,
    0.3019692291122312,
    0.2916732581019579,
    0.40590918400666687,
    0.289408317380993,
    0.2874609720830932,
    0.3125297163251959,
    0.39235297779803113,
    0.35534586869235557,
    0.29210711721148214,
    0.3338330318987989,
    0.3174041081856477,
    0.3640530918009391,
    0.31965514171708037,
    0.33290882583535975,
    0.31231157537023874
  ]
}