{
  "dice": 0.7902498869250284,
  "hd95_mean": 13.069043159484863,
  "hd95_median": 6.2761969566345215,
  "hd95_count": 711,
  "fpr": 0.10349127182044887,
  "fnr": 0.04946524064171123,
  "selected_threshold": 0.5
}