{
  "dice": 0.7902498869250284,
  "hd95_mean": 13.066824913024902,
  "hd95_median": 6.2761969566345215,
  "hd95_count": 711,
  "fpr": 0.10349127182044887,
  "fnr": 0.04946524064171123
}