{
  "thresholds": [
    0.5,
    0.55,
    0.6,
    0.65,
    0.7
  ],
  "val_dice_by_threshold": {
    "0.50": 0.7125542021341301,
    "0.55": 0.7125200904230483,
    "0.60": 0.712439258387769,
    "0.65": 0.7123286680665758,
    "0.70": 0.7122268051235628
  },
  "best_threshold": 0.5,
  "best_val_dice": 0.7125542021341301
}