seed,patient_id,tumor_vox,total_vox,ratio,size_group,dice_2d,dice_25d,hd95_2d,hd95_25d,fnr_2d,fnr_25d,fpr_2d,fpr_25d,delta_dice,delta_hd95,delta_fnr,delta_fpr
3,BraTS2021_01349,9993,8928000,0.001119287634408602,bottom_10pct,0.6359911017197053,0.5933774834235566,4.2627177238464355,3.605551242828369,0.0,0.025,0.5391304347826087,0.5478260869565217,-0.042613618296148736,-0.6571664810180664,0.025,0.008695652173912993
3,BraTS2021_00516,172508,8928000,0.019322132616487454,top_10pct,0.9131618831787935,0.9187391409274986,4.0,3.5168964862823486,0.0,0.0,0.6710526315789473,0.5657894736842105,0.0055772577487051,-0.48310351371765137,0.0,-0.10526315789473684
