{
  "train_loss": [
    0.33259756505870003,
    0.26049295856577753,
    0.2520715150058394,
    0.26658882259818256,
    0.25020049547745954,
    0.2436489527083598,
    0.2368391220425709,
    0.2335471803873759,
    0.23224853289826056,
    0.2260032641087411,
    0.22363556112465977,
    0.2176801893491995,
    0.21940814437754086,
    0.21871461966536673,
    0.21487997597797534,
    0.21585456747074433,
    0.21153508732197732,
    0.2070912741791042,
    0.21043899907614882,
    0.20775422238290087,
    0.20665143798662952,
    0.20404635050661293,
    0.20035239564099128,
    0.20171080259641047,
    0.20237120983306917,
    0.2012000199268783,
    0.2000320488350342,
    0.20022333282734112,
    0.19452937420582078,
    0.19582068404409225
  ],
  "train_dice": [
    0.7288799335046199,
    0.776319413596456,
    0.7851791897010358,
    0.7758496135167656,
    0.7868117541932744,
    0.7905400957806314,
    0.795202381864774,
    0.7968926703942653,
    0.798063288029305,
    0.802918790085495,
    0.8046746862084894,
    0.8092455551933676,
    0.8075210344287876,
    0.8082650293957235,
    0.8110282367830872,
    0.8099488684156704,
    0.8135122175735273,
    0.8174942877852739,
    0.8146423519491407,
    0.8166872806444798,
    0.8174061559066809,
    0.819456964106431,
    0.8228321381612261,
    0.8212746087283185,
    0.8208573829421045,
    0.821704383655038,
    0.8230088561654203,
    0.8224870723843907,
    0.8274124644609088,
    0.8263536330435329
  ],
  "train_fpr": [
    0.3553834433722702,
    0.31024631792788215,
    0.25159508618226833,
    0.07087988826815643,
    0.0743762300806298,
    0.06672168613509395,
    0.07037425007142177,
    0.06929278821736923,
    0.06078786147351046,
    0.061708408722978766,
    0.0607561184649081,
    0.06520013966923785,
    0.05383272496429138,
    0.05186807605624861,
    0.05465799079511189,
    0.04872551820461543,
    0.04948577958354495,
    0.05513935623135039,
    0.04516886744540376,
    0.04834460210138717,
    0.0458657355975242,
    0.04621635347892331,
    0.053456923369944766,
    0.045106815223946925,
    0.04424975399168333,
    0.043965462510316806,
    0.04462925342813611,
    0.04177247333671915,
    0.05015395359172142,
    0.04310700568199854
  ],
  "train_fnr": [
    0.030381639113612382,
    0.026116778051354202,
    0.03737085073642559,
    0.07997713682729511,
    0.07293590081772619,
    0.0750967288075976,
    0.07140030775994724,
    0.07166725290186422,
    0.07540118707408222,
    0.07052099362497252,
    0.0712244449329523,
    0.0647614860408881,
    0.07193422151870905,
    0.07148823917344471,
    0.06916413841621598,
    0.072939107496153,
    0.06999648258881463,
    0.06185702980743867,
    0.07175518818149841,
    0.06880633106177182,
    0.06920810798927142,
    0.06595145972564193,
    0.06071397168732964,
    0.06590459441635524,
    0.0663442514838426,
    0.06664908115712653,
    0.06599542736545902,
    0.06678684488216673,
    0.059881292591778414,
    0.06537700593537041
  ],
  "val_loss": [
    0.2635331892015257,
    0.2206903013190809,
    0.3818794075773094,
    0.25305099543276827,
    0.23741219138754427,
    0.30726683819330164,
    0.2540390419319694,
    0.23160788190468756,
    0.23264245013648396,
    0.24900289750652177,
    0.3034956740432304,
    0.323078154423883,
    0.21425050965731832,
    0.22671609937304985,
    0.23763422239664594,
    0.2372512338276498,
    0.2172863287445283,
    0.30624040183385054,
    0.2542849320154011,
    0.22743140032183226,
    0.2131679139806336,
    0.2049412544985484,
    0.21259978474848493,
    0.2348139719288926,
    0.21295298240756427,
    0.20093135843992901,
    0.23229817371753975,
    0.20442784220185525,
    0.2163966384929156,
    0.2306740307585472
  ],
  "val_dice": [
    0.771103940049365,
    0.8069689916991913,
    0.7080235885920706,
    0.7840718250312282,
    0.7963967843268706,
    0.7505346070664818,
    0.7867837123631396,
    0.7986849631330144,
    0.7981437654124287,
    0.7930714180467593,
    0.7654764580205176,
    0.7474316522536467,
    0.8125087772739603,
    0.8024900994625448,
    0.794904548194663,
    0.7944620064341441,
    0.8073195416902471,
    0.7550471907869071,
    0.7807700776351224,
    0.8018588189390554,
    0.8124115914976222,
    0.8184687657404116,
    0.8106581847360856,
    0.7963935091585885,
    0.814479946285245,
    0.8214962000040636,
    0.8028436266384545,
    0.8182976013330736,
    0.8081899443188981,
    0.8008509531859563
  ],
  "val_fpr": [
    0.19524019391802555,
    0.2000881445570736,
    0.013882767739092111,
    0.034156015866020274,
    0.0753635962979286,
    0.010577346848832084,
    0.04275011018069634,
    0.03481710004407228,
    0.03922432789775231,
    0.041427941824592335,
    0.020493609519612165,
    0.00991626267078008,
    0.04473336271485236,
    0.04252974878801234,
    0.027104451300132216,
    0.020713970912296167,
    0.02842661965623623,
    0.01630674305861613,
    0.017849272807404143,
    0.03393565447333627,
    0.05839576906126047,
    0.05861613045394447,
    0.03305420890260027,
    0.0125605993829881,
    0.03922432789775231,
    0.05376817981489643,
    0.03856324371970031,
    0.03922432789775231,
    0.04385191714411635,
    0.02908770383428823
  ],
  "val_fnr": [
    0.04327521793275218,
    0.028331257783312577,
    0.15037359900373598,
    0.10087173100871731,
    0.06288916562889166,
    0.1478829389788294,
    0.09744707347447074,
    0.09184308841843089,
    0.08156911581569116,
    0.08748443337484434,
    0.12920298879202988,
    0.15161892901618929,
    0.07067247820672479,
    0.08032378580323786,
    0.09153175591531756,
    0.10740971357409713,
    0.08717310087173101,
    0.13107098381070983,
    0.10367372353673723,
    0.08437110834371109,
    0.06506849315068493,
    0.06569115815691158,
    0.07254047322540473,
    0.10585305105853052,
    0.074719800747198,
    0.06569115815691158,
    0.07565379825653798,
    0.06818181818181818,
    0.07534246575342465,
    0.08810709838107099
  ],
  "train_bce_loss": [
    0.037429792321088715,
    0.026934098062722324,
    0.02941826177690851,
    0.036305141220352145,
    0.03088708050861613,
    0.028361783162296855,
    0.026425892179339484,
    0.02493464949807629,
    0.025125681659846074,
    0.023841178417633186,
    0.02339511504939206,
    0.02210451581203259,
    0.02220950474337641,
    0.022397376407363754,
    0.021325759948870787,
    0.021404336324255483,
    0.020649209129180293,
    0.020249672334586615,
    0.02086151835645672,
    0.020187770905936205,
    0.01993914976148433,
    0.019385918023823265,
    0.01912856897189665,
    0.018954504826479254,
    0.01918655155658648,
    0.01897440257917603,
    0.019110867435940624,
    0.018879234256254887,
    0.01806437190936053,
    0.01838600524662036
  ],
  "val_bce_loss": [
    0.023604154356063493,
    0.01848636325151008,
    0.08582577619935107,
    0.031245482873839832,
    0.02888017713099625,
    0.05246062891996889,
    0.035866026023449314,
    0.024207019168721425,
    0.024592218611242504,
    0.036616601001790844,
    0.0632009670329011,
    0.06686401115202423,
    0.020250709518061887,
    0.02507549846378466,
    0.02665155630975425,
    0.02809395425387603,
    0.020387428623059214,
    0.0579158445653998,
    0.031224822389828467,
    0.024649567246135217,
    0.0215213759472372,
    0.018396686341324648,
    0.019285686805156108,
    0.026911066365996935,
    0.02320226057976422,
    0.01850422766420318,
    0.03126645335813945,
    0.01870475829825974,
    0.01959769710868172,
    0.026622676912548274
  ],