{
  "dice": 0.8060330559919345,
  "hd95_mean": 7.036418914794922,
  "hd95_median": 3.171971559524536,
  "hd95_count": 5990,
  "fpr": 0.03787205686361617,
  "fnr": 0.07789408866995073
}