{
  "thresholds": [
    0.5,
    0.55,
    0.6,
    0.65,
    0.7
  ],
  "val_dice_by_threshold": {
    "0.50": 0.8214962000040636,
    "0.55": 0.8211928752029447,
    "0.60": 0.8208097090207013,
    "0.65": 0.8203648738705137,
    "0.70": 0.8198600759762218
  },
  "best_threshold": 0.5,
  "best_val_dice": 0.8214962000040636
}