{
  "selected_threshold": 0.5,
  "dice": 0.8076087808740564,
  "hd95_median": 3.1622776985168457,
  "fnr": 0.07774014778325124,
  "fpr": 0.038316303864948914
}