{
  "dice": 0.8076087808740564,
  "hd95_mean": 6.948833465576172,
  "hd95_median": 3.1622776985168457,
  "hd95_count": 5991,
  "fpr": 0.038316303864948914,
  "fnr": 0.07774014778325124,
  "selected_threshold": 0.5
}