{
  "train_loss": [
    0.42282520613956354,
    0.3308679127091713,
    0.32106098857237586,
    0.30771751659620794,
    0.2933249824910662,
    0.28414715042380795,
    0.27788860939368354,
    0.2710015652073559,
    0.26498725892329184,
    0.2492640164681837,
    0.24303560476849598,
    0.239506261474363,
    0.23404700839832082,
    0.22828229572285433,
    0.22442248485917532,
    0.21988101415928568,
    0.21980433354442688,
    0.21629520411370762,
    0.21167839567618857,
    0.21057370232276418,
    0.20663325408006716,
    0.2051030245360265,
    0.20119973585335416,
    0.1985072786842192,
    0.19836172322851606,
    0.19714073319339315,
    0.19445521590154968,
    0.19486379296568584,
    0.1922961410510311,
    0.18931210667952128
  ],
  "train_dice": [
    0.6895423730344351,
    0.718453245032189,
    0.7234885331709379,
    0.7342507424124294,
    0.746882732362345,
    0.7527888942076054,
    0.7577154330718121,
    0.7631337237389196,
    0.768511290230822,
    0.7819502170744963,
    0.7868819085701145,
    0.789709878685153,
    0.7945012616318753,
    0.7992642654343348,
    0.8028236125139727,
    0.8062173797543041,
    0.8063551528584382,
    0.809432620277163,
    0.8130709658216774,
    0.8138441715338534,
    0.8177073096294631,
    0.8185551248468594,
    0.822377317660516,
    0.8245158339750102,
    0.8246516013032743,
    0.8253464809797326,
    0.8282265227636416,
    0.827548347486889,
    0.8297739415596187,
    0.8323373820964883
  ],
  "train_fpr": [
    0.42084562438544737,
    0.368080921607193,
    0.31802219412838884,
    0.30247260466423154,
    0.28561393649901656,
    0.2811182916549593,
    0.27184602416409104,
    0.2835066029783647,
    0.27521775779713403,
    0.3158190502950267,
    0.3164770332911926,
    0.3158190502950267,
    0.29769598201742065,
    0.3191907839280697,
    0.3134307389716212,
    0.3377353189098061,
    0.32466985108176455,
    0.3423714526552402,
    0.32804158471480754,
    0.32115762854734475,
    0.3333801629671256,
    0.32312447316661985,
    0.320314695139084,
    0.32129811744872155,
    0.3474290531048047,
    0.3370328744029222,
    0.29404327058162405,
    0.33408260747400953,
    0.3296811349908695,
    0.3123068277606069
  ],
  "train_fnr": [
    0.03730354099602348,
    0.0352139341158652,
    0.04525658019314524,
    0.043354789852328664,
    0.040136312003029154,
    0.04032563422945854,
    0.03994698977659977,
    0.044301400984475575,
    0.044869367663763725,
    0.03369935630443014,
    0.030865366407877296,
    0.029344945096554335,
    0.03104884513441878,
    0.029912911775842484,
    0.023854600530102233,
    0.021772056039379022,
    0.024611889435819764,
    0.020636122680802726,
    0.02025747822794396,
    0.021393411586520257,
    0.01741764483150322,
    0.01703900037864445,
    0.01684967815221507,
    0.01476713366149186,
    0.015145778114350625,
    0.015145778114350625,
    0.01817493373722075,
    0.019121544869367665,
    0.015148646089755729,
    0.0176069670579326
  ],
  "val_loss": [
    0.30676747321431497,
    0.2841366886622408,
    0.28051742859498197,
    0.2919193137509441,
    0.3080920057919805,
    0.301039856719908,
    0.29959884012256627,
    0.2975308091672059,
    0.2785129170943184,
    0.2858115269932112,
    0.2885314826416545,
    0.29043040810677323,
    0.29061543711530446,
    0.2956011690964928,
    0.2682959982872154,
    0.26668707950456627,
    0.2799922840241765,
    0.26943241819456026,
    0.26545181594981926,
    0.27428984261060607,
    0.27482484658113093,
    0.28015309451810994,
    0.26496918899727484,
    0.2537756164552204,
    0.24241292966577951,
    0.2585150036918644,
    0.27394269345912925,
    0.25839176070861347,
    0.2706299327271704,
    0.2591297002237977
  ],
  "val_dice": [
    0.7290649694001791,
    0.7442762992408091,
    0.7515655516022907,
    0.7433361153278054,
    0.7246715157235517,
    0.7295154124426032,
    0.728589000891665,
    0.7338946751261606,
    0.7498416249010362,
    0.7476785775382542,
    0.7420839689262091,
    0.7379944056971752,
    0.74001008334862,
    0.7380093847051817,
    0.7643778867006881,
    0.7629066313222099,
    0.750314420529168,
    0.7588689343214131,
    0.7640575486654265,
    0.7581085992259694,
    0.7557308084985488,
    0.7514719746548767,
    0.7653868253490492,
    0.7736954523135929,
    0.7875704245286177,
    0.7708693752698239,
    0.7567127429696349,
    0.7695420251640832,
    0.7638541975188217,
    0.7706477696401546
  ],
  "val_fpr": [
    0.2349785407725322,
    0.18669527896995708,
    0.1963519313304721,
    0.1834763948497854,
    0.148068669527897,
    0.13197424892703863,
    0.14699570815450644,
    0.19098712446351931,
    0.2778969957081545,
    0.16523605150214593,
    0.10836909871244635,
    0.08583690987124463,
    0.12446351931330472,
    0.20493562231759657,
    0.2982832618025751,
    0.20600858369098712,
    0.26394849785407726,
    0.2553648068669528,
    0.22103004291845493,
    0.2854077253218884,
    0.30472103004291845,
    0.15450643776824036,
    0.20708154506437768,
    0.29506437768240346,
    0.3583690987124464,
    0.26394849785407726,
    0.20064377682403434,
    0.20815450643776823,
    0.33369098712446355,
    0.20278969957081544
  ],
  "val_fnr": [
    0.0744336569579288,
    0.08090614886731391,
    0.06796116504854369,
    0.07281553398058252,
    0.10194174757281553,
    0.09223300970873786,
    0.06796116504854369,
    0.08090614886731391,
    0.043689320388349516,
    0.03559870550161812,
    0.05501618122977346,
    0.07605177993527508,
    0.07281553398058252,
    0.07766990291262135,
    0.016181229773462782,
    0.059870550161812294,
    0.021035598705501618,
    0.024271844660194174,
    0.02750809061488673,
    0.02912621359223301,
    0.038834951456310676,
    0.05016181229773463,
    0.0372168284789644,
    0.021035598705501618,
    0.008090614886731391,
    0.019417475728155338,
    0.0372168284789644,
    0.016181229773462782,
    0.006472491909385114,
    0.021035598705501618
  ],
  "train_bce_loss": [
    0.06007215895099923,
    0.043055990058721,
    0.03929758566007615,
    0.037048530523115436,
    0.03555386874734883,
    0.03275535393402483,
    0.03163832629918649,
    0.030627871689290865,
    0.02987497676481861,
    0.027619573770917814,
    0.02670153671066806,
    0.026032229259828527,
    0.0255664414356146,
    0.02461495928844736,
    0.024541592338701505,
    0.023536095074506228,
    0.023603935172273084,
    0.02330848983163413,
    0.022459816556917027,
    0.02231183010621492,
    0.022032851670271567,
    0.021625789028362267,
    0.021370002600867428,
    0.020981781943381298,
    0.02099950346241766,
    0.02061578603427333,
    0.020404547446557075,
    0.020490240481293467,
    0.020056300361383186,
    0.01971521897671077
  ],
  "val_bce_loss": [
    0.028988960529089842,
    0.024017848529077578,
    0.02472841735915311,
    0.031029426790994265,
    0.030755464855711876,
    0.0281226900932688,
    0.027026730209240887,
    0.028957307103764745,
    0.028206188523027486,
    0.03220536540549484,
    0.03064559597172963,
    0.027646055507521118,
    0.02978191282117926,
    0.032964629825173716,
    0.030947522352599167,
    0.028004573828775834,
    0.029702521557575898,
    0.02642862669191878,
    0.029083037518033032,
    0.03202378894033816,
    0.030524042978497375,
    0.03174694682326218,
    0.03039330255272602,
    0.026445714028826825,
    0.028264446365302294,
    0.028859214815684115,
    0.03008875078533913,
    0.026550558920612317,
    0.03345151659075629,
    0.028544284161545704
  ],