{
  "dice": 0.7853996028412258,
  "hd95_mean": 22.408935546875,
  "hd95_median": 6.020690441131592,
  "hd95_count": 621,
  "fpr": 0.4134929270946681,
  "fnr": 0.01584786053882726,
  "selected_threshold": 0.5
}