{
  "thresholds": [
    0.5,
    0.55,
    0.6,
    0.65,
    0.7
  ],
  "val_dice_by_threshold": {
    "0.50": 0.7875704245286177,
    "0.55": 0.7872648817399656,
    "0.60": 0.786870498945605,
    "0.65": 0.7863473874007421,
    "0.70": 0.7856840012432302
  },
  "best_threshold": 0.5,
  "best_val_dice": 0.7875704245286177
}