{
  "selected_threshold": 0.5,
  "dice": 0.7853996028412258,
  "hd95_median": 6.020690441131592,
  "fnr": 0.01584786053882726,
  "fpr": 0.4134929270946681
}