{
  "dice": 0.7853996028412258,
  "hd95_mean": 21.5594425201416,
  "hd95_median": 6.0,
  "hd95_count": 621,
  "fpr": 0.40369967355821545,
  "fnr": 0.01584786053882726
}