{
  "thresholds": [
    0.5,
    0.55,
    0.6,
    0.65,
    0.7
  ],
  "val_dice_by_threshold": {
    "0.50": 0.8202869587594411,
    "0.55": 0.8210773986802827,
    "0.60": 0.8210531131160506,
    "0.65": 0.8213063940494019,
    "0.70": 0.820971184826219
  },
  "best_threshold": 0.65,
  "best_val_dice": 0.8213063940494019
}