{
  "dice": 0.7870748321931564,
  "hd95_mean": 10.380956649780273,
  "hd95_median": 6.448885917663574,
  "hd95_count": 610,
  "fpr": 0.31030701754385964,
  "fnr": 0.0438871473354232,
  "selected_threshold": 0.5
}