{
  "dice": 0.7870748321931564,
  "hd95_mean": 9.15200138092041,
  "hd95_median": 5.830951690673828,
  "hd95_count": 607,
  "fpr": 0.2543859649122807,
  "fnr": 0.048589341692789965
}