{
  "train_loss": [
    1.070577484600724,
    0.9018217184972922,
    0.792442880739955,
    0.7799379937970295,
    0.7135260994728299,
    0.6529975766505527,
    0.6005378112470926,
    0.5588396741849763,
    0.505529768843676,
    0.5081953286398815,
    0.4849083292369435,
    0.46399972336993484,
    0.4497641135423979,
    0.4367846415082287,
    0.4281533191939568,
    0.4239073592647677,
    0.4138372658945604,
    0.4115640961438278,
    0.3970323447910529,
    0.3951719152203328,
    0.38465655980418917,
    0.38274986867491206,
    0.3786006754232171,
    0.37020362871333684,
    0.36818408372394146,
    0.3596827204562199,
    0.3606133067598552,
    0.3494746618268717,
    0.3436238656391817,
    0.34622062827243305
  ],
  "train_dice": [
    0.5924875424845398,
    0.6486310718303433,
    0.6644783101570035,
    0.67933070874376,
    0.6891036111203693,
    0.699582953308545,
    0.7098619089512328,
    0.7207592822999748,
    0.7275559285792984,
    0.7319341459522787,
    0.7369641414125696,
    0.7408005850324834,
    0.7445213702452298,
    0.745911283205017,
    0.750779057600964,
    0.7544111051070737,
    0.7558045312148182,
    0.7572759863031818,
    0.7622176850971938,
    0.7646208905351839,
    0.7671145535173829,
    0.7701878412433569,
    0.7723996123092771,
    0.7728327398304212,
    0.7764976461164871,
    0.7785199432756245,
    0.7798126408566484,
    0.7829650956448693,
    0.7847364929637505,
    0.7863747200255278
  ],
  "train_fpr": [
    0.5238748627881449,
    0.45595499451152577,
    0.4183589462129528,
    0.38345452051035805,
    0.38048847420417126,
    0.34961580680570803,
    0.34728320526893525,
    0.3401481888035126,
    0.354967069154775,
    0.3581229418221734,
    0.3445389681668496,
    0.3386388583973655,
    0.34906695938529086,
    0.3511251372118551,
    0.3612788144895719,
    0.3386388583973655,
    0.33886678556729316,
    0.340834248079034,
    0.3511251372118551,
    0.3210757409440176,
    0.32972008781558726,
    0.3343852908891328,
    0.3454994511525796,
    0.3304980107010564,
    0.3329674852517492,
    0.32889681668496157,
    0.3158616904500549,
    0.31311745334796925,
    0.30021953896816683,
    0.3165477497255763
  ],
  "train_fnr": [
    0.018779342723004695,
    0.016236306729264474,
    0.018583724569640064,
    0.022500489141068284,
    0.02093114241001565,
    0.023278560250391236,
    0.021517996870109544,
    0.018192488262910797,
    0.017996870109546165,
    0.016040688575899843,
    0.016040688575899843,
    0.014280125195618153,
    0.012910798122065728,
    0.013302034428794992,
    0.012519561815336464,
    0.015258215962441314,
    0.014478575621209158,
    0.014280125195618153,
    0.01310641627543036,
    0.012910798122065728,
    0.012519561815336464,
    0.011150234741784037,
    0.011150234741784037,
    0.010956759929563686,
    0.013108980630013697,
    0.01232394366197183,
    0.012128325508607199,
    0.013693270735524257,
    0.011932707355242567,
    0.012128325508607199
  ],
  "val_loss": [
    0.5506523001343894,
    0.9610023279426366,
    0.5065714191402909,
    1.0826388687644837,
    0.49656353974659767,
    0.4816832596645553,
    0.5224382482006176,
    0.6332038523816674,
    0.9387408695541896,
    0.5764323788303771,
    0.6284436585172217,
    0.5927673845094513,
    0.7863590870956345,
    1.0074554264060491,
    0.578058802186561,
    0.8311424742193794,
    1.3987821436999641,
    0.9294931286031148,
    0.9224557114996501,
    0.8425313219339889,
    0.9794374809727161,
    0.9281544857190029,
    1.5469781225381871,
    0.9153379687940227,
    1.1220528018611247,
    0.8671672831581542,
    0.784941410634821,
    0.4871069061729682,
    1.2025211404171392,
    1.6310433074280883
  ],
  "val_dice": [
    0.6596350133503076,
    0.7086291146663034,
    0.7551809310824913,
    0.7570509347877294,
    0.7431855225128249,
    0.755051409610762,
    0.7316109657111253,
    0.7842906258074489,
    0.7447778294827326,
    0.8099116355720797,
    0.8133765994488488,
    0.7966960924705104,
    0.787651084352439,
    0.7769502001158761,
    0.8106045710176406,
    0.806929570804598,
    0.7575354627306028,
    0.7821203991495205,
    0.7993545074487027,
    0.7742785600140779,
    0.8180095100687188,
    0.7931066578661902,
    0.7970158300588469,
    0.7883484597102954,
    0.779681886639997,
    0.8084837450699595,
    0.8202869587594411,
    0.8133106846362352,
    0.7854495749205417,
    0.774840020177164
  ],
  "val_fpr": [
    0.477116704805492,
    0.2803203661327231,
    0.28718535469107553,
    0.08466819221967964,
    0.3524027459954233,
    0.2379862700228833,
    0.21624713958810068,
    0.17276887871853547,
    0.21052631578947367,
    0.11212814645308924,
    0.15446224256292906,
    0.13844393592677345,
    0.14645308924485126,
    0.10983981693363844,
    0.16475972540045766,
    0.17505720823798626,
    0.09954233409610984,
    0.11441647597254005,
    0.16819221967963388,
    0.17620137299771166,
    0.14416475972540047,
    0.13958810068649885,
    0.20938215102974828,
    0.10869565217391304,
    0.10297482837528604,
    0.13615560640732266,
    0.2116704805491991,
    0.38558352402745993,
    0.10411899313501144,
    0.06750572082379863
  ],
  "val_fnr": [
    0.011834319526627219,
    0.047337278106508875,
    0.03254437869822485,
    0.09023668639053255,
    0.01775147928994083,
    0.03106508875739645,
    0.023668639053254437,
    0.038461538461538464,
    0.028106508875739646,
    0.04437869822485207,
    0.02514792899408284,
    0.03994082840236687,
    0.038461538461538464,
    0.05325443786982249,
    0.038461538461538464,
    0.04585798816568047,
    0.0650887573964497,
    0.047337278106508875,
    0.038461538461538464,
    0.038461538461538464,
    0.02514792899408284,
    0.03254437869822485,
    0.03550295857988166,
    0.042899408284023666,
    0.060650887573964495,
    0.042899408284023666,
    0.03254437869822485,
    0.0073964497041420114,
    0.051775147928994084,
    0.06360946745562131
  ],
  "train_bce_loss": [
    0.5786045481690791,
    0.5121270906681512,
    0.4231529571000284,
    0.4269365392643736,
    0.372356693579193,
    0.32380286498481325,
    0.28313635701025947,
    0.2527496876174441,
    0.2084262667686603,
    0.21592040587304884,
    0.19833361411144548,
    0.18217290915346213,
    0.17206736605126902,
    0.16061523115226042,
    0.15785948719847265,
    0.15637636981716038,
    0.14865639003758022,
    0.1483504437916489,
    0.1388780666208343,
    0.1396217206621915,
    0.13188268353471916,
    0.13373176418954444,
    0.13182352869041775,
    0.12381373092022764,
    0.12598641103362154,
    0.12041059549387248,
    0.12264247804114561,
    0.11442868170373165,
    0.11121647512445577,
    0.1151290593204888
  ],
  "val_bce_loss": [
    0.17054624078497732,
    0.6509973113549069,
    0.23449814408747535,
    0.8260681940140698,
    0.21741840234040088,
    0.2111463363829328,
    0.23032420242760474,
    0.40037241754171676,
    0.6667574340506517,
    0.3708511304644835,
    0.420275964163872,
    0.3752020833808543,
    0.5604345126080288,
    0.7711212544759857,
    0.37455971636079227,
    0.621123274985271,
    1.1499842851706532,
    0.70023425441847,
    0.7119119551209127,
    0.6060443062778871,
    0.7775986212747965,
    0.7073625375243929,
    1.3333799848629206,
    0.6939442389287859,
    0.891483824818599,
    0.6669887595330558,
    0.5876004497352547,
    0.27932471064396047,
    0.9792974084111471,
    1.4000387509386523
  ],