{
  "selected_threshold": 0.65,
  "dice": 0.7911751564814006,
  "hd95_median": 6.0,
  "fnr": 0.047021943573667714,
  "fpr": 0.2719298245614035
}