{
  "train_loss": [
    0.9868587963359471,
    0.7543331708911193,
    0.641640118901718,
    0.6066558462441379,
    0.5521099943513414,
    0.5243489121295457,
    0.5165231507528588,
    0.4894490197352323,
    0.47305605208920426,
    0.45903088563489486,
    0.4475411989827021,
    0.4447055099788673,
    0.4298803664352057,
    0.4197393212688365,
    0.41416106741780245,
    0.4081122738221318,
    0.39700087221010727,
    0.39338934637093315,
    0.39087870799153684,
    0.3818631143144723,
    0.37366405537318276,
    0.36644153867376045,
    0.360360536507605,
    0.3575862882359802,
    0.35105945517999254,
    0.3458755843032878,
    0.33975846433219337,
    0.3376430286145264,
    0.33283486765182974,
    0.3283116023292209
  ],
  "train_dice": [
    0.6816827214341045,
    0.7327869813661341,
    0.7607831595079675,
    0.7704456274475556,
    0.77863320544451,
    0.7844240906641913,
    0.790294955400156,
    0.796126974935255,
    0.7985990550063388,
    0.8029597341491084,
    0.806307233662683,
    0.8072236381379466,
    0.8121182269672768,
    0.8139733430967346,
    0.8164741950804316,
    0.8193555676893473,
    0.8232780218705207,
    0.8244853476653071,
    0.8254911279493018,
    0.8278818155897449,
    0.8309581078925944,
    0.8317660828446266,
    0.8355799128976794,
    0.8362932272634688,
    0.8386415988582032,
    0.8410742549223603,
    0.8433503284077731,
    0.8448960194680305,
    0.8457120466923872,
    0.8475449877983345
  ],
  "train_fpr": [
    0.45703292005130397,
    0.3102465441071683,
    0.2596551232720536,
    0.2562348582015106,
    0.2486463379880308,
    0.22987031494940857,
    0.23012254203476773,
    0.21815332003419777,
    0.23585577882285877,
    0.22359982898674646,
    0.23058287017243836,
    0.22987031494940857,
    0.21615844970076944,
    0.21915075520091193,
    0.21804189824711415,
    0.23867198632088915,
    0.2304075235109718,
    0.221256589257729,
    0.2178993872025082,
    0.21034630183839248,
    0.2036482827419125,
    0.21932449764856776,
    0.2092062134815448,
    0.20236568334045887,
    0.19606725562838415,
    0.219435736677116,
    0.22371045882017668,
    0.2115987460815047,
    0.21219894541826992,
    0.1999429955821576
  ],
  "train_fnr": [
    0.027969420100689913,
    0.0318851389147865,
    0.030579899310087637,
    0.030206973708745106,
    0.029653114509511375,
    0.030579899310087637,
    0.027788138754196196,
    0.02629615814994405,
    0.02293492448256573,
    0.02330785008390826,
    0.021629684877866866,
    0.022002610479209397,
    0.02237970906378217,
    0.019022752704214847,
    0.01957859407048294,
    0.0175307720999627,
    0.018836255128683328,
    0.019399365789964557,
    0.019205668469140406,
    0.01715457766175648,
    0.02013798247249674,
    0.01771396606377028,
    0.017341040462427744,
    0.018832742867797875,
    0.018090264826557255,
    0.015292801193584483,
    0.01473330846698993,
    0.014173815740395375,
    0.013425321648331158,
    0.016408726459071415
  ],
  "val_loss": [
    1.5212734824549543,
    0.7563307554182345,
    2.7956796428582966,
    1.2713198016594796,
    0.9635893085577192,
    1.245190809460452,
    1.660627521041536,
    0.9840815711195452,
    1.3310350083956752,
    0.9836425210002565,
    1.032345315009138,
    1.1281405949244534,
    0.8183253749008597,
    1.025504721211691,
    0.9663956323679346,
    0.9132395196570097,
    1.051535625657896,
    1.0080074895472422,
    1.2643883046007505,
    1.0245103055978344,
    1.1253394259588563,
    1.1184766851202415,
    1.4251203973362916,
    1.4086941725581232,
    1.0960376510219851,
    1.362778293781907,
    1.174140908248233,
    1.1071010050112313,
    1.5210742856029176,
    1.3949267850305043
  ],
  "val_dice": [
    0.6849575208703967,
    0.7562601472203532,
    0.5146065499375228,
    0.7257717520855095,
    0.7720914048842923,
    0.7348766175798909,
    0.6921101947770502,
    0.7589462697505951,
    0.6888882807775462,
    0.7720615331817717,
    0.7794407795815572,
    0.7596890500916617,
    0.7846888710411578,
    0.7671981594205772,
    0.7853336577813556,
    0.7585279080445749,
    0.7860768691956127,
    0.7725934266065159,
    0.7126692540005503,
    0.7815204275105774,
    0.7693960689280155,
    0.7596938865490421,
    0.7249525603165266,
    0.7397995037482168,
    0.7771598133781966,
    0.7555357796976166,
    0.7801726415209527,
    0.788338247507158,
    0.7495181430539075,
    0.7563382705850322
  ],
  "val_fpr": [
    0.15260115606936417,
    0.3352601156069364,
    0.026589595375722544,
    0.13410404624277455,
    0.2323699421965318,
    0.12716763005780346,
    0.12254335260115606,
    0.23815028901734103,
    0.07283236994219654,
    0.1976878612716763,
    0.2277456647398844,
    0.15722543352601157,
    0.176878612716763,
    0.20115606936416186,
    0.2,
    0.13872832369942195,
    0.176878612716763,
    0.1630057803468208,
    0.11791907514450867,
    0.1930635838150289,
    0.22890173410404624,
    0.09017341040462427,
    0.15838150289017341,
    0.07052023121387284,
    0.18959537572254334,
    0.1930635838150289,
    0.1884393063583815,
    0.15722543352601157,
    0.12254335260115606,
    0.1699421965317919
  ],
  "val_fnr": [
    0.08759124087591241,
    0.035036496350364967,
    0.19562043795620437,
    0.052554744525547446,
    0.024817518248175182,
    0.06277372262773723,
    0.06277372262773723,
    0.027737226277372264,
    0.13722627737226278,
    0.03795620437956204,
    0.030656934306569343,
    0.05693430656934306,
    0.035036496350364967,
    0.029197080291970802,
    0.029197080291970802,
    0.058394160583941604,
    0.029197080291970802,
    0.03795620437956204,
    0.08613138686131387,
    0.032116788321167884,
    0.032116788321167884,
    0.07445255474452554,
    0.059854014598540145,
    0.072992700729927,
    0.040875912408759124,
    0.032116788321167884,
    0.02335766423357664,
    0.029197080291970802,
    0.043795620437956206,
    0.043795620437956206
  ]
}