{
  "dice": 0.7008953190365421,
  "hd95_mean": 14.434955596923828,
  "hd95_median": 6.4031243324279785,
  "hd95_count": 671,
  "fpr": 0.15137067938021453,
  "fnr": 0.05625879043600562
}