{
  "selected_threshold": 0.7,
  "dice": 0.7575294802559136,
  "hd95_median": 5.830951690673828,
  "fnr": 0.026455026455026454,
  "fpr": 0.3161209068010076
}