{
  "dice": 0.7555438208063601,
  "hd95_mean": 17.212278366088867,
  "hd95_median": 5.830951690673828,
  "hd95_count": 736,
  "fpr": 0.3161209068010076,
  "fnr": 0.026455026455026454
}