{
  "thresholds": [
    0.5,
    0.55,
    0.6,
    0.65,
    0.7
  ],
  "val_dice_by_threshold": {
    "0.50": 0.802233304194257,
    "0.55": 0.8029611737386422,
    "0.60": 0.8038709934680136,
    "0.65": 0.8044641379603952,
    "0.70": 0.8050221198111072
  },
  "best_threshold": 0.7,
  "best_val_dice": 0.8050221198111072
}