{
  "dice": 0.7555438208063601,
  "hd95_mean": 17.574979782104492,
  "hd95_median": 6.082762718200684,
  "hd95_count": 737,
  "fpr": 0.3425692695214106,
  "fnr": 0.02513227513227513,
  "selected_threshold": 0.5
}