{
  "train_loss": [
    0.44114298777980426,
    0.33183832332349533,
    0.30218182957581297,
    0.2864323285757339,
    0.274577430877166,
    0.2675189219303041,
    0.25553062272666793,
    0.25060287705045414,
    0.2416463246610733,
    0.23944262535009708,
    0.23498055572570842,
    0.24448346592297554,
    0.2801588360861444,
    0.26712254797683943,
    0.2633554820342989,
    0.25735101156954865,
    0.25797140630108023,
    0.2536500900748733,
    0.25698718122544145,
    0.25386886144310683,
    0.2527430660433892,
    0.2454326080078556,
    0.24484221848387117,
    0.23631363224478266,
    0.24028014087893532,
    0.2435953585475551,
    0.2386165993605909,
    0.23694635961141505,
    0.23452261258355211,
    0.23634093612919888
  ],
  "train_dice": [
    0.6777924757308512,
    0.7177131009251828,
    0.7407499965375233,
    0.7522949505177611,
    0.7614476659354247,
    0.7665844081217349,
    0.7762574569100841,
    0.7792754324997565,
    0.7871670331489633,
    0.7890909116424761,
    0.7927353125912419,
    0.7886289749754609,
    0.7630113191290323,
    0.7707256404851933,
    0.772709735505648,
    0.7768915577910182,
    0.7763638302421615,
    0.7799392696933707,
    0.7763255796870069,
    0.7789958966471793,
    0.779530550860586,
    0.7851451201590309,
    0.7868012355011771,
    0.7928170496924981,
    0.7900831785368607,
    0.7868935214456233,
    0.7906934123876997,
    0.7917233653309413,
    0.7934229185283349,
    0.7926922729565963
  ],
  "train_fpr": [
    0.3978941535051261,
    0.3613189249099474,
    0.3226655583264062,
    0.30451648656137437,
    0.3061789969520643,
    0.31379883624272653,
    0.3092269326683292,
    0.31901925474442444,
    0.3482959268495428,
    0.3758658908284843,
    0.3657522859517872,
    0.3054862842892768,
    0.09088390135771682,
    0.0885286783042394,
    0.08506511499030202,
    0.0817287712979637,
    0.0714879467996675,
    0.07592130784150734,
    0.06954835134386257,
    0.06386810750900526,
    0.0684400110834026,
    0.08783596564145192,
    0.0743973399833749,
    0.08035466888334719,
    0.08104738154613467,
    0.06927126627874758,
    0.07827653089498476,
    0.08548074258797451,
    0.0771681906345248,
    0.06982543640897755
  ],
  "train_fnr": [
    0.035314550366653805,
    0.031069085295252798,
    0.032419915090698574,
    0.029525279814743344,
    0.029525279814743344,
    0.027016595908915475,
    0.028174450019297567,
    0.025670719938235862,
    0.021034349671941337,
    0.01659590891547665,
    0.016788884600540333,
    0.023157082207641837,
    0.08818988807410266,
    0.08066383635661907,
    0.07892705519104593,
    0.07952132792897124,
    0.08626013122346585,
    0.07834812813585489,
    0.08876881512929372,
    0.08510227711308375,
    0.08722500964878425,
    0.07333076032419915,
    0.07564646854496333,
    0.06966422230798919,
    0.07448861443458124,
    0.08008490930142802,
    0.07024314936318024,
    0.06947124662292552,
    0.07101505210343496,
    0.08008490930142802
  ],
  "val_loss": [
    0.3761125197289167,
    0.3605496518345725,
    0.321098734080749,
    0.37636485841772666,
    0.26478458319570436,
    0.31169592328051215,
    0.26651000235749783,
    0.3099096146945515,
    0.30834046325134246,
    0.2511439824747479,
    0.23521225862576498,
    0.5866391413189747,
    0.2829026980882781,
    0.3493628655042913,
    0.45949632036061877,
    0.2864485889397286,
    0.27575365504371985,
    0.4074420676834648,
    0.3131662881495351,
    0.4155562916436257,
    0.3785541447521615,
    0.36580030002400404,
    0.40603887153380785,
    0.3439700006801858,
    0.27250720610433493,
    0.34484126020297196,
    0.3558966535703409,
    0.34521439625348294,
    0.36120258671287286,
    0.3765590380017574
  ],
  "val_dice": [
    0.6895636103601537,
    0.689291150500186,
    0.7243758062487123,
    0.6639381970930314,
    0.7716551133646414,
    0.7269321632361905,
    0.7762299757105885,
    0.7328317852218521,
    0.7366733977788704,
    0.7867649752657297,
    0.802233304194257,
    0.602906135798424,
    0.7703939194968793,
    0.7350025230453501,
    0.6663085635568405,
    0.7625167279841214,
    0.7741097356816302,
    0.6947133043393535,
    0.7456363770166183,
    0.6775812758743084,
    0.7050168852930745,
    0.7047399897997313,
    0.6890076542978952,
    0.731596198824481,
    0.7747102281492617,
    0.7211017366346142,
    0.7153224333287601,
    0.7152222076721457,
    0.713514679841209,
    0.6972010283760111
  ],
  "val_fpr": [
    0.2830188679245283,
    0.23113207547169812,
    0.23231132075471697,
    0.2240566037735849,
    0.2653301886792453,
    0.2240566037735849,
    0.27712264150943394,
    0.2134433962264151,
    0.16745283018867924,
    0.22877358490566038,
    0.3632075471698113,
    0.01061320754716981,
    0.10023584905660378,
    0.06485849056603774,
    0.01768867924528302,
    0.10849056603773585,
    0.06367924528301887,
    0.015330188679245283,
    0.03773584905660377,
    0.01061320754716981,
    0.015330188679245283,
    0.01061320754716981,
    0.008254716981132075,
    0.018867924528301886,
    0.0695754716981132,
    0.01061320754716981,
    0.020047169811320754,
    0.02830188679245283,
    0.018867924528301886,
    0.01768867924528302
  ],
  "val_fnr": [
    0.0641025641025641,
    0.07264957264957266,
    0.042735042735042736,
    0.09116809116809117,
    0.042735042735042736,
    0.06695156695156695,
    0.029914529914529916,
    0.06125356125356125,
    0.038461538461538464,
    0.03276353276353276,
    0.014245014245014245,
    0.21794871794871795,
    0.09259259259259259,
    0.08831908831908832,
    0.19658119658119658,
    0.09829059829059829,
    0.07834757834757834,
    0.1623931623931624,
    0.10683760683760683,
    0.14957264957264957,
    0.1396011396011396,
    0.15384615384615385,
    0.15384615384615385,
    0.10113960113960115,
    0.05982905982905983,
    0.14814814814814814,
    0.12962962962962962,
    0.14102564102564102,
    0.1267806267806268,
    0.15242165242165243
  ],
  "train_bce_loss": [
    0.05480622909657827,
    0.03747742088653826,
    0.03303505543309193,
    0.02995479758977711,
    0.027673297667921176,
    0.026412753208183922,
    0.024595363173380607,
    0.02300599715840282,
    0.022195541137590032,
    0.02185919898247585,
    0.021160859096652912,
    0.02698392498091308,
    0.03783178122851358,
    0.0326109927172159,
    0.03098525936628903,
    0.029205321739003517,
    0.02936065822106087,
    0.02869960402351345,
    0.02859754041200777,
    0.028136569290391888,
    0.027567737601600036,
    0.025701129096848636,
    0.026852016391211313,
    0.024344206655942842,
    0.025735439647959654,
    0.025845792884533595,
    0.0247006218071315,
    0.023944180852359775,
    0.023376039469094598,
    0.02457485044175817
  ],
  "val_bce_loss": [
    0.03685234492603873,
    0.04461083560381874,
    0.03914563687586397,
    0.039289452787849385,
    0.03262900942244598,
    0.035473477107181184,
    0.0333506998511418,
    0.03718650458383109,
    0.040754478666635376,
    0.03057730459851333,
    0.03210874537754428,
    0.18438136381905743,
    0.04538387300060569,
    0.08065177333257473,
    0.1219419570037504,
    0.04412352389001296,
    0.04489372302959653,
    0.09720670417555395,
    0.05441956824222643,
    0.08857867355915974,
    0.07915626572262784,
    0.06586580164307673,
    0.09125770062304027,
    0.07083211472436907,
    0.04298640732320776,
    0.062128317295696366,
    0.0670533380942138,
    0.05645092223209403,
    0.07151598559620033,
    0.06965271153321763
  ],