{
  "dice": 0.6895132897062811,
  "hd95_mean": 11.61447811126709,
  "hd95_median": 5.054460525512695,
  "hd95_count": 612,
  "fpr": 0.03218116805721097,
  "fnr": 0.13924050632911392
}