{
  "thresholds": [
    0.5,
    0.55,
    0.6,
    0.65,
    0.7
  ],
  "val_dice_by_threshold": {
    "0.50": 0.7771817174434227,
    "0.55": 0.7758327221185186,
    "0.60": 0.7744693215936422,
    "0.65": 0.7731416719918051,
    "0.70": 0.7715035053364334
  },
  "best_threshold": 0.5,
  "best_val_dice": 0.7771817174434227
}