{
  "train_loss": [
    0.4360952298298448,
    0.3226569154216772,
    0.29287351519682114,
    0.26998288057461095,
    0.2544904455416813,
    0.2816655425771268,
    0.27893722591615705,
    0.2703173392624741,
    0.2656280336453163,
    0.2502520099277402,
    0.24851944978067186,
    0.24372368252043103,
    0.23912454564343152,
    0.23666954088873457,
    0.23342244792764355,
    0.23380410227040854,
    0.22611266644520478,
    0.22176864124527512,
    0.21964986179473406,
    0.22473276642908496,
    0.22105087942919435,
    0.2165689860424921,
    0.20854321606658713,
    0.20666253856315017,
    0.2076255388485656,
    0.21039884018953303,
    0.21061588422121208,
    0.2043354188474272,
    0.20733753303522615,
    0.2094338828074603
  ],
  "train_dice": [
    0.6858811505374093,
    0.7268417502845665,
    0.7509404636466949,
    0.7689744455369272,
    0.7807530555431201,
    0.7643101722694574,
    0.766128394799281,
    0.7702527474354117,
    0.7733462682789538,
    0.784876744390512,
    0.7856761275053147,
    0.7902964084346302,
    0.7927985287203887,
    0.7950330708094626,
    0.7968406308368016,
    0.7952702617517984,
    0.8017960251733569,
    0.8060205184003474,
    0.8074747682096682,
    0.8019763861536082,
    0.8051480510072901,
    0.8098899620374498,
    0.8168193024469568,
    0.8183918788219186,
    0.8173213323876289,
    0.8142455070592642,
    0.8143948238323547,
    0.8200240509809258,
    0.8163308325231786,
    0.8145473172366396
  ],
  "train_fpr": [
    0.46900384779820437,
    0.39298945568538046,
    0.3438791506341741,
    0.3386062419837537,
    0.3083499572527786,
    0.19908792931452188,
    0.09391477839532564,
    0.07852358557788229,
    0.08137380647000142,
    0.09063702436938863,
    0.0786548874323169,
    0.0713878597891137,
    0.07082798916916061,
    0.06698019096479978,
    0.06996295240809347,
    0.06568823026503277,
    0.06940287872310104,
    0.07268063274903805,
    0.06883283454467722,
    0.05173150919196238,
    0.056291862619353,
    0.04831124412141941,
    0.05371900826446281,
    0.06997292290152486,
    0.054573952693074954,
    0.04831124412141941,
    0.049586776859504134,
    0.05386917486105173,
    0.04147071398033347,
    0.039612425192362494
  ],
  "train_fnr": [
    0.028901734104046242,
    0.028720626631853787,
    0.027223568898004848,
    0.02293492448256573,
    0.02461767997016039,
    0.0538877493939959,
    0.0824165578966996,
    0.08707812791348125,
    0.08801044191683759,
    0.07626328547454783,
    0.08093994778067885,
    0.07888847444983216,
    0.07887376468394555,
    0.07495804586984897,
    0.07982096232748974,
    0.08466989929130922,
    0.07514450867052024,
    0.06787245944434085,
    0.07160171545776618,
    0.08223009509602834,
    0.07961961588663062,
    0.07607682267387657,
    0.0680716150690041,
    0.06097333581950401,
    0.07254755688176054,
    0.07775498787991796,
    0.0762775083923909,
    0.06936416184971098,
    0.08055192988998695,
    0.08168593808280493
  ],
  "val_loss": [
    0.47164408077288716,
    0.469294247705571,
    0.3559033954556841,
    0.30299741532245694,
    0.43188420738617,
    0.5684336046450329,
    0.36414211808982555,
    0.3073071549191092,
    0.30284161142406674,
    0.4628717667429987,
    0.565027131368644,
    0.3139860863124367,
    0.32313443978119943,
    0.3228989032389474,
    0.3159095457000454,
    0.29665476521001244,
    0.3548724843855322,
    0.38669251239430297,
    0.30822005884273207,
    0.3135186140880968,
    0.33812441587665654,
    0.3338329464414694,
    0.3156175949168901,
    0.26873352455831795,
    0.37208186786105163,
    0.40060663760578546,
    0.29057466818468414,
    0.2926943876121166,
    0.3896026433493099,
    0.31805892736807356
  ],
  "val_dice": [
    0.6322807479078753,
    0.6373996616443143,
    0.7154129543266918,
    0.7594299303027835,
    0.6527066868315213,
    0.6170981725854595,
    0.7314060621996865,
    0.7664336054211985,
    0.7617050965568118,
    0.6676579963986891,
    0.5956838790626422,
    0.7452968828216956,
    0.7425686682010219,
    0.7383062303066253,
    0.7397385531968443,
    0.7590154953464104,
    0.7225768600719689,
    0.7006471912791259,
    0.7529209306640346,
    0.7462801948516038,
    0.7316195127085178,
    0.7260985643759261,
    0.7428338877421661,
    0.7771817174434227,
    0.7164229798164681,
    0.6860982636900714,
    0.7592280316526873,
    0.7614482971656061,
    0.697460705650984,
    0.7471526576219684
  ],
  "val_fpr": [
    0.2069364161849711,
    0.1791907514450867,
    0.2832369942196532,
    0.2705202312138728,
    0.08554913294797688,
    0.021965317919075144,
    0.04393063583815029,
    0.06820809248554913,
    0.10982658959537572,
    0.011560693641618497,
    0.011560693641618497,
    0.04971098265895954,
    0.03468208092485549,
    0.03121387283236994,
    0.058959537572254334,
    0.04508670520231214,
    0.056647398843930635,
    0.025433526011560695,
    0.04046242774566474,
    0.027745664739884393,
    0.03352601156069364,
    0.035838150289017344,
    0.020809248554913295,
    0.06705202312138728,
    0.03005780346820809,
    0.023121387283236993,
    0.03352601156069364,
    0.028901734104046242,
    0.012716763005780347,
    0.03352601156069364
  ],
  "val_fnr": [
    0.07153284671532846,
    0.05693430656934306,
    0.02335766423357664,
    0.020437956204379562,
    0.09197080291970802,
    0.15474452554744525,
    0.10218978102189781,
    0.08029197080291971,
    0.061313868613138686,
    0.16642335766423358,
    0.20145985401459854,
    0.09781021897810219,
    0.13284671532846715,
    0.14014598540145987,
    0.14306569343065692,
    0.10218978102189781,
    0.11532846715328467,
    0.181021897810219,
    0.11532846715328467,
    0.11678832116788321,
    0.15036496350364964,
    0.12992700729927006,
    0.14306569343065692,
    0.08905109489051095,
    0.13576642335766423,
    0.18832116788321168,
    0.10802919708029197,
    0.10072992700729927,
    0.18248175182481752,
    0.10510948905109489
  ]
}