{
  "selected_threshold": 0.5,
  "dice": 0.6895132897062811,
  "hd95_median": 5.099019527435303,
  "fnr": 0.13924050632911392,
  "fpr": 0.03218116805721097
}