{
  "train_loss": [
    1.2567061138583016,
    1.0630288443256002,
    0.9834517255098141,
    0.8884996112022762,
    0.8327647469287534,
    0.7633294544321305,
    0.7087499598878344,
    0.6873162869837972,
    0.637653618908513,
    0.6092185387334976,
    0.5565998240591608,
    0.5424820820856864,
    0.5211607729645841,
    0.48940860707099826,
    0.48029070268767726,
    0.4570530609427664,
    0.45824726000823157,
    0.438822800891403,
    0.41579455655563263,
    0.40667170322930646,
    0.39433163431759066,
    0.38348469641080796,
    0.37652951481920865,
    0.3640576643205134,
    0.35504774040190257,
    0.3595017208493837,
    0.3498893207815765,
    0.33063260196584365,
    0.32193407466136476,
    0.30959728873408526
  ],
  "train_dice": [
    0.6406581718440244,
    0.7017310425202501,
    0.7198029028179374,
    0.7340943740453978,
    0.7496873097260092,
    0.7547496322745021,
    0.7602780412974958,
    0.7667422531687841,
    0.7756319197210775,
    0.7790196666040693,
    0.7848225816492229,
    0.7901706731253445,
    0.792390191922439,
    0.7958388578817418,
    0.8001085318242711,
    0.8020342916454937,
    0.8042770257492615,
    0.8085252590812715,
    0.8114572738297989,
    0.8144596790885343,
    0.8163575535815206,
    0.8181317684682365,
    0.8206235464807629,
    0.8242652769242124,
    0.8261826450686827,
    0.8275680821983159,
    0.828596399431801,
    0.8327253522701908,
    0.8345865474687043,
    0.8363768216758538
  ],
  "train_fpr": [
    0.5110986232087665,
    0.385306925129934,
    0.337126000842815,
    0.3172239393087946,
    0.30556336049452093,
    0.2996628266366957,
    0.29601011520089915,
    0.27872998033155383,
    0.2648215790952515,
    0.26510255689800505,
    0.2607474009553245,
    0.254811068970361,
    0.2511941556617027,
    0.2466985108176454,
    0.23855015453779152,
    0.24248384377634166,
    0.23588086541163247,
    0.22854333473802502,
    0.22801348693453216,
    0.22798145806995365,
    0.214667041303737,
    0.2212700196684462,
    0.20929905885658098,
    0.1990448096642787,
    0.21101432986794044,
    0.22197246417533015,
    0.20286597358808653,
    0.21480753020511378,
    0.20778308513627425,
    0.20890699634728857
  ],
  "train_fnr": [
    0.023286633850814087,
    0.02897178564665783,
    0.031054724483999242,
    0.029155622870124954,
    0.026694433926542978,
    0.026694433926542978,
    0.024422567209390383,
    0.022718667171525937,
    0.02158273381294964,
    0.020636122680802726,
    0.01893222264293828,
    0.02064003029729218,
    0.019878833775085196,
    0.020636122680802726,
    0.020068156001514577,
    0.01703900037864445,
    0.02025747822794396,
    0.015716720318121567,
    0.015145778114350625,
    0.0166635106987313,
    0.013820522529344945,
    0.015335100340780007,
    0.015338004165877675,
    0.013255065328536262,
    0.014388489208633094,
    0.012305944717909882,
    0.014577811435062477,
    0.012684589170768649,
    0.011927300265051117,
    0.011170011359333586
  ],
  "val_loss": [
    0.6496126977395278,
    0.6367216732919602,
    2.435923843213559,
    1.983035328825122,
    0.9673228596840475,
    1.5371661808667252,
    0.6978516742755873,
    0.850118953825056,
    0.6797893267956753,
    0.6834021008130416,
    0.9305573366401554,
    0.7434827737437869,
    0.812860812051493,
    0.7919215933151519,
    0.8238478257142996,
    1.2073732254888054,
    0.8096968832042997,
    0.7515281216817091,
    0.8611438727325799,
    0.9455843054927572,
    0.9199175378578959,
    1.1886995025762752,
    0.7768812931133705,
    0.98475342362661,
    0.7686418708305336,
    1.6524674597175184,
    0.863077496506973,
    1.0262045672398459,
    0.7300341126771228,
    1.1048015372098263
  ],
  "val_dice": [
    0.7162256427109241,
    0.6951325241940451,
    0.6255839268984363,
    0.6484603689351303,
    0.6966202222564315,
    0.692564470169035,
    0.7622275956843084,
    0.7481289884877244,
    0.7386706188851576,
    0.7442501313957268,
    0.7586203935860527,
    0.7680496104953745,
    0.7355038547544803,
    0.7426230057766571,
    0.7477933000592352,
    0.6945753473001849,
    0.7611081130549456,
    0.7562256486706652,
    0.7650565626250405,
    0.7560588094770523,
    0.7516063023539423,
    0.7659760692720468,
    0.7717644346449946,
    0.7551620608515145,
    0.7783182408528034,
    0.7203648431787213,
    0.7684655151115941,
    0.7543652174711034,
    0.7473183174958169,
    0.7578284668835621
  ],
  "val_fpr": [
    0.3111587982832618,
    0.30579399141630903,
    0.06866952789699571,
    0.046137339055793994,
    0.2778969957081545,
    0.07188841201716738,
    0.2296137339055794,
    0.148068669527897,
    0.1684549356223176,
    0.16952789699570817,
    0.07618025751072961,
    0.157725321888412,
    0.09227467811158799,
    0.194206008583691,
    0.10622317596566523,
    0.07939914163090128,
    0.17703862660944206,
    0.13626609442060086,
    0.10407725321888411,
    0.15450643776824036,
    0.10085836909871244,
    0.09549356223175966,
    0.11051502145922747,
    0.07939914163090128,
    0.12875536480686695,
    0.04721030042918455,
    0.11695278969957082,
    0.055793991416309016,
    0.09871244635193133,
    0.03862660944206009
  ],
  "val_fnr": [
    0.019417475728155338,
    0.025889967637540454,
    0.21197411003236247,
    0.17313915857605178,
    0.04692556634304207,
    0.1407766990291262,
    0.030744336569579287,
    0.07605177993527508,
    0.05501618122977346,
    0.05663430420711974,
    0.07281553398058252,
    0.05177993527508091,
    0.0744336569579288,
    0.04854368932038835,
    0.061488673139158574,
    0.11003236245954692,
    0.038834951456310676,
    0.040453074433656956,
    0.061488673139158574,
    0.07119741100323625,
    0.06796116504854369,
    0.05663430420711974,
    0.059870550161812294,
    0.0825242718446602,
    0.05825242718446602,
    0.09546925566343042,
    0.05501618122977346,
    0.06957928802588997,
    0.045307443365695796,
    0.0889967637540453
  ],
  "train_bce_loss": [
    0.8270199773607466,
    0.7386384485678094,
    0.6799223578884288,
    0.6013002212020087,
    0.5626125817975678,
    0.4976176860471752,
    0.44941004779023114,
    0.4351124148624563,
    0.39413037795109485,
    0.37068891813163957,
    0.32392152558063747,
    0.31522424697992457,
    0.296651973765268,
    0.2685429727521893,
    0.2639223304942265,
    0.24275136601523398,
    0.2470686603229971,
    0.23195449878067553,
    0.21249123201622205,
    0.20643072397081483,
    0.1963908496905541,
    0.18756049710850184,
    0.1832625137525379,
    0.1742798367293574,
    0.1687519600958421,
    0.17467934322033965,
    0.16595657692354407,
    0.1511320255905316,
    0.14408780616605923,
    0.1344652997262565
  ],
  "val_bce_loss": [
    0.3310155807858677,
    0.3021068646584586,
    2.0647711235740522,
    1.6422823381076739,
    0.649902517358022,
    1.2264256171010357,
    0.432875673512666,
    0.5858359680428926,
    0.40786085510927833,
    0.41138546580062957,
    0.6816320774231323,
    0.4925039384731101,
    0.5400553356021986,
    0.5256271359931172,
    0.5646439726689746,
    0.8996304736702859,
    0.5589451390879174,
    0.49881511192782374,
    0.6162337468336879,
    0.6960177108390003,
    0.6627863800011102,
    0.9472841225661681,
    0.5394917482001221,
    0.734377914719799,
    0.5398348733665222,
    1.3720569170967745,
    0.6235384983602086,
    0.7735878631211124,
    0.46654629835883055,
    0.8594794870656765
  ],