{
  "dice": 0.7757657358036177,
  "hd95_mean": 21.489643096923828,
  "hd95_median": 6.0,
  "hd95_count": 605,
  "fpr": 0.20348204570184983,
  "fnr": 0.04120443740095087,
  "selected_threshold": 0.5
}