{
  "thresholds": [
    0.5,
    0.55,
    0.6,
    0.65,
    0.7
  ],
  "val_dice_by_threshold": {
    "0.50": 0.7783182408528034,
    "0.55": 0.7792434685993156,
    "0.60": 0.7798452347601406,
    "0.65": 0.7806999074373527,
    "0.70": 0.7812549522369617
  },
  "best_threshold": 0.7,
  "best_val_dice": 0.7812549522369617
}