{
  "selected_threshold": 0.7,
  "dice": 0.7771105732939984,
  "hd95_median": 5.656854152679443,
  "fnr": 0.04754358161648178,
  "fpr": 0.18498367791077258
}