{
  "dice": 0.7757657358036177,
  "hd95_mean": 20.921201705932617,
  "hd95_median": 5.656854152679443,
  "hd95_count": 601,
  "fpr": 0.18498367791077258,
  "fnr": 0.04754358161648178
}