{
  "dice": 0.7785062403779731,
  "hd95_mean": 21.02488136291504,
  "hd95_median": 6.538881778717041,
  "hd95_count": 610,
  "fpr": 0.20674646354733406,
  "fnr": 0.03328050713153724
}