{
  "dice": 0.7785062403779731,
  "hd95_mean": 22.28291893005371,
  "hd95_median": 7.713011264801025,
  "hd95_count": 618,
  "fpr": 0.24156692056583243,
  "fnr": 0.020602218700475437,
  "selected_threshold": 0.5
}