{
  "thresholds": [
    0.5,
    0.55,
    0.6,
    0.65,
    0.7
  ],
  "val_dice_by_threshold": {
    "0.50": 0.7734192673261594,
    "0.55": 0.7743993470276492,
    "0.60": 0.7751463335127988,
    "0.65": 0.775604560730141,
    "0.70": 0.7761547958635059
  },
  "best_threshold": 0.7,
  "best_val_dice": 0.7761547958635059
}