{
  "train_loss": [
    1.238196622950632,
    1.0959290595670872,
    1.026407483678055,
    0.9376012321909983,
    0.862454421668737,
    0.8010090345566876,
    0.7049006734555393,
    0.6798551829601611,
    0.6307798811093125,
    0.5917676537432022,
    0.5596449400053695,
    0.5435602987585014,
    0.5147974748574888,
    0.49397574783158615,
    0.4933360156746682,
    0.4710787132591156,
    0.45723879585428384,
    0.4509295641766584,
    0.44535193127530265,
    0.44225624275267894,
    0.4156025204255991,
    0.40731960831972425,
    0.3979973966733259,
    0.39194943801567256,
    0.38193757042206966,
    0.36942658861848676,
    0.36535386442334106,
    0.3589349558555078,
    0.34935103256457845,
    0.34900901472038703
  ],
  "train_dice": [
    0.6362893616503565,
    0.692029319623177,
    0.7122743975479051,
    0.7302444017519035,
    0.7416572984770315,
    0.7519013531766927,
    0.7582767458986286,
    0.7620635361421522,
    0.769110088057092,
    0.7725715808260855,
    0.7751316624423135,
    0.7792652200366872,
    0.7855323852831197,
    0.7873603642723512,
    0.7907858480858401,
    0.7928962030182481,
    0.794590914928173,
    0.7964432847722082,
    0.7983075269606896,
    0.801635307615407,
    0.8042411282530304,
    0.8067812042013558,
    0.8085442116218773,
    0.8105857758100445,
    0.8142361837463571,
    0.8154781714196548,
    0.8195278034086168,
    0.8216236842867087,
    0.8216727584038057,
    0.8232591714772062
  ],
  "train_fpr": [
    0.513133867116168,
    0.41458274796291095,
    0.3497682258744206,
    0.30598482719865133,
    0.29221691486372575,
    0.28772127001966846,
    0.2815397583590896,
    0.2790109581343074,
    0.27170553526271424,
    0.2835066029783647,
    0.29049023739289226,
    0.2778870469232931,
    0.29235740376510255,
    0.28238269176735037,
    0.2690362461365552,
    0.27058162405169994,
    0.2594830008429334,
    0.28392806968249507,
    0.2967125597077831,
    0.2742343354874965,
    0.2648215790952515,
    0.27381286878336614,
    0.2739533576847429,
    0.2724079797695982,
    0.25568980050576007,
    0.27184602416409104,
    0.26524304579938185,
    0.2579376229277887,
    0.2722292456805731,
    0.25892104523742626
  ],
  "train_fnr": [
    0.01836773338382882,
    0.024043922756531617,
    0.030865366407877296,
    0.03426732298371829,
    0.03369935630443014,
    0.03161681181370693,
    0.03313138962514199,
    0.027830367285119274,
    0.03237410071942446,
    0.029344945096554335,
    0.028024995266048097,
    0.025179856115107913,
    0.024611889435819764,
    0.023097311624384703,
    0.023475956077243468,
    0.023854600530102233,
    0.02158273381294964,
    0.023475956077243468,
    0.01836425596365013,
    0.022150700492237788,
    0.021772056039379022,
    0.01836425596365013,
    0.0176069670579326,
    0.017796289284361985,
    0.019121544869367665,
    0.017228322605073836,
    0.015335100340780007,
    0.015145778114350625,
    0.015148646089755729,
    0.01609238924649754
  ],
  "val_loss": [
    0.6995521305207296,
    0.7957814538483674,
    1.2251392855372243,
    0.7647493598699376,
    0.7157163672800203,
    0.8363767160663327,
    0.7722441848114278,
    0.7636308626280827,
    0.8615312356875552,
    0.8452954515091424,
    0.7571898480593965,
    0.7196545616624136,
    1.0282891672225156,
    1.4346862956519844,
    0.7629233938867895,
    0.853696712229437,
    0.7548208112879672,
    0.7810806138109427,
    0.8839498914440665,
    0.9220597596965658,
    0.9225233852995928,
    1.0323136073799388,
    0.9998152734814242,
    1.021600901525962,
    0.9949764053376458,
    0.9603200306916989,
    1.1912489901492704,
    0.8285126264800821,
    1.230006166875459,
    1.0717914239307533
  ],
  "val_dice": [
    0.5963596987996166,
    0.7193582230142067,
    0.6888877882570944,
    0.7170056265245364,
    0.7117639480936295,
    0.7230804049346632,
    0.707706946964017,
    0.714654943321057,
    0.726780066260628,
    0.7514344772329994,
    0.7114648825299104,
    0.7389775912449198,
    0.7215356672827673,
    0.6990219857634127,
    0.7500986066559469,
    0.7340225599055151,
    0.7545042642117945,
    0.7545902408165164,
    0.7465296751189627,
    0.748320580235589,
    0.7647471290720705,
    0.7471908107671199,
    0.7385355282385011,
    0.7591202714296607,
    0.7448985646132223,
    0.7526247471353962,
    0.7323066864681089,
    0.7734192673261594,
    0.7308534133040065,
    0.7562192136536331
  ],
  "val_fpr": [
    0.3261802575107296,
    0.25643776824034337,
    0.16201716738197425,
    0.2532188841201717,
    0.22103004291845493,
    0.1298283261802575,
    0.22639484978540772,
    0.23927038626609443,
    0.21888412017167383,
    0.157725321888412,
    0.24141630901287553,
    0.20064377682403434,
    0.11587982832618025,
    0.04721030042918455,
    0.15987124463519314,
    0.08583690987124463,
    0.13412017167381973,
    0.24570815450643776,
    0.08476394849785408,
    0.12017167381974249,
    0.1223175965665236,
    0.05257510729613734,
    0.07725321888412018,
    0.11695278969957082,
    0.15987124463519314,
    0.11802575107296137,
    0.0815450643776824,
    0.2145922746781116,
    0.11373390557939914,
    0.1555793991416309
  ],
  "val_fnr": [
    0.030744336569579287,
    0.06957928802588997,
    0.08414239482200647,
    0.06310679611650485,
    0.0744336569579288,
    0.09870550161812297,
    0.061488673139158574,
    0.06310679611650485,
    0.07928802588996764,
    0.06796116504854369,
    0.042071197411003236,
    0.061488673139158574,
    0.11488673139158576,
    0.1343042071197411,
    0.04854368932038835,
    0.0970873786407767,
    0.05501618122977346,
    0.01779935275080906,
    0.06472491909385113,
    0.05663430420711974,
    0.04692556634304207,
    0.08576051779935275,
    0.07119741100323625,
    0.061488673139158574,
    0.06310679611650485,
    0.04692556634304207,
    0.0889967637540453,
    0.02750809061488673,
    0.08737864077669903,
    0.05663430420711974
  ],
  "train_bce_loss": [
    0.8037556443810308,
    0.758214135763016,
    0.7135200100503665,
    0.6454102563931752,
    0.5821957006649474,
    0.5314793339249219,
    0.442936409058244,
    0.421780681208728,
    0.37950137216885726,
    0.3441052456605333,
    0.3157769153122112,
    0.3033998132578779,
    0.2807314312182706,
    0.2630951721470701,
    0.2658642565074953,
    0.24637179217405866,
    0.23426062918523544,
    0.23053798390466357,
    0.22697781734678535,
    0.2275908351850716,
    0.20394896150099212,
    0.19851750708565546,
    0.19137208039624354,
    0.18676773171304326,
    0.18117035465920292,
    0.1701333704791776,
    0.17018143446294676,
    0.16642548873121257,
    0.15686821753904348,
    0.1586158342519365
  ],
  "val_bce_loss": [
    0.2638661774420888,
    0.49764197100930424,
    0.9039281522779813,
    0.46186413981614205,
    0.41105716476822723,
    0.5500345646311803,
    0.4684798188374188,
    0.46559949268505557,
    0.576914000982708,
    0.5782745020647916,
    0.45155375116485136,
    0.441459677318521,
    0.743051474365032,
    1.1325016676653237,
    0.49216473487380613,
    0.5766020908199769,
    0.4980154505514157,
    0.5166184447779588,
    0.6211227277059463,
    0.6596989379410216,
    0.6771478409058351,
    0.7722585691383235,
    0.7331167283118702,
    0.7727177230065574,
    0.7319708437346899,
    0.7038729766859977,
    0.9155023606491431,
    0.5894234792342934,
    0.9558757632299444,
    0.8206126481182737
  ],