{
  "selected_threshold": 0.7,
  "dice": 0.7787615166129854,
  "hd95_median": 6.538881778717041,
  "fnr": 0.03328050713153724,
  "fpr": 0.20674646354733406
}