{
  "thresholds": [
    0.5,
    0.55,
    0.6,
    0.65,
    0.7
  ],
  "val_dice_by_threshold": {
    "0.50": 0.830310563352951,
    "0.55": 0.8292911633430324,
    "0.60": 0.8282576430831435,
    "0.65": 0.8270669821870221,
    "0.70": 0.8259261895037262
  },
  "best_threshold": 0.5,
  "best_val_dice": 0.830310563352951
}