{
  "dice": 0.8234356696422571,
  "hd95_mean": 6.651279926300049,
  "hd95_median": 4.015388488769531,
  "hd95_count": 606,
  "fpr": 0.2631578947368421,
  "fnr": 0.050156739811912224,
  "selected_threshold": 0.5
}