{
  "dice": 0.8234356696422571,
  "hd95_mean": 6.491193771362305,
  "hd95_median": 4.0,
  "hd95_count": 604,
  "fpr": 0.24890350877192982,
  "fnr": 0.05329153605015674
}