{
  "train_loss": [
    0.4640758527152777,
    0.3490453424458341,
    0.3198129026931951,
    0.30374258467985876,
    0.2901694875480884,
    0.27958361863039133,
    0.2692884885303746,
    0.25979177869385595,
    0.25310350840995804,
    0.24289608996449671,
    0.24020394874960388,
    0.23530962720880627,
    0.2288616656895557,
    0.22636438911585413,
    0.22077956265829654,
    0.21857951987255655,
    0.2149115624758874,
    0.21269373117935703,
    0.2116106955284626,
    0.2069367123840607,
    0.2051986998992102,
    0.2014718708026198,
    0.20116996722542194,
    0.1996254045188322,
    0.19674389545039853,
    0.19214813550843104,
    0.19186442005535492,
    0.19088202335084023,
    0.18806381078680368,
    0.18555905277682444
  ],
  "train_dice": [
    0.6506610630097275,
    0.6992057864733677,
    0.722237429900586,
    0.7342840642159104,
    0.74557441596637,
    0.7539761288528143,
    0.7628822528020405,
    0.7710583199980922,
    0.7761034667099307,
    0.7847623197390157,
    0.786946391009484,
    0.7910707931725927,
    0.7966368875003997,
    0.7988534317464285,
    0.8034469074407864,
    0.8048844723596058,
    0.8082464064492102,
    0.8098087364443651,
    0.8104132909917292,
    0.8148150752405657,
    0.8159953527892568,
    0.8191980365944329,
    0.8193764375382998,
    0.8209354814720604,
    0.8234626093395827,
    0.8278128118247412,
    0.8275720783529719,
    0.8284409811016521,
    0.8310127085319273,
    0.8332156469034859
  ],
  "train_fpr": [
    0.3560647639956092,
    0.31695938529088913,
    0.3170965971459934,
    0.31833150384193193,
    0.33136663007683864,
    0.31133369923161364,
    0.32779912184412735,
    0.32752469813391877,
    0.34865532381997805,
    0.3389132821075741,
    0.3376783754116356,
    0.31407793633369924,
    0.3240499382631362,
    0.3239571899012075,
    0.3158616904500549,
    0.33068057080131724,
    0.3239571899012075,
    0.31842502400878037,
    0.3048847420417124,
    0.31380351262349065,
    0.3225850713501647,
    0.30968715697036225,
    0.30749176728869376,
    0.33122941822173435,
    0.2977497255762898,
    0.3223106476399561,
    0.31243139407244785,
    0.28220606393195224,
    0.28937980241492867,
    0.32144327068184936
  ],
  "train_fnr": [
    0.04910015649452269,
    0.04401408450704225,
    0.04107981220657277,
    0.03814553990610329,
    0.03442879499217527,
    0.035211267605633804,
    0.03403755868544601,
    0.029342723004694836,
    0.028169014084507043,
    0.028364632237871674,
    0.024256651017214397,
    0.02621283255086072,
    0.025239679123459206,
    0.02269170579029734,
    0.02445226917057903,
    0.02190923317683881,
    0.019561815336463225,
    0.019956955585991,
    0.02171361502347418,
    0.02171361502347418,
    0.021517996870109544,
    0.01936619718309859,
    0.020735524256651018,
    0.01995305164319249,
    0.01936619718309859,
    0.014671361502347418,
    0.017996870109546165,
    0.01936998630405009,
    0.017801251956181534,
    0.01486988847583643
  ],
  "val_loss": [
    0.23742888186997652,
    0.2487775273717521,
    0.23808008201624206,
    0.2674024472090267,
    0.21095944096516134,
    0.3979494756848149,
    0.21794926468696246,
    0.25931313185616445,
    0.25732423660356396,
    0.24928369895229943,
    0.20705952449045942,
    0.23296583786926414,
    0.25417990090336495,
    0.2148905920757521,
    0.23804472497052695,
    0.20000437256114106,
    0.22089352668951867,
    0.24418832430582957,
    0.21728953898239595,
    0.2726057839425578,
    0.2707924530676087,
    0.24106654098406213,
    0.25875204362901005,
    0.20730473204741817,
    0.19651495750728973,
    0.32706811655445034,
    0.20690236988714372,
    0.19311120669693638,
    0.1977950195897613,
    0.2454929381523546
  ],
  "val_dice": [
    0.798127438531384,
    0.7918157404758444,
    0.7870033435088158,
    0.7572754848329626,
    0.8105990489636211,
    0.6504384391648714,
    0.8034366921097393,
    0.7758307171153379,
    0.7805099344630477,
    0.7818289376001739,
    0.8165593396751045,
    0.7982572810228407,
    0.7780139781920427,
    0.8155082141837249,
    0.7934833044329515,
    0.8278770991793928,
    0.8109906482559865,
    0.7894342622372525,
    0.81076854980446,
    0.7727636155677882,
    0.7694072078006926,
    0.7918414452826857,
    0.7755806762725115,
    0.8186283559764366,
    0.8280493223146926,
    0.7161653650588405,
    0.8209104681464695,
    0.830310563352951,
    0.8299844805041009,
    0.7928398067748846
  ],
  "val_fpr": [
    0.33981693363844395,
    0.34553775743707094,
    0.16018306636155608,
    0.12471395881006865,
    0.15446224256292906,
    0.04805491990846682,
    0.15789473684210525,
    0.19107551487414187,
    0.12128146453089245,
    0.08810068649885583,
    0.2116704805491991,
    0.08123569794050343,
    0.09725400457665904,
    0.2128146453089245,
    0.09153318077803203,
    0.2471395881006865,
    0.06064073226544622,
    0.10526315789473684,
    0.15560640732265446,
    0.06407322654462243,
    0.06750572082379863,
    0.09725400457665904,
    0.14073226544622425,
    0.21967963386727687,
    0.12128146453089245,
    0.043478260869565216,
    0.10983981693363844,
    0.12585812356979406,
    0.2128146453089245,
    0.18764302059496568
  ],
  "val_fnr": [
    0.03254437869822485,
    0.014792899408284023,
    0.060650887573964495,
    0.07248520710059171,
    0.05917159763313609,
    0.15236686390532544,
    0.051775147928994084,
    0.05473372781065089,
    0.05325443786982249,
    0.051775147928994084,
    0.034023668639053255,
    0.057692307692307696,
    0.07396449704142012,
    0.01775147928994083,
    0.051775147928994084,
    0.019230769230769232,
    0.05325443786982249,
    0.04142011834319527,
    0.042899408284023666,
    0.07544378698224852,
    0.07248520710059171,
    0.04437869822485207,
    0.03550295857988166,
    0.028106508875739646,
    0.02514792899408284,
    0.11094674556213018,
    0.029585798816568046,
    0.034023668639053255,
    0.01775147928994083,
    0.03106508875739645
  ],
  "train_bce_loss": [
    0.06460591342660627,
    0.04344456130503931,
    0.038571769162009446,
    0.03500228710160082,
    0.033221331922631436,
    0.03121336081736197,
    0.029892284649914374,
    0.02850292945684082,
    0.027338152812306827,
    0.025955762791776284,
    0.025547853345634395,
    0.02484048400539865,
    0.024096925911969578,
    0.023726434094317544,
    0.02303524317315682,
    0.022460531548249677,
    0.022159945529514977,
    0.021889169442748716,
    0.02131842492773887,
    0.0211156859152699,
    0.020449134325145408,
    0.020145406729953467,
    0.02014199494643408,
    0.020028197769094216,
    0.019742367779262977,
    0.019384009893182223,
    0.019273708635772945,
    0.019050250018949354,
    0.01871790479117052,
    0.0185939405726615
  ],
  "val_bce_loss": [
    0.027221117567507957,
    0.03838824501256637,
    0.024336613760804742,
    0.026476647134021456,
    0.021618934210929565,
    0.05248786565983226,
    0.022416119680362966,
    0.035350133194186006,
    0.03881864636802282,
    0.03384579731911433,
    0.025321533047585863,
    0.03196688888508144,
    0.03436510497215497,
    0.03150955002987241,
    0.03342522978199716,
    0.0283986281256955,
    0.033759067385973576,
    0.034019968054225816,
    0.02966866881542525,
    0.04599370534980643,
    0.042209985535268085,
    0.03479836939178964,
    0.03718548105216703,
    0.02728532328284239,
    0.025873023002074697,
    0.04592728269392881,
    0.02896219647799728,
    0.025531009902865744,
    0.029452661279859828,
    0.038544332049429704
  ],