{
  "selected_threshold": 0.5,
  "dice": 0.8234356696422571,
  "hd95_median": 4.015388488769531,
  "fnr": 0.050156739811912224,
  "fpr": 0.2631578947368421
}