{
  "selected_threshold": 0.5,
  "dice": 0.763488885353912,
  "hd95_median": 10.80970573425293,
  "fnr": 0.050156739811912224,
  "fpr": 0.3201754385964912
}