{
  "dice": 0.763488885353912,
  "hd95_mean": 17.436885833740234,
  "hd95_median": 9.421159744262695,
  "hd95_count": 598,
  "fpr": 0.2741228070175439,
  "fnr": 0.06269592476489028
}