{
  "thresholds": [
    0.5,
    0.55,
    0.6,
    0.65,
    0.7
  ],
  "val_dice_by_threshold": {
    "0.50": 0.814606647054009,
    "0.55": 0.8116368444287907,
    "0.60": 0.8088001540452848,
    "0.65": 0.8051143481620703,
    "0.70": 0.8009978719827162
  },
  "best_threshold": 0.5,
  "best_val_dice": 0.814606647054009
}