{
  "train_loss": [
    0.47193413904194403,
    0.3606990456445571,
    0.3329699152223788,
    0.3097221871630203,
    0.288342726770209,
    0.3009860002636367,
    0.32045791521362366,
    0.3119582354440172,
    0.29054645497065434,
    0.2896859772420284,
    0.29021314967578926,
    0.2858484068167361,
    0.27504126305332854,
    0.2663991901148173,
    0.2674123894703919,
    0.2691451482656294,
    0.2629309968239174,
    0.262935132548108,
    0.2552156573490571,
    0.2564649407233809,
    0.2512635194574946,
    0.25438707348783074,
    0.2565410853185181,
    0.253016078826809,
    0.24613953166211439,
    0.2375297329489853,
    0.23819187289237614,
    0.23813429834822972,
    0.2402247933066275,
    0.23108766924038113
  ],
  "train_dice": [
    0.649518013267952,
    0.692798664704421,
    0.7166732196378859,
    0.7349908332804486,
    0.7509929693825924,
    0.7458376375612289,
    0.7296581439388692,
    0.733898367856466,
    0.7516333444047274,
    0.7511750123280623,
    0.7488894912954898,
    0.7522376977728311,
    0.7605785502091692,
    0.7679339125903691,
    0.766467840010355,
    0.7649397411070453,
    0.7690885995193011,
    0.7685493614501461,
    0.7753443491727703,
    0.7746984832702382,
    0.7782407362156004,
    0.7756222440524905,
    0.7737670913473503,
    0.776447216903445,
    0.78176777127921,
    0.7892410532419799,
    0.7884630484193436,
    0.7879418278544138,
    0.7868582545108623,
    0.7943489646669926
  ],
  "train_fpr": [
    0.4179562247316325,
    0.3941717791411043,
    0.3768297783354245,
    0.3897407304153889,
    0.37892095357590966,
    0.2637669036665273,
    0.0854712771890686,
    0.08881762409369771,
    0.08782936010037641,
    0.08336818625400809,
    0.06538407918583578,
    0.07443546138834681,
    0.07917479788123781,
    0.07583995538826153,
    0.07736269863395595,
    0.06120172870486547,
    0.05924170616113744,
    0.056879966541196154,
    0.0644081974069427,
    0.06622054928202983,
    0.07235466332078629,
    0.06467800390298299,
    0.05590408476230308,
    0.056461731493099125,
    0.059110553464380315,
    0.0780814277746793,
    0.06412937404154469,
    0.06357172731074864,
    0.06468702077234072,
    0.0766764254844556
  ],
  "train_fnr": [
    0.041087849735863824,
    0.02992957746478873,
    0.026022304832713755,
    0.02583170254403131,
    0.022500489141068284,
    0.05478379964781843,
    0.12030516431924883,
    0.11756651017214398,
    0.10369790647622774,
    0.10800234787712776,
    0.119741733515946,
    0.11448140900195694,
    0.10469667318982387,
    0.10056740363920955,
    0.10117416829745597,
    0.11152416356877323,
    0.10939334637964775,
    0.1113285071414596,
    0.09802387008413227,
    0.09880649579338681,
    0.09684993152025044,
    0.10939334637964775,
    0.11074153785951868,
    0.10937194286832322,
    0.09802387008413227,
    0.08705007824726134,
    0.0913715515554686,
    0.0950890236744277,
    0.0945020543924868,
    0.08021913519859128
  ],
  "val_loss": [
    0.26801210119438595,
    0.24497392733950588,
    0.24489159558034507,
    0.21370274294718836,
    0.309685409509924,
    0.34511369389630636,
    0.39488578308924766,
    0.28537505855177636,
    0.30165372107773136,
    0.2910693886761482,
    0.25881202382272517,
    0.35361707208336457,
    0.3418134665281991,
    0.3131510421479418,
    0.37953960113006935,
    0.323398954064183,
    0.32102142358143654,
    0.31522475468468736,
    0.29028484763125695,
    0.30902528497197573,
    0.3584658832305811,
    0.3435424919399989,
    0.2981892559765535,
    0.3003287142440236,
    0.32152033166287564,
    0.32156192260028343,
    0.2861285823006073,
    0.33743111443149265,
    0.2781670733338453,
    0.29876970851342
  ],
  "val_dice": [
    0.7778220277654349,
    0.78895267070486,
    0.7929860580844815,
    0.814606647054009,
    0.7296164203180309,
    0.7367363345737641,
    0.7113370138534604,
    0.7735170930535835,
    0.7570206377897742,
    0.7768539633359429,
    0.7861517662920895,
    0.7317437268917576,
    0.7411945140572711,
    0.7636896353325194,
    0.7204896501236535,
    0.7373889392825979,
    0.748335243175192,
    0.751410505607636,
    0.7666997335101726,
    0.7496365196989111,
    0.7407829313588565,
    0.7580124148051943,
    0.7776993889053015,
    0.7635048095291183,
    0.7580499872179515,
    0.7667105321348067,
    0.7810661619936926,
    0.7430213672665538,
    0.7905998612208479,
    0.7648118133959774
  ],
  "val_fpr": [
    0.36481700118063753,
    0.23494687131050768,
    0.19834710743801653,
    0.18772136953955135,
    0.09799291617473435,
    0.012987012987012988,
    0.008264462809917356,
    0.0059031877213695395,
    0.015348288075560802,
    0.018890200708382526,
    0.01652892561983471,
    0.01652892561983471,
    0.0,
    0.009445100354191263,
    0.0023612750885478157,
    0.0,
    0.0011806375442739079,
    0.012987012987012988,
    0.009445100354191263,
    0.0023612750885478157,
    0.011806375442739079,
    0.004722550177095631,
    0.011806375442739079,
    0.02243211334120425,
    0.020070838252656435,
    0.020070838252656435,
    0.012987012987012988,
    0.0059031877213695395,
    0.021251475796930343,
    0.014167650531286895
  ],
  "val_fnr": [
    0.023668639053254437,
    0.047337278106508875,
    0.03106508875739645,
    0.03994082840236687,
    0.0621301775147929,
    0.15384615384615385,
    0.1834319526627219,
    0.13165680473372782,
    0.11538461538461539,
    0.10355029585798817,
    0.11982248520710059,
    0.16568047337278108,
    0.16124260355029585,
    0.11982248520710059,
    0.1760355029585799,
    0.16715976331360946,
    0.16272189349112426,
    0.1227810650887574,
    0.1242603550295858,
    0.15236686390532544,
    0.14053254437869822,
    0.13757396449704143,
    0.09615384615384616,
    0.11538461538461539,
    0.11094674556213018,
    0.10502958579881656,
    0.11094674556213018,
    0.1390532544378698,
    0.09467455621301775,
    0.1242603550295858
  ]
}