{
  "dice": 0.7335873309481541,
  "hd95_mean": 25.19741439819336,
  "hd95_median": 7.52275276184082,
  "hd95_count": 614,
  "fpr": 0.31991294885745375,
  "fnr": 0.02694136291600634,
  "selected_threshold": 0.5
}