{
  "train_loss": [
    0.44602761050177286,
    0.3265402439307451,
    0.30112097498690443,
    0.288300986411258,
    0.27676197107625994,
    0.2691295934644969,
    0.26686222568459017,
    0.2583494360235318,
    0.2546680142784922,
    0.24742729534366475,
    0.2684846151252629,
    0.28394238085975104,
    0.2778121700848212,
    0.2747097600326196,
    0.27165154615591325,
    0.27372353290627677,
    0.26117713249470814,
    0.25844289159874084,
    0.2572267099386959,
    0.2610247891818747,
    0.2513494659980441,
    0.24472314479349294,
    0.24823973010957456,
    0.24333740606486504,
    0.2385858518795443,
    0.23555986912669286,
    0.2343153163592519,
    0.2342666332408594,
    0.2301454373642935,
    0.22929238998752535
  ],
  "train_dice": [
    0.6775437628955844,
    0.7239760890601655,
    0.7429116240804325,
    0.7520815748206506,
    0.7616495690962218,
    0.767998336809429,
    0.7682939369131137,
    0.7760300038778514,
    0.7781215408213566,
    0.7841882934326229,
    0.7756926224636127,
    0.764500215837033,
    0.7661444678647314,
    0.7670925110042524,
    0.7694635360661453,
    0.7670467039115306,
    0.7753157984507766,
    0.778324000639066,
    0.77843342769915,
    0.7749820863902117,
    0.7814659055535139,
    0.7883483132302327,
    0.7843704296869995,
    0.7892016706694114,
    0.7922896286230238,
    0.7947671172050044,
    0.7952283904728387,
    0.7957237363809354,
    0.7983478572492694,
    0.7986962747570044
  ],
  "train_fpr": [
    0.46495294282904903,
    0.3982860354032031,
    0.3444303975277427,
    0.3241078954762574,
    0.30556336049452093,
    0.3138522056757516,
    0.2932003371733633,
    0.288002247822422,
    0.2746558021916269,
    0.2809778027535825,
    0.22264362972327575,
    0.09370609721831975,
    0.09159876369766788,
    0.08274796291093003,
    0.07670694015172802,
    0.06293902781680247,
    0.0657488058443383,
    0.07502107333520652,
    0.06926102837875808,
    0.058021916268614776,
    0.05844338297274515,
    0.07094689519527957,
    0.0608316942961506,
    0.06490587243607755,
    0.06841809497049733,
    0.067294183759483,
    0.059988760887889854,
    0.06546782804158471,
    0.07304396684927658,
    0.06420342792919359
  ],
  "train_fnr": [
    0.033516379473584546,
    0.03218477849299508,
    0.033516379473584546,
    0.03767512305944718,
    0.03294206739871261,
    0.0308595229079894,
    0.03616054524801212,
    0.030670200681560015,
    0.03691783415372965,
    0.03161681181370693,
    0.04923309979170612,
    0.08652025747822795,
    0.09219992427110943,
    0.09163195759182129,
    0.09541840212040893,
    0.10564180234759561,
    0.09863687996970845,
    0.08973873532752745,
    0.09163195759182129,
    0.10431654676258993,
    0.10053010223400227,
    0.0836804240817872,
    0.09503975766755017,
    0.08822415751609239,
    0.0848163574403635,
    0.08443771298750473,
    0.08292313517606967,
    0.08670957970465733,
    0.07839424351448589,
    0.08462703521393411
  ],
  "val_loss": [
    0.3440884956637922,
    0.28478857804945756,
    0.29112927341369554,
    0.34516170643221794,
    0.29332657172239135,
    0.30873004223512407,
    0.3873304946100924,
    0.35962282021719855,
    0.2869822989281231,
    0.3045863956544536,
    0.3440340754446426,
    0.32411789561962423,
    0.33318999564594626,
    0.3384959101104283,
    0.37548358852351177,
    0.32860698899658075,
    0.32764003633199,
    0.3132112432138627,
    0.34530747820801044,
    0.40092727388210087,
    0.3583015437662891,
    0.3383182087991519,
    0.34236802017575424,
    0.3001149976987717,
    0.3142725532350031,
    0.31245673165738,
    0.3243054571685089,
    0.31124867460898403,
    0.3459724410886132,
    0.3142111258744036
  ],
  "val_dice": [
    0.6913121169294354,
    0.7475399251991105,
    0.7372432045071932,
    0.6879043818532842,
    0.7455885157254328,
    0.717474999924983,
    0.6453923742530994,
    0.6907833939641231,
    0.7448909392272963,
    0.7222952256250439,
    0.7212344558011367,
    0.7266452524895421,
    0.7170025867901284,
    0.7139824632748142,
    0.6907359404085524,
    0.7178004858337198,
    0.7219723328996245,
    0.7296807395119498,
    0.7063208053123604,
    0.666056037961858,
    0.6984414262486122,
    0.7138292985820607,
    0.710747332779335,
    0.7416652234144581,
    0.7308432273446164,
    0.7273809499074148,
    0.7213056145483043,
    0.7309422439211395,
    0.7080272095078982,
    0.730182149914669
  ],
  "val_fpr": [
    0.2296137339055794,
    0.27253218884120173,
    0.25643776824034337,
    0.18562231759656653,
    0.3594420600858369,
    0.03111587982832618,
    0.05257510729613734,
    0.2832618025751073,
    0.19098712446351931,
    0.1427038626609442,
    0.017167381974248927,
    0.006437768240343348,
    0.00536480686695279,
    0.011802575107296138,
    0.001072961373390558,
    0.001072961373390558,
    0.015021459227467811,
    0.045064377682403435,
    0.001072961373390558,
    0.0,
    0.003218884120171674,
    0.009656652360515022,
    0.002145922746781116,
    0.009656652360515022,
    0.002145922746781116,
    0.012875536480686695,
    0.0075107296137339056,
    0.001072961373390558,
    0.011802575107296138,
    0.003218884120171674
  ],
  "val_fnr": [
    0.09223300970873786,
    0.04692556634304207,
    0.04854368932038835,
    0.09870550161812297,
    0.012944983818770227,
    0.11488673139158576,
    0.12459546925566344,
    0.03559870550161812,
    0.040453074433656956,
    0.043689320388349516,
    0.13268608414239483,
    0.14724919093851133,
    0.14724919093851133,
    0.16666666666666666,
    0.18122977346278318,
    0.16828478964401294,
    0.14563106796116504,
    0.13106796116504854,
    0.18770226537216828,
    0.21359223300970873,
    0.18122977346278318,
    0.1553398058252427,
    0.1553398058252427,
    0.13754045307443366,
    0.1423948220064725,
    0.1343042071197411,
    0.15857605177993528,
    0.15210355987055016,
    0.16828478964401294,
    0.15857605177993528
  ],
  "train_bce_loss": [
    0.057112011410108215,
    0.03727247469087209,
    0.03296829854912541,
    0.030618637635770666,
    0.02938703075809484,
    0.02868020222366881,
    0.027542883203571115,
    0.026496578340831512,
    0.025508790599001498,
    0.02464617244707062,
    0.03831184489528935,
    0.04309312876880177,
    0.038599456691435004,
    0.036504297143496615,
    0.036027202275459115,
    0.0359083179628497,
    0.031778815099576314,
    0.03196658209199967,
    0.03084125822779907,
    0.03143754306946931,
    0.028151700566541732,
    0.02846496761547291,
    0.028075980240492248,
    0.028131326264206984,
    0.026295685074818217,
    0.025992986303392696,
    0.025312757575968434,
    0.02559566525095978,
    0.024240290718160064,
    0.02376814885750404
  ],
  "val_bce_loss": [
    0.029335384176278106,
    0.024137954142292764,
    0.021404790600104723,
    0.030868655691450027,
    0.027854019676901785,
    0.025106675050367937,
    0.03246460187983169,
    0.046358048888878414,
    0.027170335509457164,
    0.025574322491993488,
    0.061518400587091786,
    0.045426174674091206,
    0.045223572670066166,
    0.04793069303423034,
    0.06309377971042361,
    0.042664219299406655,
    0.04563857061927083,
    0.03914612813168552,
    0.04808842053218341,
    0.0647262319048202,
    0.052780131736324204,
    0.04796051098405637,
    0.04967648252303423,
    0.036232112389032255,
    0.040938848062775555,
    0.03701220944583714,
    0.04173946800972501,
    0.037388858031099106,
    0.050099539296049024,
    0.04156506686165483
  ],