{
  "dice": 0.7335873309481541,
  "hd95_mean": 24.479089736938477,
  "hd95_median": 7.127081871032715,
  "hd95_count": 610,
  "fpr": 0.2883569096844396,
  "fnr": 0.03328050713153724
}