{
  "thresholds": [
    0.5,
    0.55,
    0.6,
    0.65,
    0.7
  ],
  "val_dice_by_threshold": {
    "0.50": 0.7475399251991105,
    "0.55": 0.7477023094458487,
    "0.60": 0.7474870340820269,
    "0.65": 0.7475377057941215,
    "0.70": 0.7472639814453218
  },
  "best_threshold": 0.55,
  "best_val_dice": 0.7477023094458487
}