{
  "selected_threshold": 0.55,
  "dice": 0.7327803191854345,
  "hd95_median": 7.231804847717285,
  "fnr": 0.028526148969889066,
  "fpr": 0.31120783460282914
}