{
  "dice": 0.7586904089847363,
  "hd95_mean": 15.006587982177734,
  "hd95_median": 4.123105525970459,
  "hd95_count": 722,
  "fpr": 0.14987405541561713,
  "fnr": 0.04497354497354497,
  "selected_threshold": 0.5
}