{
  "thresholds": [
    0.5,
    0.55,
    0.6,
    0.65,
    0.7
  ],
  "val_dice_by_threshold": {
    "0.50": 0.7861297787306433,
    "0.55": 0.7861505711220332,
    "0.60": 0.7861525935632976,
    "0.65": 0.786211966497139,
    "0.70": 0.7862439634506604
  },
  "best_threshold": 0.7,
  "best_val_dice": 0.7862439634506604
}