{
  "selected_threshold": 0.7,
  "dice": 0.7585867910335461,
  "hd95_median": 4.123105525970459,
  "fnr": 0.04497354497354497,
  "fpr": 0.14987405541561713
}