{
  "train_loss": [
    0.39029895856729213,
    0.30432200620460587,
    0.29485986535036623,
    0.28299936660235103,
    0.26885188987751074,
    0.26038275645856734,
    0.2494289152459351,
    0.2536030494207306,
    0.2449728009761507,
    0.24092327265930838,
    0.24237350849790584,
    0.23619899831191768,
    0.23908082176386644,
    0.23016248262098793,
    0.23100314345980003,
    0.22469460941193947,
    0.2255807812036303,
    0.22133221326303132,
    0.22131966632427463,
    0.21923023472647554,
    0.21945939722874597,
    0.21834398123436755,
    0.21916154770030336,
    0.21088744753440436,
    0.21553888423522896,
    0.21138831858053395,
    0.20833623003241916,
    0.2083541424359101,
    0.20682043231670022,
    0.2085746514410735
  ],
  "train_dice": [
    0.6388534492979513,
    0.6972653271087375,
    0.7056384687886723,
    0.7171628698416824,
    0.731192016572097,
    0.7396744217134836,
    0.7505906221852395,
    0.7464428211871428,
    0.7550408927648641,
    0.7591129569664429,
    0.7576815315515244,
    0.7638674802650075,
    0.7609757639009918,
    0.7698774266392618,
    0.769019885694616,
    0.775340627413333,
    0.7744449689782673,
    0.7786831470896155,
    0.7787192437757078,
    0.7807774806349523,
    0.7805592382140889,
    0.7817012580831951,
    0.7808603696292895,
    0.7891152563332521,
    0.7844866520102631,
    0.7886409450251219,
    0.7916902506354491,
    0.7916646203118194,
    0.7932068280811342,
    0.7914377926738838
  ],
  "train_fpr": [
    0.5228595178719867,
    0.4455527847049044,
    0.33000831255195345,
    0.23372125242449432,
    0.2001939595455805,
    0.20324189526184538,
    0.19728456636187308,
    0.18021886687906913,
    0.18426156830146856,
    0.18121363258520365,
    0.19479080077583819,
    0.18273760044333612,
    0.15613743419229703,
    0.18121363258520365,
    0.171515655306179,
    0.18520570716165674,
    0.16458852867830423,
    0.17026877251316155,
    0.16154059296203935,
    0.16652812413410917,
    0.15613743419229703,
    0.15766140205042947,
    0.1688833471875866,
    0.17830423940149626,
    0.15295095594347466,
    0.16680520919922417,
    0.17068440011083402,
    0.19049598226655584,
    0.1881407592130784,
    0.15392075367137711
  ],
  "train_fnr": [
    0.020841373986877652,
    0.020841373986877652,
    0.04341952913932844,
    0.06387495175607874,
    0.06561173292165187,
    0.06561173292165187,
    0.059629486684677734,
    0.07025670719938236,
    0.059629486684677734,
    0.06348900038595137,
    0.05615592435353146,
    0.059629486684677734,
    0.07082207641837128,
    0.056348900038595134,
    0.06387495175607874,
    0.05192047867207103,
    0.06908529525279815,
    0.05982246236974141,
    0.06040138942493246,
    0.059243535314550365,
    0.06483983018139715,
    0.06329602470088769,
    0.06233114627556928,
    0.049594751061366266,
    0.062138170590505595,
    0.05306831339251254,
    0.048243921265920496,
    0.04612118873021999,
    0.04882284832111154,
    0.05905055962948669
  ],
  "val_loss": [
    0.26978382281428387,
    0.3150858173513005,
    0.5014382144834242,
    0.35091168928010513,
    0.46877876603365626,
    0.3268715961706265,
    0.2677012842435103,
    0.25615788609893236,
    0.37233747070671147,
    0.2841525733301103,
    0.22998318721426178,
    0.23636961883289523,
    0.24886737666238748,
    0.2386809555214015,
    0.30600285080083756,
    0.22736747439770277,
    0.23009406535374133,
    0.21998804060482233,
    0.23869054006715107,
    0.21471522871585313,
    0.2137921584127975,
    0.23515218912366448,
    0.21786970952976803,
    0.23209194690413623,
    0.24535937577570946,
    0.29216730085193604,
    0.24322484285063892,
    0.23680513383995774,
    0.25393234027756584,
    0.25488894345753554
  ],
  "val_dice": [
    0.7338699926244111,
    0.6841104045792873,
    0.4985145076637042,
    0.6491542432106968,
    0.5312537935554472,
    0.6732891780799228,
    0.7323592514531989,
    0.7439634515313522,
    0.6276689106147428,
    0.715873362416895,
    0.7700442713393466,
    0.7636787360454471,
    0.7512829953518051,
    0.7614344359094283,
    0.6940163119849975,
    0.7727083916380535,
    0.7699341625240539,
    0.7800125506151988,
    0.7612975350689897,
    0.7852949360783539,
    0.7861297787306433,
    0.76484921960919,
    0.7822552887096661,
    0.7678908943318021,
    0.7547196720612694,
    0.707792019781967,
    0.7568317034263217,
    0.7632862261982045,
    0.7461681340706994,
    0.7451560318767175
  ],
  "val_fpr": [
    0.44575471698113206,
    0.36674528301886794,
    0.0047169811320754715,
    0.041273584905660375,
    0.0047169811320754715,
    0.05778301886792453,
    0.045990566037735846,
    0.1179245283018868,
    0.0,
    0.0294811320754717,
    0.12617924528301888,
    0.09080188679245282,
    0.10966981132075472,
    0.09198113207547169,
    0.025943396226415096,
    0.11202830188679246,
    0.09198113207547169,
    0.16981132075471697,
    0.08844339622641509,
    0.16037735849056603,
    0.16981132075471697,
    0.05070754716981132,
    0.1214622641509434,
    0.07075471698113207,
    0.07665094339622641,
    0.04363207547169811,
    0.07075471698113207,
    0.07547169811320754,
    0.06367924528301887,
    0.0330188679245283
  ],
  "val_fnr": [
    0.022792022792022793,
    0.05128205128205128,
    0.24358974358974358,
    0.18945868945868946,
    0.32336182336182334,
    0.14245014245014245,
    0.1111111111111111,
    0.10683760683760683,
    0.21937321937321938,
    0.13532763532763534,
    0.05698005698005698,
    0.0584045584045584,
    0.07692307692307693,
    0.06552706552706553,
    0.18233618233618235,
    0.06267806267806268,
    0.07407407407407407,
    0.05270655270655271,
    0.06125356125356125,
    0.04415954415954416,
    0.045584045584045586,
    0.08547008547008547,
    0.045584045584045586,
    0.07834757834757834,
    0.0868945868945869,
    0.1452991452991453,
    0.08547008547008547,
    0.07692307692307693,
    0.0868945868945869,
    0.10968660968660969
  ],
  "train_dice_loss": [
    0.39029895856729213,
    0.30432200620460587,
    0.29485986535036623,
    0.28299936660235103,
    0.26885188987751074,
    0.26038275645856734,
    0.2494289152459351,
    0.2536030494207306,
    0.2449728009761507,
    0.24092327265930838,
    0.24237350849790584,
    0.23619899831191768,
    0.23908082176386644,
    0.23016248262098793,
    0.23100314345980003,
    0.22469460941193947,
    0.2255807812036303,
    0.22133221326303132,
    0.22131966632427463,
    0.21923023472647554,
    0.21945939722874597,
    0.21834398123436755,
    0.21916154770030336,
    0.21088744753440436,
    0.21553888423522896,
    0.21138831858053395,
    0.20833623003241916,
    0.2083541424359101,
    0.20682043231670022,
    0.2085746514410735
  ],
  "val_dice_loss": [
    0.26978382281428387,
    0.3150858173513005,
    0.5014382144834242,
    0.35091168928010513,
    0.46877876603365626,
    0.3268715961706265,
    0.2677012842435103,
    0.25615788609893236,
    0.37233747070671147,
    0.2841525733301103,
    0.22998318721426178,
    0.23636961883289523,
    0.24886737666238748,
    0.2386809555214015,
    0.30600285080083756,
    0.22736747439770277,
    0.23009406535374133,
    0.21998804060482233,
    0.23869054006715107,
    0.21471522871585313,
    0.2137921584127975,
    0.23515218912366448,
    0.21786970952976803,
    0.23209194690413623,
    0.24535937577570946,
    0.29216730085193604,
    0.24322484285063892,
    0.23680513383995774,
    0.25393234027756584,
    0.25488894345753554
  ]
}