{
  "dice": 0.7630990563328364,
  "hd95_mean": 7.79227352142334,
  "hd95_median": 4.123105525970459,
  "hd95_count": 548,
  "fpr": 0.04057017543859649,
  "fnr": 0.14106583072100312
}