{
  "train_loss": [
    0.5809683602901062,
    0.4489626405167472,
    0.40443822154762504,
    0.3765195515382152,
    0.35947259563265355,
    0.34840957643444165,
    0.335407059256378,
    0.32781227399410856,
    0.32232339195856097,
    0.3161198707859993,
    0.33720145828569936,
    0.3938378654318333,
    0.36543096096268185,
    0.36317758107489745,
    0.35210996479775614,
    0.35255459356464225,
    0.33502263430745793,
    0.3358008478613678,
    0.3382471938723397,
    0.3259162957745624,
    0.3138077691917385,
    0.3119736871644024,
    0.3034431555434157,
    0.3031306318010143,
    0.3103078826227122,
    0.2964660417651451,
    0.29739420171717723,
    0.28926466106333465,
    0.2857080654332965,
    0.2874378352657456
  ],
  "train_dice": [
    0.6245664051584462,
    0.6907586697996703,
    0.7170058252703346,
    0.7351954221357883,
    0.7460772048788026,
    0.7535283617819987,
    0.762611746591631,
    0.7680868693814009,
    0.7719899456282668,
    0.7760637765250813,
    0.7730666078925552,
    0.7519811539576544,
    0.7595830897716257,
    0.7614079705953184,
    0.7648787689484081,
    0.7651529648308081,
    0.7733652066356298,
    0.7738249684623494,
    0.7734885180016972,
    0.778604258459358,
    0.785207564787045,
    0.789053587938674,
    0.7923031997771245,
    0.7926653180666074,
    0.7890849492513736,
    0.7960570125400813,
    0.7949171045293882,
    0.8009040708764965,
    0.8028008767246255,
    0.7999754875577593
  ],
  "train_fpr": [
    0.34625034848062447,
    0.26689895470383274,
    0.23755750731911335,
    0.2137181095775826,
    0.2027045866443608,
    0.20103164645197266,
    0.20440602342442835,
    0.20995399414470933,
    0.2139969329429806,
    0.20543554006968642,
    0.18162810147755784,
    0.07430642687857242,
    0.06914819461870905,
    0.06566290255123379,
    0.059528788512477344,
    0.051310652537646405,
    0.05674055485849714,
    0.049916341327384275,
    0.04335703331939216,
    0.04809703053115851,
    0.05549358616843279,
    0.04489056182908128,
    0.051017563423473654,
    0.045029973511780286,
    0.03792526491912995,
    0.04127161182375906,
    0.03526623919710064,
    0.03931409452112087,
    0.04252649191299498,
    0.03303596320044606
  ],
  "train_fnr": [
    0.06477495107632093,
    0.04932472108044627,
    0.053022891801995695,
    0.04774016826452749,
    0.04793582469184113,
    0.046761886127959305,
    0.04636150234741784,
    0.043827039718254746,
    0.038153003326159264,
    0.039342337052260715,
    0.04814090019569472,
    0.0982195265114459,
    0.09489336724711407,
    0.09958912150264136,
    0.09626296223830953,
    0.09878716744913928,
    0.09391508511054589,
    0.09604851330203443,
    0.10037174721189591,
    0.09606730581099589,
    0.08841940532081377,
    0.08354529446292311,
    0.08199608610567514,
    0.08745842300919585,
    0.09252738654147105,
    0.08763693270735524,
    0.08806262230919765,
    0.08021913519859128,
    0.08118153364632238,
    0.08649706457925636
  ],
  "val_loss": [
    0.35765564510014636,
    0.3943388604906184,
    0.5124243330100232,
    0.34841718502651303,
    0.2851818948322852,
    0.35230556106161787,
    0.30718106736798256,
    0.3494267294392783,
    0.30970797077174017,
    0.3207298012439316,
    0.31754617084412884,
    0.4588915738965985,
    0.35723812241085184,
    0.38926200927979143,
    0.3965971391185148,
    0.3727487916644861,
    0.40569028013644837,
    0.4785422408545511,
    0.35311734070174794,
    0.3188699674985465,
    0.48665418539791416,
    0.4167696168789497,
    0.4436677123403408,
    0.2968849451804655,
    0.37747121337779177,
    0.324268796585897,
    0.2848492216473148,
    0.33839795059529987,
    0.5199076437429916,
    0.3612982512798888
  ],
  "val_dice": [
    0.7582731862544198,
    0.7090164868825132,
    0.6416854934516147,
    0.7450307502725421,
    0.7979504854346697,
    0.747271615422204,
    0.781190850303547,
    0.7609439411327331,
    0.7879166513703455,
    0.7822655458271933,
    0.8109419760046274,
    0.7455476363073792,
    0.7883003919809703,
    0.7697021931013059,
    0.7616720863138519,
    0.7800987684471015,
    0.7690937966549185,
    0.7574297857068523,
    0.7878319197857874,
    0.8059087858629033,
    0.7320189297646311,
    0.7744172526931269,
    0.7545107797714028,
    0.8152667003182265,
    0.7715948759826153,
    0.8060366637211227,
    0.8209819431311985,
    0.8050994787739931,
    0.754190169451152,
    0.7881633186311263
  ],
  "val_fpr": [
    0.24793388429752067,
    0.1192443919716647,
    0.0011806375442739079,
    0.04132231404958678,
    0.07792207792207792,
    0.048406139315230225,
    0.05785123966942149,
    0.0295159386068477,
    0.06257378984651712,
    0.06257378984651712,
    0.04132231404958678,
    0.0070838252656434475,
    0.023612750885478158,
    0.015348288075560802,
    0.008264462809917356,
    0.010625737898465172,
    0.01652892561983471,
    0.0023612750885478157,
    0.014167650531286895,
    0.01652892561983471,
    0.0,
    0.0023612750885478157,
    0.0,
    0.014167650531286895,
    0.01770956316410862,
    0.015348288075560802,
    0.023612750885478158,
    0.014167650531286895,
    0.0011806375442739079,
    0.010625737898465172
  ],
  "val_fnr": [
    0.04585798816568047,
    0.07692307692307693,
    0.1952662721893491,
    0.11094674556213018,
    0.06804733727810651,
    0.09319526627218935,
    0.09319526627218935,
    0.07248520710059171,
    0.06656804733727811,
    0.07100591715976332,
    0.07396449704142012,
    0.15532544378698224,
    0.11686390532544379,
    0.11390532544378698,
    0.1346153846153846,
    0.1227810650887574,
    0.11834319526627218,
    0.14940828402366865,
    0.09319526627218935,
    0.08284023668639054,
    0.15828402366863906,
    0.12721893491124261,
    0.14497041420118342,
    0.07692307692307693,
    0.11094674556213018,
    0.08431952662721894,
    0.07840236686390532,
    0.09615384615384616,
    0.14349112426035504,
    0.09615384615384616
  ]
}