{
  "selected_threshold": 0.5,
  "dice": 0.7630990563328364,
  "hd95_median": 4.123105525970459,
  "fnr": 0.13949843260188088,
  "fpr": 0.04057017543859649
}