{
  "thresholds": [
    0.5,
    0.55,
    0.6,
    0.65,
    0.7
  ],
  "val_dice_by_threshold": {
    "0.50": 0.8209819431311985,
    "0.55": 0.8191849207560692,
    "0.60": 0.8172339570416501,
    "0.65": 0.8148875442835001,
    "0.70": 0.8121032002409534
  },
  "best_threshold": 0.5,
  "best_val_dice": 0.8209819431311985
}