{
  "dice": 0.7781671328136547,
  "hd95_mean": 18.37921905517578,
  "hd95_median": 5.830951690673828,
  "hd95_count": 602,
  "fpr": 0.2687704026115343,
  "fnr": 0.04595879556259905
}