{
  "thresholds": [
    0.5,
    0.55,
    0.6,
    0.65,
    0.7
  ],
  "val_dice_by_threshold": {
    "0.50": 0.7775715495125183,
    "0.55": 0.7778174661425421,
    "0.60": 0.7781223043389498,
    "0.65": 0.7785692956708492,
    "0.70": 0.7788491366449201
  },
  "best_threshold": 0.7,
  "best_val_dice": 0.7788491366449201
}