{
  "dice": 0.7781671328136547,
  "hd95_mean": 19.120874404907227,
  "hd95_median": 5.991547584533691,
  "hd95_count": 606,
  "fpr": 0.2916213275299238,
  "fnr": 0.039619651347068144,
  "selected_threshold": 0.5
}