{
  "train_loss": [
    0.4307067153410438,
    0.3053489017323763,
    0.27663775665173757,
    0.26280749700850653,
    0.25153958845413893,
    0.24205214030961678,
    0.23234207425739042,
    0.22629862284941604,
    0.22020421143683272,
    0.2184114469157441,
    0.2139713360929057,
    0.20935584247518593,
    0.20164649902826365,
    0.20076505538211575,
    0.19903877017252916,
    0.19941777696135493,
    0.19586089672432597,
    0.19141385226749072,
    0.18752093726451008,
    0.1869036853980062,
    0.18536513752139336,
    0.1850612704021118,
    0.18085325679984637,
    0.1815413700939043,
    0.17920812282257068,
    0.17521799885728162,
    0.17348048655687917,
    0.1731301151975617,
    0.17043552121950828,
    0.1701474993157143
  ],
  "train_dice": [
    0.6843963339910927,
    0.7403614850441631,
    0.7623240341233289,
    0.7722243203182763,
    0.7808917827131238,
    0.7897342115512632,
    0.797368947239695,
    0.8020524700398464,
    0.8078447995129867,
    0.8088075596227712,
    0.8129292831137115,
    0.8162962306877064,
    0.8228694395432288,
    0.8238553434077175,
    0.8247707707279167,
    0.8249684346302715,
    0.8276588977157607,
    0.8317069666147305,
    0.8348505393094505,
    0.8352715987969621,
    0.836882074958081,
    0.8369134082152117,
    0.8404077542092192,
    0.8398622761215451,
    0.8416352404651064,
    0.8455133133309385,
    0.8468284649433782,
    0.8468506237578715,
    0.8492961877051407,
    0.8491697571824337
  ],
  "train_fpr": [
    0.42624332677718463,
    0.32911925832279815,
    0.3223767383059418,
    0.30429896038212984,
    0.30078673784771004,
    0.3099185164372015,
    0.3190502950266929,
    0.3092160719303175,
    0.3385782523180669,
    0.31104242764821577,
    0.32101713964596795,
    0.3360022475066723,
    0.32762011801067714,
    0.3186288283225625,
    0.30191064905872433,
    0.3094970497330711,
    0.32312447316661985,
    0.3138081191178536,
    0.291373981455465,
    0.29933979491501617,
    0.29081202584995786,
    0.28224220286597357,
    0.27560050568900124,
    0.25747998314369996,
    0.2662264681090194,
    0.269176735037932,
    0.2593425119415566,
    0.26187131216633885,
    0.2740938465861197,
    0.262433267771846
  ],
  "train_fnr": [
    0.040136312003029154,
    0.03881840560499905,
    0.03503124408256012,
    0.0363498674744415,
    0.03218477849299508,
    0.028587656190836804,
    0.024990533888678532,
    0.026505111700113593,
    0.024422567209390383,
    0.024233244982961,
    0.021772056039379022,
    0.018178375307706874,
    0.016660355925785686,
    0.017985611510791366,
    0.01950018932222643,
    0.01817493373722075,
    0.018742900416508897,
    0.014769929937511835,
    0.01741764483150322,
    0.017610301079341036,
    0.01817493373722075,
    0.019310867095797046,
    0.020261314145048285,
    0.021776178754023857,
    0.01893222264293828,
    0.016471033699356305,
    0.01684967815221507,
    0.018553578190079516,
    0.01476713366149186,
    0.01684967815221507
  ],
  "val_loss": [
    0.26765412605189776,
    0.2886896187976051,
    0.3056314613392824,
    0.26817780969103855,
    0.2693114904807368,
    0.26589147168781285,
    0.25947677990584406,
    0.26676092806805685,
    0.246892541215957,
    0.30054658849069604,
    0.2694047754570167,
    0.25159904025012814,
    0.27254604261886917,
    0.2706938240689174,
    0.2520610053788473,
    0.2514979104785713,
    0.25550520096372054,
    0.2532793219565959,
    0.25941370923711066,
    0.2531762636028544,
    0.26024009429165507,
    0.29941322509512835,
    0.24901910347285347,
    0.26666271917576206,
    0.2597029686944626,
    0.28108799410381125,
    0.27197464830679124,
    0.25328164896098926,
    0.2515110652562243,
    0.24936760800761024
  ],
  "val_dice": [
    0.7676857244343915,
    0.740230987825006,
    0.7269534943173233,
    0.760848007595896,
    0.757341635949958,
    0.7630290685155245,
    0.7681842275614877,
    0.7609783153269669,
    0.7775715495125183,
    0.729844662629092,
    0.75780651574008,
    0.7731976158326208,
    0.7585260987034652,
    0.7588486603271325,
    0.7740769578463437,
    0.7753050074125957,
    0.7718127228886275,
    0.7699281094553594,
    0.7674300297431672,
    0.7757034697072599,
    0.7649641352009426,
    0.7317923654268668,
    0.7769138734353688,
    0.7631258321534179,
    0.7665369163077433,
    0.7516184903223152,
    0.7539317735733049,
    0.772651839639666,
    0.7726455960350419,
    0.777482316307844
  ],
  "val_fpr": [
    0.27145922746781115,
    0.1834763948497854,
    0.05150214592274678,
    0.1791845493562232,
    0.3090128755364807,
    0.20493562231759657,
    0.1984978540772532,
    0.16201716738197425,
    0.20815450643776823,
    0.0890557939914163,
    0.10407725321888411,
    0.1759656652360515,
    0.24356223175965666,
    0.14914163090128754,
    0.13948497854077252,
    0.20600858369098712,
    0.19527896995708155,
    0.16416309012875535,
    0.14699570815450644,
    0.2510729613733906,
    0.12875536480686695,
    0.10407725321888411,
    0.11802575107296137,
    0.1555793991416309,
    0.12660944206008584,
    0.1405579399141631,
    0.09978540772532189,
    0.19742489270386265,
    0.20278969957081544,
    0.20493562231759657
  ],
  "val_fnr": [
    0.040453074433656956,
    0.0889967637540453,
    0.10841423948220065,
    0.05339805825242718,
    0.05177993527508091,
    0.06310679611650485,
    0.05177993527508091,
    0.038834951456310676,
    0.04692556634304207,
    0.10841423948220065,
    0.05663430420711974,
    0.040453074433656956,
    0.05339805825242718,
    0.07281553398058252,
    0.06634304207119741,
    0.05339805825242718,
    0.059870550161812294,
    0.043689320388349516,
    0.040453074433656956,
    0.03398058252427184,
    0.07605177993527508,
    0.08576051779935275,
    0.06796116504854369,
    0.06310679611650485,
    0.05663430420711974,
    0.05339805825242718,
    0.08576051779935275,
    0.05663430420711974,
    0.040453074433656956,
    0.05016181229773463
  ],
  "train_bce_loss": [
    0.05760868908809557,
    0.03772858441260855,
    0.03332872432749172,
    0.03019238772294705,
    0.028221210378796487,
    0.027642611204246503,
    0.02598361000893515,
    0.024893530682853576,
    0.024461821074927607,
    0.023953577648542522,
    0.023572317095870977,
    0.022922258492170125,
    0.021830472504421675,
    0.021893090362612673,
    0.021220311768670713,
    0.021608862311789538,
    0.021158457984641024,
    0.020627922948592566,
    0.020072860236139096,
    0.020010933835561007,
    0.01992926294028488,
    0.01989901220523992,
    0.019087981760398894,
    0.019094385813137556,
    0.018931908113970383,
    0.01860596046810128,
    0.01844373817429466,
    0.018251054019049858,
    0.017769073623617956,
    0.017764011863318795
  ],
  "val_bce_loss": [
    0.01970017321059679,
    0.024733473735836616,
    0.029720951493765066,
    0.02424669065825418,
    0.024439184158919137,
    0.02731228589608099,
    0.024860682474934528,
    0.026001059030275716,
    0.023607388782163504,
    0.029459238610238674,
    0.027533830911136595,
    0.023984578458165064,
    0.029290563409911048,
    0.028579013425899025,
    0.02344789461878469,
    0.025651350155138204,
    0.027024572232925006,
    0.023414077916620358,
    0.027024649292615645,
    0.027209854466267683,
    0.025225668705824288,
    0.031144735493896337,
    0.02472790953460975,
    0.029168448382648555,
    0.02671761754370885,
    0.031622121242420524,
    0.02634601212594723,
    0.02563915059910816,
    0.023907290499496896,
    0.026158040768757364
  ],