{
  "selected_threshold": 0.7,
  "dice": 0.7766847873546431,
  "hd95_median": 5.830951690673828,
  "fnr": 0.04595879556259905,
  "fpr": 0.2687704026115343
}