{
  "train_loss": [
    0.42352351594077947,
    0.3229379399700266,
    0.305809172395837,
    0.28567291288920554,
    0.26136819112153864,
    0.24755380553810394,
    0.25893096395883014,
    0.2834211046592654,
    0.27776380534051637,
    0.26895113246011443,
    0.2644233896900486,
    0.2621666050113011,
    0.25516478725732117,
    0.2495977367921683,
    0.25182262196176725,
    0.2481983888130781,
    0.2395789820319533,
    0.23792920199000755,
    0.23075183804396837,
    0.23024998770364402,
    0.22208011392854765,
    0.2206923307883257,
    0.21621309115728368,
    0.20957427479065543,
    0.21067193465291031,
    0.2131446829066028,
    0.2065803713588773,
    0.20722106907305513,
    0.20166640374694889,
    0.20074831609863045
  ],
  "train_dice": [
    0.6927536413468697,
    0.7255875589846127,
    0.7388814100675263,
    0.7556239855212633,
    0.7751181539188389,
    0.7859012529808967,
    0.7820405953305174,
    0.7681411600303729,
    0.7715325726679978,
    0.7749734680912799,
    0.7760854177291566,
    0.7763991107417119,
    0.7815696888014746,
    0.7858789823320699,
    0.7838999473790998,
    0.7854467895071633,
    0.79212275854882,
    0.7931422914071666,
    0.7996641530119766,
    0.8001686714335362,
    0.806286544593389,
    0.8079140761864735,
    0.8114659571250873,
    0.816871144684664,
    0.8158004933493408,
    0.8135036871173411,
    0.8191536935048052,
    0.8180003173494119,
    0.8227324279811169,
    0.8239026044683126
  ],
  "train_fpr": [
    0.4359812420065369,
    0.40400738951257636,
    0.36947562881909907,
    0.3359386102032116,
    0.2966751918158568,
    0.267443512860594,
    0.22623276964615605,
    0.09464260338212306,
    0.0835583345175501,
    0.07417933778598834,
    0.073468807730567,
    0.077163564018758,
    0.08469518260622425,
    0.07048458149779736,
    0.06280193236714976,
    0.05655015629440182,
    0.060537160721898534,
    0.06380559897683671,
    0.05968452465539292,
    0.060537160721898534,
    0.06309506892141538,
    0.06352138695466818,
    0.058121358533465964,
    0.06650561318743783,
    0.05627398038937047,
    0.05513713230069632,
    0.06124769077731988,
    0.052429667519181586,
    0.06536876509876367,
    0.0561318743782862
  ],
  "train_fnr": [
    0.03095282491143017,
    0.02703710609733358,
    0.025358940891292186,
    0.02703710609733358,
    0.023685192092502798,
    0.027969420100689913,
    0.03971657654297968,
    0.07700913667723289,
    0.0852134999067686,
    0.08372179750139846,
    0.08484057430542606,
    0.09024799552489278,
    0.07868730188327429,
    0.08260302069737087,
    0.09063782170831779,
    0.09101081685938082,
    0.08204363229535708,
    0.07999254148797315,
    0.07607682267387657,
    0.07402573186649264,
    0.06619429423829946,
    0.06749953384299832,
    0.06563490583628566,
    0.055938840201379826,
    0.06171918702218907,
    0.06563490583628566,
    0.060786873018832746,
    0.06546064901156284,
    0.05817639380943502,
    0.05892224501212008
  ],
  "val_loss": [
    0.4392597923041695,
    0.4297221931608489,
    0.5652790905187165,
    0.38938855645756654,
    0.3339852786167477,
    0.3342778398172699,
    0.616033231331049,
    0.38115978355172775,
    0.4389688997345902,
    0.39945353741356493,
    0.3720421569952129,
    0.3740461362648184,
    0.37394607942687336,
    0.35260445198492846,
    0.3879349587607558,
    0.45132950651493386,
    0.3306368415889731,
    0.37975826105714716,
    0.3758292716812261,
    0.30117605348409965,
    0.3797998434109409,
    0.427016553815699,
    0.3145201908057406,
    0.2681298106636879,
    0.3561001178556985,
    0.30972672845814786,
    0.2985498555548435,
    0.2899638231327064,
    0.26510563982501084,
    0.3538118338253159
  ],
  "val_dice": [
    0.6421017686163422,
    0.6587234622588123,
    0.5430747114285065,
    0.6891110562236749,
    0.734158223234525,
    0.7333763305288161,
    0.6048416575552882,
    0.7230092723058523,
    0.6797786740382222,
    0.7060197253731916,
    0.7108821120792932,
    0.7128618202369361,
    0.7136457428444911,
    0.7263703703717158,
    0.6905219509545034,
    0.6631924172387506,
    0.7408031019198633,
    0.722667410030254,
    0.7175976425191782,
    0.7526510657837792,
    0.7073860060559573,
    0.678444955253253,
    0.7407662658795823,
    0.7767128747310081,
    0.7401775033532703,
    0.7596494386666013,
    0.7606891287939392,
    0.7616152118809902,
    0.789928506021082,
    0.7213695661973779
  ],
  "val_fpr": [
    0.24393063583815028,
    0.3179190751445087,
    0.05317919075144509,
    0.15491329479768787,
    0.1699421965317919,
    0.2138728323699422,
    0.016184971098265895,
    0.048554913294797684,
    0.03699421965317919,
    0.03815028901734104,
    0.046242774566473986,
    0.027745664739884393,
    0.03699421965317919,
    0.03352601156069364,
    0.009248554913294798,
    0.020809248554913295,
    0.05086705202312139,
    0.028901734104046242,
    0.027745664739884393,
    0.03352601156069364,
    0.03468208092485549,
    0.017341040462427744,
    0.03699421965317919,
    0.08092485549132948,
    0.05433526011560694,
    0.03352601156069364,
    0.04161849710982659,
    0.03468208092485549,
    0.11329479768786127,
    0.027745664739884393
  ],
  "val_fnr": [
    0.05547445255474453,
    0.03941605839416058,
    0.11240875912408758,
    0.04525547445255475,
    0.040875912408759124,
    0.035036496350364967,
    0.16496350364963502,
    0.10364963503649635,
    0.14452554744525548,
    0.10656934306569343,
    0.12846715328467154,
    0.12700729927007298,
    0.11532846715328467,
    0.12262773722627737,
    0.1781021897810219,
    0.1854014598540146,
    0.10072992700729927,
    0.13576642335766423,
    0.1416058394160584,
    0.10656934306569343,
    0.12408759124087591,
    0.15474452554744525,
    0.12992700729927006,
    0.072992700729927,
    0.08175182481751825,
    0.0905109489051095,
    0.10948905109489052,
    0.12262773722627737,
    0.05401459854014599,
    0.12408759124087591
  ],
  "train_bce_loss": [
    0.05333189760504019,
    0.035630129015701124,
    0.03331412126217762,
    0.030749977216787232,
    0.027020247849786544,
    0.0249605360500306,
    0.0335423989230321,
    0.0457328955171118,
    0.04332968371768294,
    0.03770797819371567,
    0.03433472743682385,
    0.032602603611210694,
    0.030726879868384103,
    0.029563148420850383,
    0.03015428874418032,
    0.02818715258225239,
    0.02628140130241013,
    0.025653747212955314,
    0.025096998267479548,
    0.025156511180763806,
    0.023348890820650073,
    0.023450697397387914,
    0.022794668924258764,
    0.021491125880485264,
    0.02165850050175173,
    0.021784974649321928,
    0.020986172051767487,
    0.020584200536650273,
    0.019683116449932994,
    0.019986923866377116
  ],
  "val_bce_loss": [
    0.07570490933947067,
    0.08038193243776659,
    0.10939210643184569,
    0.06731826343266022,
    0.060175022542269314,
    0.06403603291255422,
    0.2163726190023505,
    0.09752372733545048,
    0.11412761915257595,
    0.10152798187579062,
    0.07610968210883982,
    0.08195056547223842,
    0.08278008922390694,
    0.07400675142289269,
    0.07406950780958699,
    0.11057710891460361,
    0.06657994430848689,
    0.09838879485283196,
    0.08944679661254555,
    0.04957997478896507,
    0.08334234075291069,
    0.10308448358321644,
    0.05221981058894813,
    0.03941813853576127,
    0.09291928083173605,
    0.06510611155782452,
    0.05560422332661675,
    0.04815167387043309,
    0.05056875748462112,
    0.07241097394849452
  ],