{
  "dice": 0.7023450280690328,
  "hd95_mean": 13.820518493652344,
  "hd95_median": 7.280109882354736,
  "hd95_count": 648,
  "fpr": 0.12872467222884387,
  "fnr": 0.08860759493670886,
  "selected_threshold": 0.5
}