{
  "thresholds": [
    0.5,
    0.55,
    0.6,
    0.65,
    0.7
  ],
  "val_dice_by_threshold": {
    "0.50": 0.789928506021082,
    "0.55": 0.7885392735474301,
    "0.60": 0.7870626203987721,
    "0.65": 0.7854007025922302,
    "0.70": 0.783558612605081
  },
  "best_threshold": 0.5,
  "best_val_dice": 0.789928506021082
}