{
  "dice": 0.7023450280690328,
  "hd95_mean": 13.829597473144531,
  "hd95_median": 7.071067810058594,
  "hd95_count": 648,
  "fpr": 0.12753277711561384,
  "fnr": 0.08860759493670886
}