{
  "selected_threshold": 0.5,
  "dice": 0.7023450280690328,
  "hd95_median": 7.280109882354736,
  "fnr": 0.08860759493670886,
  "fpr": 0.12872467222884387
}