{
  "selected_threshold": 0.5,
  "dice": 0.8295524504744383,
  "hd95_median": 3.605551242828369,
  "fnr": 0.010929802955665025,
  "fpr": 0.44857840959573525
}