{
  "thresholds": [
    0.5,
    0.55,
    0.6,
    0.65,
    0.7
  ],
  "val_dice_by_threshold": {
    "0.50": 0.8439240363498415,
    "0.55": 0.843642823795346,
    "0.60": 0.8433072529936146,
    "0.65": 0.8428795195137097,
    "0.70": 0.8422954129304501
  },
  "best_threshold": 0.5,
  "best_val_dice": 0.8439240363498415
}