{
  "dice": 0.8284826549538525,
  "hd95_mean": 11.561470985412598,
  "hd95_median": 3.605551242828369,
  "hd95_count": 6416,
  "fpr": 0.4193691692581075,
  "fnr": 0.012315270935960592
}