{
  "train_loss": [
    0.3301330177616911,
    0.2626870685068902,
    0.24724644766479673,
    0.23412261078645374,
    0.22518347501066074,
    0.2180998133862099,
    0.21155940448399735,
    0.20663869764044557,
    0.20161718634970832,
    0.19819836672673902,
    0.19444200391210673,
    0.19198667876513306,
    0.18854524252040836,
    0.18656789484675618,
    0.1848799292764238,
    0.18233016784014014,
    0.18116525045920864,
    0.1804438243428232,
    0.17902183727889656,
    0.17651050044803054,
    0.17621101085343935,
    0.17430932060088974,
    0.17264146235551442,
    0.17225484764725493,
    0.17076404122519026,
    0.1695624077201704,
    0.16821831040062413,
    0.16710299628822287,
    0.1672827465712343,
    0.16525866231271188
  ],
  "train_dice": [
    0.7284597256464876,
    0.7738509442273201,
    0.7860591927464665,
    0.7966734571601168,
    0.8038977294583735,
    0.8091980597175907,
    0.8144457294491433,
    0.8184099442817442,
    0.8223413419075598,
    0.8252411689277932,
    0.8281884309188986,
    0.8302476301251915,
    0.8332477668178445,
    0.8347619210534694,
    0.836356314146558,
    0.8384262353865641,
    0.8394904561943503,
    0.8399890458368038,
    0.8411622413036196,
    0.8435058900373575,
    0.8435576543911074,
    0.8452226215158793,
    0.8467207292635723,
    0.8470654224238432,
    0.8483245247954826,
    0.849343117823707,
    0.8505721050456081,
    0.8515299273301601,
    0.8512660035475348,
    0.8531198292394134
  ],
  "train_fpr": [
    0.3426231589639411,
    0.3068816658202133,
    0.31355743897406596,
    0.33021203656678516,
    0.34029585423147735,
    0.3553199593702387,
    0.35307748468399835,
    0.35328847130523106,
    0.3451417325334095,
    0.3494905247119322,
    0.3427927498968352,
    0.32111227502142653,
    0.34353277257578163,
    0.33676157826238773,
    0.33594667513093157,
    0.34374504015490587,
    0.3498603351955307,
    0.32889975239667324,
    0.34325799898425596,
    0.35056978700441227,
    0.32328201872718615,
    0.3237684103605891,
    0.31940829153704525,
    0.3236834587182173,
    0.30873250166650795,
    0.318043298838169,
    0.317832656170645,
    0.32132427628237686,
    0.30660572009015014,
    0.30089197854172617
  ],
  "train_fnr": [
    0.032667956384101304,
    0.028403095321843125,
    0.024137173005056058,
    0.019653534998241295,
    0.017233799349336148,
    0.017762926486106227,
    0.015739723016047483,
    0.014421385860007034,
    0.01622334579028358,
    0.014464717520334139,
    0.01609144867003737,
    0.01565179160255001,
    0.01459789825440795,
    0.014860408881072764,
    0.01389438508552082,
    0.013277643438118268,
    0.012574744987689061,
    0.01424426272751253,
    0.013278227224762575,
    0.012134535062651133,
    0.013762476366354482,
    0.011915230390432642,
    0.012573639321199332,
    0.0127060892503847,
    0.015124203121565179,
    0.012837421964301416,
    0.012135068589518115,
    0.013190291945128385,
    0.012969883490877116,
    0.012837986370630907
  ],
  "val_loss": [
    0.24716020498313426,
    0.23469113681701986,
    0.2128222643709156,
    0.20777927676811908,
    0.2232933040658432,
    0.20201930545002528,
    0.18851913893241598,
    0.20121652426274672,
    0.18228483182270253,
    0.18780330273642867,
    0.20343791064081404,
    0.19576065181893706,
    0.18456741110601488,
    0.19745031720291764,
    0.1863420136025869,
    0.1771115032363924,
    0.17977164548898295,
    0.195257642273333,
    0.17793983486475212,
    0.18680514386277483,
    0.17861523427988912,
    0.18143676429671488,
    0.18231552970568982,
    0.19484050764184987,
    0.19346019572312775,
    0.1995113272524925,
    0.18659179118011904,
    0.17521837803623308,
    0.19003893280211037,
    0.19773561787759075
  ],
  "val_dice": [
    0.7831929232527219,
    0.794291806808565,
    0.8123341226117549,
    0.8148678302561781,
    0.802504126018042,
    0.8205523731083764,
    0.8334345815176721,
    0.8203586572069376,
    0.8385177853495198,
    0.8333082425722372,
    0.822811975770144,
    0.8278178023237107,
    0.8344501130431333,
    0.823584779249191,
    0.8346175132765856,
    0.8439240363498415,
    0.8406981484208298,
    0.8268880715760707,
    0.8420607073552637,
    0.8323161787757067,
    0.8404517185457914,
    0.8381039810112931,
    0.8364553291241581,
    0.8265580246184406,
    0.8270762570058535,
    0.8249473100786757,
    0.8353859905390113,
    0.8435176125417926,
    0.8297518448226251,
    0.8252064481999256
  ],
  "val_fpr": [
    0.29308065226972235,
    0.250991626267078,
    0.4186866460996034,
    0.3003525782282944,
    0.3272366681357426,
    0.3199647421771706,
    0.33274570295284267,
    0.2234464521815778,
    0.27104451300132215,
    0.2723666813574262,
    0.26795945350374617,
    0.2886734244160423,
    0.26421330982811814,
    0.2119876597620097,
    0.4349933891582195,
    0.4008373732921992,
    0.35147642133098284,
    0.24239753195240193,
    0.2963860731599824,
    0.15733803437637725,
    0.37064786249449094,
    0.2996914940502424,
    0.28228294402820625,
    0.24416042309387395,
    0.16438959894226532,
    0.2362274129572499,
    0.36337593653591893,
    0.41714411635081533,
    0.2377699427060379,
    0.16681357426178933
  ],
  "val_fnr": [
    0.023349937733499377,
    0.02210460772104608,
    0.007160647571606476,
    0.021170610211706103,
    0.020236612702366128,
    0.014943960149439602,
    0.009028642590286426,
    0.038605230386052306,
    0.012141967621419676,
    0.014943960149439602,
    0.014321295143212951,
    0.02054794520547945,
    0.014321295143212951,
    0.030199252801992527,
    0.00684931506849315,
    0.006537982565379826,
    0.008717310087173101,
    0.02054794520547945,
    0.011830635118306352,
    0.03549190535491906,
    0.006537982565379826,
    0.014632627646326276,
    0.028642590286425903,
    0.03300124533001245,
    0.03704856787048568,
    0.026151930261519303,
    0.009651307596513076,
    0.009028642590286426,
    0.028019925280199254,
    0.028331257783312577
  ],
  "train_bce_loss": [
    0.043293040424048364,
    0.03207551339050015,
    0.029147472498971403,
    0.02704104078722563,
    0.02567176412217282,
    0.02407283366314388,
    0.022980009284455465,
    0.022118827820452998,
    0.021211675724247994,
    0.020775183655702873,
    0.020124837052430268,
    0.019747522261115303,
    0.01939821929625938,
    0.019086391098281936,
    0.018931106082480793,
    0.01856027408252392,
    0.018404265933919653,
    0.01825351405757798,
    0.018024445385197832,
    0.017922700108794154,
    0.017726102757577553,
    0.017608990040067198,
    0.017402153733231205,
    0.01736098630409086,
    0.017176055322374734,
    0.016995157238655013,
    0.0168959764112539,
    0.016796806367450123,
    0.016708332314067577,
    0.01654893894728743
  ],
  "val_bce_loss": [
    0.025460440056169594,
    0.02400762251322743,
    0.020305249895786862,
    0.018795254167006434,
    0.023238591611427967,
    0.019548783172817646,
    0.018441873575200447,
    0.01835386971613533,
    0.01688512646811831,
    0.01785453609370764,
    0.022550801282494256,
    0.020548224727148224,
    0.016884464074059243,
    0.019847333738986096,
    0.01796289209878829,
    0.018423078449282856,
    0.018476512504930997,
    0.020861903853196504,
    0.018793886703731943,
    0.017099860389699344,
    0.01754953765930679,
    0.018402426055583638,
    0.017148050375548323,
    0.019481950502540826,
    0.01870553439094485,
    0.022890043920316346,
    0.02038693154301353,
    0.017249270812133326,
    0.01787414631545376,
    0.021487511006418384
  ],