{
  "dice": 0.8295524504744383,
  "hd95_mean": 11.926788330078125,
  "hd95_median": 3.605551242828369,
  "hd95_count": 6425,
  "fpr": 0.44857840959573525,
  "fnr": 0.010929802955665025,
  "selected_threshold": 0.5
}