{
  "thresholds": [
    0.5,
    0.55,
    0.6,
    0.65,
    0.7
  ],
  "val_dice_by_threshold": {
    "0.50": 0.8274524393959863,
    "0.55": 0.8265716394729162,
    "0.60": 0.825395046038961,
    "0.65": 0.8244293378059857,
    "0.70": 0.8232650707128661
  },
  "best_threshold": 0.5,
  "best_val_dice": 0.8274524393959863
}