{
  "dice": 0.8243512694861121,
  "hd95_mean": 13.79758071899414,
  "hd95_median": 5.019804000854492,
  "hd95_count": 623,
  "fpr": 0.4243421052631579,
  "fnr": 0.023510971786833857,
  "selected_threshold": 0.5
}