{
  "selected_threshold": 0.5,
  "dice": 0.8243512694861121,
  "hd95_median": 5.019804000854492,
  "fnr": 0.023510971786833857,
  "fpr": 0.4243421052631579
}