{
  "dice": 0.8243512694861121,
  "hd95_mean": 12.757570266723633,
  "hd95_median": 5.0792155265808105,
  "hd95_count": 621,
  "fpr": 0.40350877192982454,
  "fnr": 0.02664576802507837
}