{
  "train_loss": [
    0.4736015960305976,
    0.3501909649045482,
    0.33055882970474554,
    0.3170354887631758,
    0.3077029345530859,
    0.29619626836750673,
    0.28679419546905494,
    0.2777778549106713,
    0.2678105674883721,
    0.2590900098752662,
    0.25340419268696124,
    0.246017444140973,
    0.2423314273882809,
    0.237646749452287,
    0.2311814658752612,
    0.227346774402726,
    0.22347709169562865,
    0.22057292762311564,
    0.21436376650912428,
    0.2135191680816132,
    0.21049564654089173,
    0.20782219207443367,
    0.2064483250864433,
    0.20489382340438478,
    0.19991364984001767,
    0.2002119407409741,
    0.19829846191998274,
    0.19754075621989306,
    0.19484387379644674,
    0.19302422600850777
  ],
  "train_dice": [
    0.6450584547251844,
    0.6995067533154528,
    0.714810431513047,
    0.7249210397355736,
    0.7318309970992651,
    0.7415284161230569,
    0.7487467762960212,
    0.7564798936129224,
    0.7643117953394467,
    0.7717006985533178,
    0.7758281751198702,
    0.7821111597967186,
    0.7853856131581372,
    0.7889337410881798,
    0.7942022845516686,
    0.7980948056358332,
    0.8009551112394109,
    0.8036707541588344,
    0.8086493844307591,
    0.8095003883744238,
    0.8117414458264219,
    0.814077132476963,
    0.8155334830966943,
    0.8166010096046736,
    0.8214060614454775,
    0.8208973197020876,
    0.8227089886881152,
    0.8230325020615599,
    0.8256523424077412,
    0.8276302745651034
  ],
  "train_fpr": [
    0.4138309549945115,
    0.33040614709110866,
    0.33068057080131724,
    0.3247359034161065,
    0.3079034028540066,
    0.3026893523600439,
    0.2838913282107574,
    0.30817782656421516,
    0.33260153677277715,
    0.3187431394072448,
    0.31380351262349065,
    0.31009879253567507,
    0.3201152579582876,
    0.3287596048298573,
    0.3504390779363337,
    0.3338364434687157,
    0.3344766085882837,
    0.33328759604829855,
    0.3361690450054885,
    0.33260153677277715,
    0.3393249176728869,
    0.35290889132821074,
    0.33479692645444564,
    0.34353134860749074,
    0.3520373165043216,
    0.3512623490669594,
    0.3316410537870472,
    0.3380900109769484,
    0.32958287596048297,
    0.34426454445664106
  ],
  "train_fnr": [
    0.04557902973395931,
    0.0412754303599374,
    0.04010172143974961,
    0.0367834083349638,
    0.038928012519561815,
    0.03755868544600939,
    0.04107981220657277,
    0.03442879499217527,
    0.02797339593114241,
    0.029342723004694836,
    0.029147104851330204,
    0.029342723004694836,
    0.02601721439749609,
    0.02601721439749609,
    0.025039123630672927,
    0.021517996870109544,
    0.021717863431813735,
    0.02112676056338028,
    0.02171361502347418,
    0.021322378716744913,
    0.021517996870109544,
    0.020539906103286387,
    0.020539906103286387,
    0.020152612013304635,
    0.016826452748972803,
    0.01741001564945227,
    0.01995305164319249,
    0.020735524256651018,
    0.017801251956181534,
    0.01662754303599374
  ],
  "val_loss": [
    0.3169024760597909,
    0.2440448347423997,
    0.26443313202164936,
    0.22442312539174888,
    0.22786048008129,
    0.27905653803416436,
    0.24825839420846668,
    0.2167460100295452,
    0.23005199923108405,
    0.23010026788361063,
    0.2728505924498365,
    0.24621136204929217,
    0.2637909856657966,
    0.25023389042261435,
    0.27679470878028306,
    0.1982373785717997,
    0.2325211363657207,
    0.22061374782964852,
    0.22760379457978544,
    0.2741639031229552,
    0.23649621921861488,
    0.24553923427055663,
    0.24411446398355552,
    0.22980927461868472,
    0.2420253509699681,
    0.23646790659903774,
    0.23192714388377567,
    0.23933630934833774,
    0.1976888239653726,
    0.278689663066424
  ],
  "val_dice": [
    0.7154417287988158,
    0.7865179846250623,
    0.7662552133734344,
    0.8077247585087309,
    0.7973614776549729,
    0.7523773716977582,
    0.7775919371940327,
    0.8150420596233442,
    0.8000503829528837,
    0.796399382786197,
    0.7629701802424381,
    0.7836319186818406,
    0.7758158258267144,
    0.7818304734778475,
    0.7629503844245255,
    0.8274524393959863,
    0.8001730541902534,
    0.8117445800894287,
    0.8029951662232978,
    0.7559520547338844,
    0.7945231241063827,
    0.7871763829648848,
    0.7897769360962881,
    0.8046904329827728,
    0.7906750254112588,
    0.7956535716226997,
    0.8009998883897737,
    0.7935355974295171,
    0.8270333557769921,
    0.7633767082526751
  ],
  "val_fpr": [
    0.16247139588100687,
    0.2242562929061785,
    0.11441647597254005,
    0.2826086956521739,
    0.20594965675057209,
    0.07437070938215103,
    0.06864988558352403,
    0.2597254004576659,
    0.10411899313501144,
    0.16361556064073227,
    0.08009153318077804,
    0.16361556064073227,
    0.09496567505720824,
    0.16018306636155608,
    0.12242562929061784,
    0.2940503432494279,
    0.18306636155606407,
    0.20251716247139587,
    0.2528604118993135,
    0.09954233409610984,
    0.11327231121281464,
    0.10983981693363844,
    0.16247139588100687,
    0.19794050343249428,
    0.13958810068649885,
    0.19107551487414187,
    0.2299771167048055,
    0.18077803203661327,
    0.1945080091533181,
    0.12929061784897025
  ],
  "val_fnr": [
    0.07100591715976332,
    0.05325443786982249,
    0.08284023668639054,
    0.03550295857988166,
    0.03698224852071006,
    0.12130177514792899,
    0.08727810650887574,
    0.03254437869822485,
    0.05917159763313609,
    0.05917159763313609,
    0.06804733727810651,
    0.06804733727810651,
    0.06804733727810651,
    0.04881656804733728,
    0.05917159763313609,
    0.020710059171597635,
    0.04585798816568047,
    0.02514792899408284,
    0.03698224852071006,
    0.0621301775147929,
    0.0621301775147929,
    0.04881656804733728,
    0.03550295857988166,
    0.029585798816568046,
    0.038461538461538464,
    0.03994082840236687,
    0.019230769230769232,
    0.03550295857988166,
    0.04142011834319527,
    0.05029585798816568
  ],
  "train_bce_loss": [
    0.06492101790648125,
    0.04341167265640269,
    0.039938593028298365,
    0.03704433323338062,
    0.035513775663247274,
    0.033592534902919954,
    0.03183017153449766,
    0.030806269864510846,
    0.029050047555177178,
    0.02761583039254887,
    0.02652987943921931,
    0.02544581844662779,
    0.02518435061894951,
    0.024233141726614286,
    0.02308406807503171,
    0.022973464821939196,
    0.022123751017307205,
    0.022225595912949158,
    0.021072084627367746,
    0.02101054111180687,
    0.020448240189252887,
    0.02013059560982677,
    0.020184168329323994,
    0.019680128290562558,
    0.01955415695942659,
    0.019359834850578798,
    0.019210778010846568,
    0.018962654729754815,
    0.018863560893077676,
    0.01887018205753536
  ],
  "val_bce_loss": [
    0.03224838574322391,
    0.026369101992374654,
    0.029402763588922635,
    0.027800685179311495,
    0.023858259523462384,
    0.028875287435298748,
    0.025669885697597556,
    0.030746714554357856,
    0.029303489596961472,
    0.024944246887598262,
    0.03645813382030416,
    0.030781065780539775,
    0.03855727938521852,
    0.032534493080104566,
    0.03948898252804358,
    0.02503010925081539,
    0.03228136681574524,
    0.03160947422383659,
    0.0302689436950954,
    0.031372167771282954,
    0.030796608428990697,
    0.033120510412914646,
    0.03426472776172133,
    0.03421599998567825,
    0.03201346983470108,
    0.03218802371801645,
    0.03351102735739688,
    0.03344166222467661,
    0.023913980235779463,
    0.04236917221092859
  ],