{
  "train_loss": [
    0.6311091912697788,
    0.4570208996612657,
    0.41187287086492275,
    0.38685634715745487,
    0.36275307113701877,
    0.3501625139330578,
    0.3347749909184672,
    0.3238125370071457,
    0.3090157144417701,
    0.2983763712254149,
    0.29043688751930546,
    0.28431906985879707,
    0.28029402353110033,
    0.2701979861860429,
    0.2841226155939582,
    0.3308184548174856,
    0.3091753360328709,
    0.31015959491410683,
    0.29304285960652315,
    0.28414312131736463,
    0.27553651571782817,
    0.2688632713681137,
    0.26870223975883006,
    0.2642223470922638,
    0.2570718083133524,
    0.2603521428977114,
    0.25362515748917563,
    0.240806971257133,
    0.24365740892821336,
    0.23799887080271323
  ],
  "train_dice": [
    0.6421546244501051,
    0.6999716280970734,
    0.726111935986508,
    0.7427430538320424,
    0.7598215659074178,
    0.7661006159698674,
    0.7771906406443333,
    0.7835656164032925,
    0.7967402944900654,
    0.8023491306268882,
    0.808684682135831,
    0.8127789266222903,
    0.8146764470093713,
    0.821641620815775,
    0.8184210499815011,
    0.8007146731388193,
    0.8067452364913034,
    0.8075125432386575,
    0.815581728951263,
    0.8187335549151754,
    0.8230160709404787,
    0.8277388290304959,
    0.8271733553099163,
    0.8287802090341863,
    0.836312276308422,
    0.8341875794922581,
    0.8342034821835551,
    0.8432345809911409,
    0.8406772689712751,
    0.844929100974958
  ],
  "train_fpr": [
    0.40978506787330315,
    0.37895927601809953,
    0.33512443438914025,
    0.26725113122171945,
    0.24321266968325791,
    0.2335972850678733,
    0.23755656108597284,
    0.21804298642533937,
    0.21889140271493213,
    0.2149321266968326,
    0.21069004524886878,
    0.1976809954751131,
    0.16855203619909503,
    0.1631787330316742,
    0.15582579185520362,
    0.06928733031674209,
    0.06561085972850679,
    0.057692307692307696,
    0.05231900452488688,
    0.05005656108597285,
    0.048642533936651584,
    0.05854072398190045,
    0.060520361990950226,
    0.04920814479638009,
    0.057126696832579184,
    0.04072398190045249,
    0.053167420814479636,
    0.039875565610859726,
    0.04694570135746606,
    0.04411764705882353
  ],
  "train_fnr": [
    0.04504504504504504,
    0.03153153153153153,
    0.028153153153153154,
    0.03415915915915916,
    0.027777777777777776,
    0.03490990990990991,
    0.031156156156156155,
    0.03153153153153153,
    0.03003003003003003,
    0.03003003003003003,
    0.02364864864864865,
    0.027402402402402402,
    0.027402402402402402,
    0.024024024024024024,
    0.02252252252252252,
    0.05593093093093093,
    0.052552552552552555,
    0.047672672672672674,
    0.052552552552552555,
    0.05067567567567568,
    0.0457957957957958,
    0.04091591591591592,
    0.04617117117117117,
    0.047672672672672674,
    0.039414414414414414,
    0.04617117117117117,
    0.041666666666666664,
    0.037162162162162164,
    0.039414414414414414,
    0.03791291291291291
  ],
  "val_loss": [
    0.4832636055621234,
    0.49608806624557034,
    0.4600416016398054,
    0.4437518335653074,
    0.7270440357201027,
    0.44957791088205395,
    0.3882184741623474,
    0.43131697629437304,
    0.5034540365139644,
    0.44366743194334435,
    0.496632924043771,
    0.42578082865837846,
    0.4030105470256372,
    0.4360313683296695,
    0.4838148819677757,
    0.4241971298600688,
    0.4213449122327747,
    0.5633874783461744,
    0.41235120779637136,
    0.4179069080136039,
    0.5597253832401652,
    0.4223905249978557,
    0.4587946806441654,
    0.46258322289495757,
    0.4776120929103909,
    0.5317132762435711,
    0.546370567426537,
    0.6390349639184547,
    0.628341091040409,
    0.570812483809211
  ],
  "val_dice": [
    0.6434946758333933,
    0.6393084357238629,
    0.6565178545982097,
    0.6684629605179935,
    0.4625496754168787,
    0.6648885111409155,
    0.7084358764530131,
    0.680116087041626,
    0.6209807341128136,
    0.6676163196676608,
    0.6266599715405116,
    0.6790187622589822,
    0.6976721722745534,
    0.6732246854173188,
    0.6666517276514434,
    0.7158160323361782,
    0.7115632758870947,
    0.664675042428302,
    0.7241841138481643,
    0.7131761342428173,
    0.6583617218572534,
    0.7105503103187816,
    0.6980081212735085,
    0.7094136850061742,
    0.695298765769059,
    0.6554444903592495,
    0.6657469539846661,
    0.6455100766947549,
    0.6243441265358618,
    0.6651566004496999
  ],
  "val_fpr": [
    0.22247191011235956,
    0.2247191011235955,
    0.2966292134831461,
    0.1797752808988764,
    0.14157303370786517,
    0.12808988764044943,
    0.13707865168539327,
    0.3146067415730337,
    0.2606741573033708,
    0.04719101123595506,
    0.07415730337078652,
    0.0696629213483146,
    0.11685393258426967,
    0.10337078651685393,
    0.060674157303370786,
    0.02247191011235955,
    0.04044943820224719,
    0.017977528089887642,
    0.0449438202247191,
    0.020224719101123594,
    0.02247191011235955,
    0.033707865168539325,
    0.020224719101123594,
    0.02696629213483146,
    0.020224719101123594,
    0.017977528089887642,
    0.017977528089887642,
    0.017977528089887642,
    0.017977528089887642,
    0.017977528089887642
  ],
  "val_fnr": [
    0.03333333333333333,
    0.03636363636363636,
    0.006060606060606061,
    0.045454545454545456,
    0.08484848484848485,
    0.030303030303030304,
    0.03636363636363636,
    0.021212121212121213,
    0.012121212121212121,
    0.10909090909090909,
    0.1303030303030303,
    0.06363636363636363,
    0.051515151515151514,
    0.045454545454545456,
    0.048484848484848485,
    0.08787878787878788,
    0.07272727272727272,
    0.16363636363636364,
    0.0696969696969697,
    0.09090909090909091,
    0.11818181818181818,
    0.0696969696969697,
    0.11212121212121212,
    0.09393939393939393,
    0.1,
    0.10606060606060606,
    0.14545454545454545,
    0.17272727272727273,
    0.13333333333333333,
    0.12727272727272726
  ]
}