{
  "dice": 0.7731078682014518,
  "hd95_mean": 7.020530700683594,
  "hd95_median": 4.123105525970459,
  "hd95_count": 359,
  "fpr": 0.018617021276595744,
  "fnr": 0.10025062656641603
}