{
  "dice": 0.7181891363616274,
  "hd95_mean": 10.41989803314209,
  "hd95_median": 5.830951690673828,
  "hd95_count": 537,
  "fpr": 0.05482456140350877,
  "fnr": 0.15830721003134796,
  "selected_threshold": 0.5
}