{
  "thresholds": [
    0.5,
    0.55,
    0.6,
    0.65,
    0.7
  ],
  "val_dice_by_threshold": {
    "0.50": 0.7978145830641837,
    "0.55": 0.7970454924293524,
    "0.60": 0.796149878415483,
    "0.65": 0.7950654995996924,
    "0.70": 0.7937165601234112
  },
  "best_threshold": 0.5,
  "best_val_dice": 0.7978145830641837
}