{
  "dice": 0.7181891363616274,
  "hd95_mean": 10.150970458984375,
  "hd95_median": 5.786539077758789,
  "hd95_count": 536,
  "fpr": 0.0537280701754386,
  "fnr": 0.15987460815047022
}