{
  "train_loss": [
    0.48846426666590365,
    0.36208195949165684,
    0.3349703728725641,
    0.3101580382265728,
    0.2932365158046647,
    0.2789432385718488,
    0.33056336941295167,
    0.323432618695645,
    0.3057314693320729,
    0.3043486257929046,
    0.2922941968504468,
    0.28493114175305573,
    0.2813941289236537,
    0.2772845373935677,
    0.27705404880647555,
    0.26914106399048243,
    0.2661334938699079,
    0.2594601497290256,
    0.26616948160834036,
    0.25972830786344964,
    0.2621661172644126,
    0.24914127468213101,
    0.25318714157322564,
    0.2598343118739202,
    0.2488750140925983,
    0.24365240680010106,
    0.2439554586218807,
    0.24495014205292184,
    0.2408497549691099,
    0.23427530248691147
  ],
  "train_dice": [
    0.6361319696025505,
    0.6924070193845282,
    0.7141148068099348,
    0.7340575587813318,
    0.7476290275657211,
    0.7595194848228818,
    0.7271920722681178,
    0.7307418233174641,
    0.7412431340859835,
    0.7414918341423408,
    0.7495500244767185,
    0.7562477215277836,
    0.7577306270137257,
    0.7593628846501337,
    0.7593920760633988,
    0.7655722045272965,
    0.7687011467699538,
    0.7730934794179876,
    0.7669246248287478,
    0.7728876030308133,
    0.7704203712676706,
    0.7816607188546363,
    0.7778257940489267,
    0.7716442972737917,
    0.7811004107231649,
    0.7862955837926178,
    0.7847315623273371,
    0.7837167911949826,
    0.7872055813124337,
    0.792817587469147
  ],
  "train_fpr": [
    0.43743139407244785,
    0.38062568605927555,
    0.3741767288693743,
    0.3780186608122942,
    0.36635565312843027,
    0.34838090010976946,
    0.17508232711306257,
    0.08589462129527992,
    0.08562019758507135,
    0.0650384193194292,
    0.08136663007683864,
    0.06970362239297476,
    0.06791055014405269,
    0.07340834248079034,
    0.06833150384193194,
    0.06654774972557628,
    0.06778265642151482,
    0.06201124982850871,
    0.06119648737650933,
    0.05529637760702525,
    0.04761251372118551,
    0.058589462129527994,
    0.045554335894621295,
    0.04473106476399561,
    0.05378704720087816,
    0.06366630076838639,
    0.059275521405049394,
    0.057895458910687335,
    0.05406147091108672,
    0.0557003704211826
  ],
  "train_fnr": [
    0.03873239436619718,
    0.030907668231611892,
    0.03051643192488263,
    0.025039123630672927,
    0.023082942097026604,
    0.02543035993740219,
    0.08763693270735524,
    0.11384976525821597,
    0.10856807511737089,
    0.11874021909233178,
    0.10954616588419405,
    0.10348200312989045,
    0.10721972216787322,
    0.10387323943661972,
    0.1122848200312989,
    0.10269953051643192,
    0.1056338028169014,
    0.101936998630405,
    0.10935054773082942,
    0.10524256651017215,
    0.1111111111111111,
    0.09487480438184663,
    0.10465571205007825,
    0.11561032863849766,
    0.10015649452269171,
    0.09233176838810642,
    0.09663536776212832,
    0.10076306006652319,
    0.0940923317683881,
    0.09000195656427314
  ],
  "val_loss": [
    0.44173815141062767,
    0.35609879110493425,
    0.32453398469328526,
    0.3184230062427253,
    0.23933678227283897,
    0.2651699799438112,
    0.45942426219681753,
    0.36272004280603054,
    0.35660498670836877,
    0.4056908776460094,
    0.2788602620302617,
    0.3768292051194423,
    0.3235909022534123,
    0.34852133634549803,
    0.30078114624570546,
    0.27637628668963293,
    0.3194563642623641,
    0.3372277536445997,
    0.3387987664542519,
    0.34645056608821867,
    0.3682934594968852,
    0.3267410159959684,
    0.3918332891241157,
    0.3214982360733684,
    0.41215319113706694,
    0.315518759042245,
    0.31615214652420415,
    0.41210582431064113,
    0.3691886249439207,
    0.35112806808027114
  ],
  "val_dice": [
    0.6097670655777491,
    0.6859572320878946,
    0.7122802607241202,
    0.7201303577576846,
    0.7897494066142913,
    0.7734965267067654,
    0.6710814053258864,
    0.7373013999864194,
    0.7358588528924087,
    0.7104032288592023,
    0.7978145830641837,
    0.7138300589643992,
    0.7471490563637406,
    0.7362119160184758,
    0.7520233907863586,
    0.7791267615583168,
    0.7484983632330006,
    0.7365811163636707,
    0.748920602294115,
    0.7294907150404341,
    0.7195214785018264,
    0.7563138241774937,
    0.708819630671535,
    0.7560483227599655,
    0.6967347558565746,
    0.75026044807226,
    0.7631785037029072,
    0.7022972574468548,
    0.7310328957288575,
    0.7450390538784879
  ],
  "val_fpr": [
    0.12128146453089245,
    0.14874141876430205,
    0.08009153318077804,
    0.10411899313501144,
    0.15446224256292906,
    0.16819221967963388,
    0.0,
    0.02288329519450801,
    0.004576659038901602,
    0.005720823798627002,
    0.02631578947368421,
    0.0,
    0.021739130434782608,
    0.009153318077803204,
    0.005720823798627002,
    0.013729977116704805,
    0.002288329519450801,
    0.006864988558352402,
    0.012585812356979404,
    0.0011441647597254005,
    0.004576659038901602,
    0.018306636155606407,
    0.008009153318077803,
    0.002288329519450801,
    0.0,
    0.006864988558352402,
    0.017162471395881007,
    0.010297482837528604,
    0.009153318077803204,
    0.021739130434782608
  ],
  "val_fnr": [
    0.09763313609467456,
    0.08875739644970414,
    0.10207100591715976,
    0.10946745562130178,
    0.04585798816568047,
    0.034023668639053255,
    0.21893491124260356,
    0.14644970414201183,
    0.16272189349112426,
    0.1834319526627219,
    0.09763313609467456,
    0.1908284023668639,
    0.14792899408284024,
    0.1390532544378698,
    0.14644970414201183,
    0.09911242603550297,
    0.14940828402366865,
    0.16715976331360946,
    0.14940828402366865,
    0.16272189349112426,
    0.16272189349112426,
    0.1346153846153846,
    0.16863905325443787,
    0.14349112426035504,
    0.1997041420118343,
    0.15384615384615385,
    0.12721893491124261,
    0.1760355029585799,
    0.15532544378698224,
    0.13609467455621302
  ],
  "train_bce_loss": [
    0.060454295358954614,
    0.03837127013491379,
    0.034874420834295365,
    0.031732892272154624,
    0.029215548438218768,
    0.027642580460935352,
    0.050866339979757175,
    0.0478088312015878,
    0.040501675198422155,
    0.03978635160191443,
    0.03574434371332134,
    0.035198511136825546,
    0.03337753160587982,
    0.030810238833763434,
    0.030834829569892846,
    0.028987567335212825,
    0.029210125128121208,
    0.027092865241206403,
    0.027910421163166214,
    0.027300820787296887,
    0.02773189526838544,
    0.025607911498536425,
    0.026194727597823306,
    0.026727520181892728,
    0.025017839483769306,
    0.024928172661100357,
    0.02373735748219068,
    0.024028859415717817,
    0.023407597862638276,
    0.02256987783640118
  ],
  "val_bce_loss": [
    0.05327680032763502,
    0.04045810923641172,
    0.03363362279631571,
    0.03731343980101743,
    0.023587805903279056,
    0.030514671991780894,
    0.12629064827928038,
    0.09496102876489027,
    0.08672016356858499,
    0.11287024026602636,
    0.07068156570613938,
    0.08602957053250529,
    0.06646360559177174,
    0.08082680663442826,
    0.049168845750312266,
    0.052038379136583844,
    0.06471618158994559,
    0.07112566911752856,
    0.08368724621295069,
    0.0725765117437554,
    0.08474547099480516,
    0.07893059853839443,
    0.09868068832607207,
    0.0738943207322912,
    0.10574514610443496,
    0.062357899050928166,
    0.07639252224059834,
    0.11026911979798468,
    0.09692300469661062,
    0.09244642732432456
  ],