{
  "selected_threshold": 0.5,
  "dice": 0.7181891363616274,
  "hd95_median": 5.830951690673828,
  "fnr": 0.15830721003134796,
  "fpr": 0.05482456140350877
}