{
  "train_loss": [
    0.3581844003547734,
    0.2646294891578636,
    0.2545873069416425,
    0.2391337957323509,
    0.22989855419671426,
    0.22713451258107292,
    0.223954948386705,
    0.21980412990821915,
    0.21867565334721242,
    0.21103614931028325,
    0.21309153635333372,
    0.203856879531637,
    0.20474282247727205,
    0.2076827219767111,
    0.20180934176346316,
    0.20277231424885767,
    0.20121912831315883,
    0.20132233148276438,
    0.1951342687752628,
    0.19543491092475965,
    0.19422745203407268,
    0.19589751325346252,
    0.19410597796807333,
    0.19332340007928153,
    0.1926931585590719,
    0.18986588593141013,
    0.18805099287162894,
    0.1933856169034491,
    0.18929317302942142,
    0.185681008901388
  ],
  "train_dice": [
    0.6696269523655459,
    0.7363379256443907,
    0.746020543240893,
    0.761079013162907,
    0.770265177800637,
    0.7729650950477887,
    0.7761137819222573,
    0.7802854524717359,
    0.7814225427210386,
    0.7890506916614841,
    0.7869685719303895,
    0.7962282839499146,
    0.7953216240274349,
    0.7923778677868039,
    0.7982466064836172,
    0.7972743764540791,
    0.7988167769496063,
    0.7987052422640635,
    0.8048951476445078,
    0.8045909107780304,
    0.8058272445343092,
    0.8041136456289143,
    0.8059162551229089,
    0.8067353681298072,
    0.8073550346421202,
    0.810149896932992,
    0.8119723028978311,
    0.806670930535789,
    0.8107157187561018,
    0.8143477085112981
  ],
  "train_fpr": [
    0.5566292454170811,
    0.46624982236748613,
    0.3801335796504192,
    0.3013640238704177,
    0.29828051726588034,
    0.24438761011651036,
    0.2218274833025437,
    0.22193805058255187,
    0.22566434560181894,
    0.2441381270427739,
    0.23660650845530765,
    0.22864857183458862,
    0.20790109421628536,
    0.18061674008810572,
    0.2054852920278528,
    0.2189853630808583,
    0.20974847236038086,
    0.18061674008810572,
    0.19155890294159442,
    0.20164842972857752,
    0.20520108000568424,
    0.17919567997726304,
    0.17422196958931363,
    0.17365354554497656,
    0.1980957794514708,
    0.17180616740088106,
    0.18502202643171806,
    0.1556060821372744,
    0.17450618161148215,
    0.18487992042063378
  ],
  "train_fnr": [
    0.019392131269811673,
    0.019205668469140406,
    0.03151221331344397,
    0.03897799328608728,
    0.040089502144322206,
    0.0432674375233122,
    0.04661570016781652,
    0.04569190600522193,
    0.05351482379265336,
    0.043445832556404995,
    0.044937534961775126,
    0.039343650941637144,
    0.03915718814096588,
    0.05146373298526944,
    0.044191683759090064,
    0.040835353347007275,
    0.044937534961775126,
    0.049785567779228046,
    0.0428864441543912,
    0.03915718814096588,
    0.04437814655976133,
    0.04642923736714526,
    0.04195413015103487,
    0.0417676673503636,
    0.04139474174902107,
    0.040835353347007275,
    0.0423270557523774,
    0.04642923736714526,
    0.0417676673503636,
    0.03822487413760955
  ],
  "val_loss": [
    0.31233582427031803,
    0.29285894823770453,
    0.2796990793986912,
    0.2681935186803776,
    0.3055922720554101,
    0.285435668917468,
    0.25186410454938013,
    0.25716150825041056,
    0.2891261243472134,
    0.2732733348860358,
    0.23920328382157932,
    0.3038986829945641,
    0.2546080217744312,
    0.2543324365232983,
    0.24907232827513756,
    0.24431532229820307,
    0.3131684600001704,
    0.26769750031241535,
    0.26020355520457245,
    0.2834069902879478,
    0.2532958258677573,
    0.2828594841226174,
    0.26275151619946,
    0.25511551460210424,
    0.25113007856981595,
    0.22768562814615068,
    0.250320203286888,
    0.26330816101853866,
    0.2403941151869558,
    0.24192022285322204
  ],
  "val_dice": [
    0.6885089820318848,
    0.7078513404748735,
    0.7204751976160673,
    0.7319088780205615,
    0.6946035492757376,
    0.7146918403569364,
    0.7482364655193621,
    0.7429760477838725,
    0.7108615354464872,
    0.7268840258900267,
    0.760900452863561,
    0.6962055933519001,
    0.7453945224084993,
    0.7457436881796287,
    0.751016614645937,
    0.7557458799685876,
    0.6869120928057789,
    0.7323438955049445,
    0.7397798420575848,
    0.7166129047200628,
    0.7466986997936764,
    0.717147891886913,
    0.7372997524529478,
    0.7448896247975147,
    0.7488765461343158,
    0.7723672459595394,
    0.7497307407921248,
    0.7366932591600139,
    0.7596163131677321,
    0.7580878653094498
  ],
  "val_fpr": [
    0.33179190751445087,
    0.31213872832369943,
    0.35491329479768785,
    0.21040462427745665,
    0.06242774566473988,
    0.3838150289017341,
    0.09710982658959537,
    0.14104046242774568,
    0.08554913294797688,
    0.10173410404624278,
    0.17341040462427745,
    0.07052023121387284,
    0.16878612716763006,
    0.10173410404624278,
    0.08786127167630058,
    0.15375722543352602,
    0.06473988439306358,
    0.09364161849710982,
    0.08439306358381503,
    0.09942196531791908,
    0.1352601156069364,
    0.07745664739884393,
    0.11329479768786127,
    0.11907514450867052,
    0.06589595375722543,
    0.07745664739884393,
    0.3329479768786127,
    0.05086705202312139,
    0.12023121387283237,
    0.08439306358381503
  ],
  "val_fnr": [
    0.032116788321167884,
    0.035036496350364967,
    0.033576642335766425,
    0.04817518248175182,
    0.08905109489051095,
    0.02335766423357664,
    0.09343065693430656,
    0.059854014598540145,
    0.07007299270072993,
    0.06423357664233577,
    0.049635036496350364,
    0.08467153284671533,
    0.049635036496350364,
    0.10072992700729927,
    0.07445255474452554,
    0.059854014598540145,
    0.10510948905109489,
    0.08029197080291971,
    0.08321167883211679,
    0.07153284671532846,
    0.061313868613138686,
    0.08321167883211679,
    0.07445255474452554,
    0.10510948905109489,
    0.09781021897810219,
    0.08467153284671533,
    0.032116788321167884,
    0.08905109489051095,
    0.07445255474452554,
    0.06715328467153285
  ],
  "train_dice_loss": [
    0.3581844003547734,
    0.2646294891578636,
    0.2545873069416425,
    0.2391337957323509,
    0.22989855419671426,
    0.22713451258107292,
    0.223954948386705,
    0.21980412990821915,
    0.21867565334721242,
    0.21103614931028325,
    0.21309153635333372,
    0.203856879531637,
    0.20474282247727205,
    0.2076827219767111,
    0.20180934176346316,
    0.20277231424885767,
    0.20121912831315883,
    0.20132233148276438,
    0.1951342687752628,
    0.19543491092475965,
    0.19422745203407268,
    0.19589751325346252,
    0.19410597796807333,
    0.19332340007928153,
    0.1926931585590719,
    0.18986588593141013,
    0.18805099287162894,
    0.1933856169034491,
    0.18929317302942142,
    0.185681008901388
  ],
  "val_dice_loss": [
    0.31233582427031803,
    0.29285894823770453,
    0.2796990793986912,
    0.2681935186803776,
    0.3055922720554101,
    0.285435668917468,
    0.25186410454938013,
    0.25716150825041056,
    0.2891261243472134,
    0.2732733348860358,
    0.23920328382157932,
    0.3038986829945641,
    0.2546080217744312,
    0.2543324365232983,
    0.24907232827513756,
    0.24431532229820307,
    0.3131684600001704,
    0.26769750031241535,
    0.26020355520457245,
    0.2834069902879478,
    0.2532958258677573,
    0.2828594841226174,
    0.26275151619946,
    0.25511551460210424,
    0.25113007856981595,
    0.22768562814615068,
    0.250320203286888,
    0.26330816101853866,
    0.2403941151869558,
    0.24192022285322204
  ]
}