{
  "selected_threshold": 0.5,
  "dice": 0.6469473314436176,
  "hd95_median": 8.595035552978516,
  "fnr": 0.13924050632911392,
  "fpr": 0.07151370679380215
}