{
  "thresholds": [
    0.5,
    0.55,
    0.6,
    0.65,
    0.7
  ],
  "val_dice_by_threshold": {
    "0.50": 0.7723672459595394,
    "0.55": 0.772282434989066,
    "0.60": 0.7720987209220872,
    "0.65": 0.7719591872317948,
    "0.70": 0.771826412882248
  },
  "best_threshold": 0.5,
  "best_val_dice": 0.7723672459595394
}