{
  "dice": 0.6469473314436176,
  "hd95_mean": 15.681455612182617,
  "hd95_median": 8.595035552978516,
  "hd95_count": 612,
  "fpr": 0.07151370679380215,
  "fnr": 0.13924050632911392
}