{
  "thresholds": [
    0.5,
    0.55,
    0.6,
    0.65,
    0.7
  ],
  "val_dice_by_threshold": {
    "0.50": 0.7444061438503217,
    "0.55": 0.7439782493830801,
    "0.60": 0.7435959876898294,
    "0.65": 0.7426281842461235,
    "0.70": 0.741137098020045
  },
  "best_threshold": 0.5,
  "best_val_dice": 0.7444061438503217
}