{
  "dice": 0.8119922912316048,
  "hd95_mean": 11.862966537475586,
  "hd95_median": 5.017328262329102,
  "hd95_count": 738,
  "fpr": 0.2593516209476309,
  "fnr": 0.013368983957219251
}