{
  "dice": 0.8119922912316048,
  "hd95_mean": 12.801135063171387,
  "hd95_median": 5.987321376800537,
  "hd95_count": 740,
  "fpr": 0.2955112219451372,
  "fnr": 0.0106951871657754,
  "selected_threshold": 0.5
}