{
  "selected_threshold": 0.5,
  "dice": 0.8119922912316048,
  "hd95_median": 5.987321376800537,
  "fnr": 0.0106951871657754,
  "fpr": 0.2955112219451372
}