{
  "train_loss": [
    1.2852857636449777,
    1.0688204264569876,
    1.0257577941078564,
    0.9585245401490999,
    0.8725811829706696,
    0.7922957197524261,
    0.7166693423060642,
    0.6930330456646419,
    0.656792631316958,
    0.622726313836141,
    0.5891622096974531,
    0.5747757881532132,
    0.5771548395237789,
    0.5274734005661517,
    0.5144894425673452,
    0.4996057155757104,
    0.4986125367834628,
    0.4687090398027454,
    0.47177606781196224,
    0.4556457373974049,
    0.43936368835757655,
    0.42597382866764916,
    0.41569472833172133,
    0.40236320460740216,
    0.39854332732212644,
    0.3954923880067298,
    0.38280895366745327,
    0.3779678696625471,
    0.3660692429299867,
    0.35480946218566983
  ],
  "train_dice": [
    0.609166606471519,
    0.6833733512407446,
    0.6999562900604213,
    0.711860465767978,
    0.7221214439876299,
    0.7342435723804465,
    0.7407574840294926,
    0.7453277624391803,
    0.7505657949954037,
    0.7534015063205846,
    0.758407755727835,
    0.7619361418907284,
    0.7639575741950889,
    0.7691131270797944,
    0.771209460764937,
    0.7762648742508969,
    0.7770253124366625,
    0.7796747794809766,
    0.7817309083372725,
    0.7856629969747814,
    0.7879059594691796,
    0.7921189725325014,
    0.792161559589721,
    0.7983531554359063,
    0.7982351255000637,
    0.8015659349800173,
    0.8038148841065093,
    0.8050379085590479,
    0.8096418402938248,
    0.8112267003532722
  ],
  "train_fpr": [
    0.5380804077010193,
    0.40770101925254815,
    0.3830690826727067,
    0.3459796149490374,
    0.30152887882219703,
    0.28638165345413363,
    0.29614949037372595,
    0.28043601359003395,
    0.29147791619479047,
    0.3086070215175538,
    0.30110419026047563,
    0.29614949037372595,
    0.3204983012457531,
    0.3195073612684032,
    0.33352208380520953,
    0.3261608154020385,
    0.30889014722536806,
    0.3192242355605889,
    0.32828425821064555,
    0.3229048697621744,
    0.32955832389580975,
    0.34102491506228766,
    0.3444224235560589,
    0.3179501698754247,
    0.3250283125707814,
    0.34060022650056626,
    0.3465458663646659,
    0.33083238958097394,
    0.32516987542468856,
    0.3265855039637599
  ],
  "train_fnr": [
    0.02267616191904048,
    0.027736131934032984,
    0.026611694152923537,
    0.03017241379310345,
    0.03429535232383808,
    0.030922038980509745,
    0.02792353823088456,
    0.02792353823088456,
    0.026986506746626688,
    0.023425787106446775,
    0.02230134932533733,
    0.023238380809595203,
    0.0239880059970015,
    0.02361319340329835,
    0.023238380809595203,
    0.01780359820089955,
    0.019490254872563718,
    0.020239880059970013,
    0.017241379310344827,
    0.017991004497751123,
    0.01780359820089955,
    0.015179910044977511,
    0.01705397301349325,
    0.014430284857571215,
    0.013493253373313344,
    0.012743628185907047,
    0.011244377811094454,
    0.013118440779610194,
    0.010494752623688156,
    0.011056971514242878
  ],
  "val_loss": [
    2.6143336584141137,
    2.847183639811903,
    3.1777971777040928,
    2.319589372763042,
    1.7621873074818686,
    3.3044182964521744,
    2.37661348792543,
    2.0339653481346005,
    2.502290772049955,
    2.4872740557663597,
    1.6071683701465425,
    2.0830777184082883,
    2.5316507051384733,
    2.187704403041952,
    2.0876160587777797,
    1.8383157378696404,
    2.427861340360558,
    2.7160983451076106,
    1.8415415730233267,
    2.477214206530426,
    2.2468581448238547,
    2.4828202299840116,
    2.689700568540445,
    2.314279599372646,
    2.3240371648316307,
    2.101732940306502,
    2.123187189891292,
    2.8058602469315943,
    2.9974783108546155,
    2.4537784119052217
  ],
  "val_dice": [
    0.6346753751990534,
    0.6390025737910928,
    0.6519939093719088,
    0.6877071216749512,
    0.6480071613008784,
    0.624505471187003,
    0.7045215957896316,
    0.6817485989150307,
    0.7234640500823418,
    0.7117488001006895,
    0.7133477312909857,
    0.7311670677968194,
    0.7110285847454731,
    0.7310556444418332,
    0.7327386795406134,
    0.724989213762088,
    0.7152327967207065,
    0.7098230476585254,
    0.7251248074000781,
    0.7223604062120991,
    0.7382527647780761,
    0.7123396792455976,
    0.7189671193677821,
    0.7339024377757072,
    0.734366384557487,
    0.7309680327144832,
    0.7099826934641534,
    0.7153901780663504,
    0.6824877830374471,
    0.7444061438503217
  ],
  "val_fpr": [
    0.33979475484606614,
    0.22234891676168758,
    0.20980615735461802,
    0.34207525655644244,
    0.3831242873432155,
    0.09692132269099202,
    0.18015963511972635,
    0.28734321550741165,
    0.1402508551881414,
    0.1322690992018244,
    0.3694412770809578,
    0.2998859749144812,
    0.19384264538198404,
    0.24743443557582667,
    0.330672748004561,
    0.43329532497149376,
    0.28164196123147095,
    0.27366020524515394,
    0.29076396807297605,
    0.21094640820980615,
    0.3124287343215507,
    0.20866590649942987,
    0.30672748004561,
    0.22576966932725198,
    0.23831242873432154,
    0.3238312428734322,
    0.3603192702394527,
    0.23261117445838084,
    0.30216647662485746,
    0.3112884834663626
  ],
  "val_fnr": [
    0.06537890044576523,
    0.0787518573551263,
    0.08469539375928678,
    0.041604754829123326,
    0.014858841010401188,
    0.1188707280832095,
    0.07578008915304606,
    0.05349182763744428,
    0.05052005943536404,
    0.05794947994056464,
    0.02526002971768202,
    0.04309063893016345,
    0.06537890044576523,
    0.04457652303120357,
    0.029717682020802376,
    0.01188707280832095,
    0.06835066864784546,
    0.05646359583952452,
    0.03863298662704309,
    0.04606240713224369,
    0.020802377414561663,
    0.07280832095096583,
    0.031203566121842496,
    0.05943536404160475,
    0.05349182763744428,
    0.03566121842496285,
    0.07429420505200594,
    0.08023774145616643,
    0.12184249628528974,
    0.03566121842496285
  ],
  "train_bce_loss": [
    0.8149791221519042,
    0.7177896716288462,
    0.6977066765905873,
    0.6464991817051703,
    0.57206431647216,
    0.504327439131661,
    0.436717873730842,
    0.4189576173739952,
    0.3871500412224477,
    0.35642110906552515,
    0.3289428453263617,
    0.31827175336483865,
    0.3231597356631543,
    0.2783895934361377,
    0.26865465351103945,
    0.2580568893708137,
    0.2585213759098217,
    0.23140879550224766,
    0.23663784274811342,
    0.2252933662856213,
    0.21166462339176356,
    0.20212693285002237,
    0.1929892603651536,
    0.18552944533992646,
    0.1826689612761416,
    0.1823511759755912,
    0.17240542896179467,
    0.16883228364551714,
    0.16218913979212246,
    0.15222684890389176
  ],
  "val_bce_loss": [
    2.2019511263507567,
    2.4741482892126276,
    2.811174289181546,
    1.9773006620996785,
    1.3854532939669735,
    2.9215921842009465,
    2.0591602721891573,
    1.6948211433564522,
    2.209810382120566,
    2.186783619532929,
    1.2994008272350732,
    1.797486744638405,
    2.233418348498046,
    1.9049192092964014,
    1.7966432659769151,
    1.5456113899230437,
    2.125163962426602,
    2.4143590301980664,
    1.5536023550668598,
    2.189712825743793,
    1.9720681079346438,
    2.1871709907053796,
    2.3952466407059076,
    2.039866366368313,
    2.048152384352711,
    1.8224171204985442,
    1.8229088847872068,
    2.5158616819989454,
    2.6740067829388328,
    2.1889255671536363
  ],