{
  "selected_threshold": 0.5,
  "dice": 0.6331501325956544,
  "hd95_median": 7.8102498054504395,
  "fnr": 0.15471167369901548,
  "fpr": 0.050059594755661505
}