{
  "dice": 0.6331501325956544,
  "hd95_mean": 15.58617115020752,
  "hd95_median": 8.209420204162598,
  "hd95_count": 601,
  "fpr": 0.050059594755661505,
  "fnr": 0.15471167369901548
}