{
  "train_loss": [
    0.4206095552928058,
    0.2999148272330773,
    0.2759858738601836,
    0.25501407242801455,
    0.24606724623983173,
    0.29115455225735337,
    0.29156851173093207,
    0.2884632829175161,
    0.27510186532137554,
    0.26795544362856716,
    0.2694556236189986,
    0.26695999893169337,
    0.25425786813038587,
    0.25031883574385944,
    0.2463703140961647,
    0.24386738851401102,
    0.2483061978261089,
    0.24057082330546517,
    0.2367754185111381,
    0.23466370050846952,
    0.23099173270700785,
    0.22360001165581667,
    0.22344101800210114,
    0.23248789339886713,
    0.22361332382197568,
    0.22119680120318477,
    0.22179021089907883,
    0.218788669054066,
    0.2166113893583253,
    0.21768899946819983
  ],
  "train_dice": [
    0.6991309754538041,
    0.7435346485355495,
    0.7641463608211561,
    0.7809770260257518,
    0.7876019463481067,
    0.7592619215296313,
    0.7569435263902113,
    0.7571695239145235,
    0.766392545829802,
    0.7713118334101632,
    0.7696425071136886,
    0.7709371427163682,
    0.7809847009583749,
    0.783273438046614,
    0.7872806778922607,
    0.788515381606196,
    0.7843789266923913,
    0.7901465092559381,
    0.7945875781333849,
    0.7955495612544732,
    0.798518272284533,
    0.8045560529814318,
    0.8046251599772939,
    0.797178714040687,
    0.8045004686490382,
    0.8064222724626541,
    0.8053976614510981,
    0.8083825177601107,
    0.8097447385643676,
    0.8088096079534486
  ],
  "train_fpr": [
    0.4224811709535313,
    0.33338070200369474,
    0.33750177632513856,
    0.3344700198920148,
    0.329259627682251,
    0.2006251776072748,
    0.08242148642887594,
    0.0711849957374254,
    0.07744777604092654,
    0.061816114821656956,
    0.06494244706551087,
    0.06309506892141538,
    0.06948983942020748,
    0.0711951115532187,
    0.07588460991899958,
    0.06281085689924684,
    0.058689782577803044,
    0.06281085689924684,
    0.0606792667329828,
    0.05598976836720193,
    0.06224243285490976,
    0.07488986784140969,
    0.07005826346454455,
    0.04860025579081995,
    0.06394770498792099,
    0.06366349296575245,
    0.05996873667756146,
    0.06167400881057269,
    0.06408981099900526,
    0.059542418644308655
  ],
  "train_fnr": [
    0.03207160171545777,
    0.032444527316800295,
    0.026477717695319782,
    0.023685192092502798,
    0.021070296475853068,
    0.06359567325624767,
    0.08838336751818013,
    0.09716523685192092,
    0.09024799552489278,
    0.09099384672757785,
    0.09490956554167444,
    0.0950960283423457,
    0.08260302069737087,
    0.08223009509602834,
    0.07812791348126048,
    0.08185716949468581,
    0.08987506992355025,
    0.08278948349804215,
    0.07794145068058922,
    0.08055192988998695,
    0.07626328547454783,
    0.0654484430356144,
    0.06917769904903971,
    0.0874510535148238,
    0.07197464105910871,
    0.06917769904903971,
    0.07216110385977997,
    0.06955062465038225,
    0.06675368264031326,
    0.07234756666045124
  ],
  "val_loss": [
    0.38953045925846064,
    0.3549594314809698,
    0.2968238317156143,
    0.32677096517579834,
    0.3198916942397826,
    0.4877272435729086,
    0.3647611153468381,
    0.4005799881678863,
    0.4494035301716441,
    0.7695315137668682,
    0.42122671661259486,
    0.3710900673466007,
    0.4447175369863092,
    0.3286883733405249,
    0.3303210664812448,
    0.30152622573893434,
    0.36605621306565556,
    0.341553243138168,
    0.416769981851978,
    0.415821536227952,
    0.3858241179454936,
    0.3283697555535031,
    0.4425893344474535,
    0.28962903353963454,
    0.3144583374914462,
    0.3563273046111321,
    0.31208593550607233,
    0.4259846285039926,
    0.3510754423365541,
    0.27997232583099907
  ],
  "val_dice": [
    0.6837021961046832,
    0.7214915309903505,
    0.757069893510346,
    0.7370520644379358,
    0.7441738653357012,
    0.6382113272895235,
    0.7240863433066946,
    0.7045837709285917,
    0.6642606851393289,
    0.5017163152160653,
    0.6987098016225508,
    0.7041657574637963,
    0.6599863974499877,
    0.7352626963035904,
    0.7314574517472817,
    0.7592286428613384,
    0.717840583584387,
    0.7177410717645701,
    0.7036983087223811,
    0.6933821964873015,
    0.6852085622557759,
    0.7433160321338333,
    0.6689473482052776,
    0.7551922478923833,
    0.7417183528090046,
    0.7097511969126054,
    0.7462421016318954,
    0.6469947865844643,
    0.7097027509969517,
    0.7681739516066809
  ],
  "val_fpr": [
    0.21965317919075145,
    0.2184971098265896,
    0.24624277456647398,
    0.27167630057803466,
    0.3988439306358382,
    0.08786127167630058,
    0.047398843930635835,
    0.05202312138728324,
    0.04161849710982659,
    0.004624277456647399,
    0.04971098265895954,
    0.04393063583815029,
    0.047398843930635835,
    0.04508670520231214,
    0.04277456647398844,
    0.046242774566473986,
    0.055491329479768786,
    0.03468208092485549,
    0.024277456647398842,
    0.05086705202312139,
    0.04508670520231214,
    0.07052023121387284,
    0.026589595375722544,
    0.035838150289017344,
    0.03815028901734104,
    0.03468208092485549,
    0.06589595375722543,
    0.020809248554913295,
    0.046242774566473986,
    0.04277456647398844
  ],
  "val_fnr": [
    0.06277372262773723,
    0.04671532846715328,
    0.0364963503649635,
    0.033576642335766425,
    0.01167883211678832,
    0.12116788321167883,
    0.11678832116788321,
    0.13138686131386862,
    0.14306569343065692,
    0.2510948905109489,
    0.08321167883211679,
    0.13138686131386862,
    0.12700729927007298,
    0.11094890510948906,
    0.1343065693430657,
    0.09635036496350365,
    0.09781021897810219,
    0.15182481751824817,
    0.12700729927007298,
    0.12700729927007298,
    0.12262773722627737,
    0.08759124087591241,
    0.1343065693430657,
    0.12116788321167883,
    0.11678832116788321,
    0.16204379562043797,
    0.09197080291970802,
    0.2,
    0.11240875912408758,
    0.10656934306569343
  ],
  "train_bce_loss": [
    0.05236370585351613,
    0.03106986016326433,
    0.028389848737762152,
    0.02562484042617724,
    0.024402029384729986,
    0.04400885019082985,
    0.04267373368083125,
    0.039136765119508615,
    0.0350794707149345,
    0.03318811004950944,
    0.03304397773117702,
    0.03199481423968547,
    0.029333463905235866,
    0.027666028450290845,
    0.027648049400938617,
    0.026620235783821833,
    0.027062455587842385,
    0.02528195383771468,
    0.025954616784615903,
    0.024926213390362675,
    0.024028551834732032,
    0.02266617535060206,
    0.0227010526495862,
    0.024614048703929553,
    0.022903961355433333,
    0.022502314277051797,
    0.022290389299356752,
    0.02211716934680312,
    0.0214581304587334,
    0.021676369517384407
  ],
  "val_bce_loss": [
    0.06304755464177511,
    0.06487009200296386,
    0.04434067798178493,
    0.05668948801807094,
    0.056297582660565476,
    0.12339731037946432,
    0.08449897383115369,
    0.09990383949127375,
    0.11061788828793682,
    0.269821939464271,
    0.11646412768168375,
    0.07151598183941232,
    0.10259846061838614,
    0.060606246210046684,
    0.05626052103165102,
    0.056442596819965565,
    0.07998896242675106,
    0.055997563681538035,
    0.11747199175811379,
    0.10541585227253636,
    0.06748136205489945,
    0.06585705441534927,
    0.10794488064346522,
    0.041543939163106204,
    0.05232928652047812,
    0.06328619865132971,
    0.053038383036151694,
    0.07074493677763227,
    0.05696925605837609,
    0.044999789853960984
  ],