{
  "thresholds": [
    0.5,
    0.55,
    0.6,
    0.65,
    0.7
  ],
  "val_dice_by_threshold": {
    "0.50": 0.7681739516066809,
    "0.55": 0.7665774585774345,
    "0.60": 0.7649798742611043,
    "0.65": 0.7630982517978571,
    "0.70": 0.7611472763284279
  },
  "best_threshold": 0.5,
  "best_val_dice": 0.7681739516066809
}