{
  "dice": 0.6331501325956544,
  "hd95_mean": 15.350945472717285,
  "hd95_median": 7.8102498054504395,
  "hd95_count": 601,
  "fpr": 0.050059594755661505,
  "fnr": 0.15471167369901548,
  "selected_threshold": 0.5
}