{
  "dice": 0.73653384896438,
  "hd95_mean": 16.536333084106445,
  "hd95_median": 8.089850425720215,
  "hd95_count": 699,
  "fpr": 0.3206197854588796,
  "fnr": 0.016877637130801686,
  "selected_threshold": 0.5
}