{
  "train_loss": [
    0.4205159873357965,
    0.300907445907226,
    0.27459218249116707,
    0.25822218682991355,
    0.2463314153357551,
    0.23777561128707703,
    0.23238219539547186,
    0.22546094192465294,
    0.22125067418910396,
    0.2153342584241477,
    0.21200489814794543,
    0.20623109168153372,
    0.2036968344440828,
    0.20093302795972237,
    0.196987361097288,
    0.19443041840113118,
    0.19155342090314345,
    0.18865585794667855,
    0.18542802865552202,
    0.18329454305280107,
    0.1825915129677103,
    0.17817243198222846,
    0.17639823164148338,
    0.1753120046293385,
    0.17246345819222234,
    0.16987570336461205,
    0.16921690133794984,
    0.16692843728034254,
    0.1655386890144576,
    0.16226386545240218
  ],
  "train_dice": [
    0.6917501681747981,
    0.7453021183846136,
    0.7656074556991467,
    0.777935099435139,
    0.7875142188929299,
    0.7942396530274767,
    0.7985012478110213,
    0.8035431611197983,
    0.8076858359338472,
    0.8120296566736536,
    0.8150397401435727,
    0.8198682944349904,
    0.8221702676751976,
    0.8245836674393268,
    0.8273115512018371,
    0.8294381869601483,
    0.8315573335905166,
    0.8345621774692394,
    0.8374343680057837,
    0.8391446318976136,
    0.8396288548727662,
    0.8436341648697353,
    0.84492723233845,
    0.8454764165430873,
    0.8481322121661439,
    0.8504247458784683,
    0.8505670580177327,
    0.8527877428436895,
    0.8544569881360282,
    0.8571133873978174
  ],
  "train_fpr": [
    0.4541708114253233,
    0.38070200369475626,
    0.3303964757709251,
    0.30126474349865,
    0.2973856209150327,
    0.2812277959357681,
    0.28222253801335795,
    0.2940173369333523,
    0.26232769646156034,
    0.2826488560466108,
    0.27326985931504905,
    0.2633224385391502,
    0.2897541566008242,
    0.27625408554781866,
    0.26669508383063373,
    0.2406933788007957,
    0.26673298280517266,
    0.2756856615034816,
    0.26616455876083556,
    0.23902231064374024,
    0.2401591587324144,
    0.24683814125337503,
    0.23532755435554925,
    0.24484865709819525,
    0.2408696887878357,
    0.25891715219553785,
    0.26076453033963337,
    0.25049730036942314,
    0.23987494671024584,
    0.2592013642177064
  ],
  "train_fnr": [
    0.028155882901361177,
    0.023494312884579528,
    0.024986015289949655,
    0.02703710609733358,
    0.024058187243565832,
    0.023494312884579528,
    0.02629125489464852,
    0.02666418049599105,
    0.02368077568525079,
    0.02293492448256573,
    0.019392131269811673,
    0.019205668469140406,
    0.016408726459071415,
    0.01752750326309901,
    0.01678478179783663,
    0.01864975755315181,
    0.016035800857728884,
    0.013425321648331158,
    0.016595189259742682,
    0.017900428864441546,
    0.01752750326309901,
    0.014917024053701287,
    0.014917024053701287,
    0.016408726459071415,
    0.015849338057057617,
    0.01379824724967369,
    0.01566287525638635,
    0.013241327862737785,
    0.012306544844303562,
    0.010814842438933433
  ],
  "val_loss": [
    0.36050712905117194,
    0.39784635150410835,
    0.7527288149688801,
    0.3860534988534059,
    0.3495873402341874,
    0.36650197416761493,
    0.3490961076215888,
    0.3088693980671411,
    0.3121080296807481,
    0.34533469201385103,
    0.30836225281721047,
    0.3132206283890418,
    0.3130008083734199,
    0.30432227730587885,
    0.2841489882745447,
    0.3302443211041663,
    0.32342061258743715,
    0.3070345164215478,
    0.25979910090456915,
    0.2880684131171799,
    0.27780969684848383,
    0.3172430493889281,
    0.26504246805434245,
    0.2840514753013849,
    0.2866140996860544,
    0.25710846851613833,
    0.28258172267381726,
    0.24021469267615436,
    0.25187921768231114,
    0.2709179360854582
  ],
  "val_dice": [
    0.7117833055610204,
    0.690854587090494,
    0.40626825405510797,
    0.6964447290249115,
    0.737858167268934,
    0.7160426916133096,
    0.720472110497908,
    0.7455205963339901,
    0.7428917823264198,
    0.7308331714875071,
    0.7560526221936201,
    0.7532940758460195,
    0.7501128053360612,
    0.7487104191370036,
    0.768195963667257,
    0.7323578083384646,
    0.743653241931087,
    0.7522201589560205,
    0.787210142307908,
    0.7653639839513459,
    0.76928433449599,
    0.7496503666423968,
    0.7806163368433932,
    0.7664933783403278,
    0.7729894617178145,
    0.7857042315232493,
    0.775951198504789,
    0.8042886678972383,
    0.7988280448600323,
    0.7789801930859142
  ],
  "val_fpr": [
    0.3514450867052023,
    0.21734104046242775,
    0.023121387283236993,
    0.14797687861271677,
    0.19190751445086704,
    0.19190751445086704,
    0.11676300578034682,
    0.223121387283237,
    0.11907514450867052,
    0.1976878612716763,
    0.1630057803468208,
    0.2,
    0.23930635838150288,
    0.09364161849710982,
    0.1329479768786127,
    0.10520231213872833,
    0.19190751445086704,
    0.12947976878612716,
    0.22196531791907514,
    0.14913294797687862,
    0.13988439306358383,
    0.13179190751445086,
    0.1791907514450867,
    0.1653179190751445,
    0.18959537572254334,
    0.18728323699421964,
    0.16416184971098266,
    0.27630057803468205,
    0.14566473988439307,
    0.15375722543352602
  ],
  "val_fnr": [
    0.02335766423357664,
    0.04671532846715328,
    0.22335766423357664,
    0.05401459854014599,
    0.030656934306569343,
    0.035036496350364967,
    0.072992700729927,
    0.027737226277372264,
    0.06715328467153285,
    0.032116788321167884,
    0.035036496350364967,
    0.027737226277372264,
    0.026277372262773723,
    0.06715328467153285,
    0.033576642335766425,
    0.04525547445255475,
    0.030656934306569343,
    0.03941605839416058,
    0.024817518248175182,
    0.0364963503649635,
    0.033576642335766425,
    0.03795620437956204,
    0.021897810218978103,
    0.03795620437956204,
    0.033576642335766425,
    0.024817518248175182,
    0.026277372262773723,
    0.010218978102189781,
    0.03795620437956204,
    0.030656934306569343
  ],
  "train_bce_loss": [
    0.05597753133909372,
    0.037434493985432284,
    0.03326282826521049,
    0.030633093462401423,
    0.028427533784405476,
    0.027096855884125703,
    0.026006640610599315,
    0.02460403981092082,
    0.02437238819602251,
    0.023249094026469203,
    0.02274996778764636,
    0.022240174744388976,
    0.02186587275240618,
    0.021669279042877417,
    0.020806021119980145,
    0.02029949875786963,
    0.019824653894247996,
    0.019641219337922435,
    0.019427586513632418,
    0.019027574135952047,
    0.01893680237856487,
    0.018452716515620797,
    0.018135922374909717,
    0.017934741034738674,
    0.01759986314743726,
    0.017321202613870226,
    0.01702973424735782,
    0.016987478031837377,
    0.01702537430738287,
    0.016604781179213508
  ],
  "val_bce_loss": [
    0.06406123528144846,
    0.08261471138073193,
    0.16377670376027942,
    0.07900064945527174,
    0.08315817022600117,
    0.0786838439497676,
    0.0664546012012101,
    0.04868561181207493,
    0.052208764560564835,
    0.07226375350688267,
    0.06132278652758895,
    0.06368976482190192,
    0.06125538584510252,
    0.052284706434779664,
    0.04950167058251567,
    0.06149824476844621,
    0.06599683283648053,
    0.05792036277648184,
    0.04494639881202495,
    0.05208535516570003,
    0.044983426569412926,
    0.06393265239293194,
    0.04342325006142797,
    0.0503737021809279,
    0.05767881039207772,
    0.04104234103088345,
    0.057220235571231653,
    0.04270121314712413,
    0.04906104759565541,
    0.04785737886168335
  ],