{
  "dice": 0.7380740396500305,
  "hd95_mean": 16.199764251708984,
  "hd95_median": 8.16003704071045,
  "hd95_count": 697,
  "fpr": 0.29916567342073896,
  "fnr": 0.01969057665260197
}