{
  "dice": 0.754179074544775,
  "hd95_mean": 15.769851684570312,
  "hd95_median": 6.324555397033691,
  "hd95_count": 741,
  "fpr": 0.2707808564231738,
  "fnr": 0.01984126984126984,
  "selected_threshold": 0.5
}