{
  "selected_threshold": 0.7,
  "dice": 0.7596140738537229,
  "hd95_median": 5.830951690673828,
  "fnr": 0.022486772486772486,
  "fpr": 0.2531486146095718
}