{
  "thresholds": [
    0.5,
    0.55,
    0.6,
    0.65,
    0.7
  ],
  "val_dice_by_threshold": {
    "0.50": 0.7830796133842256,
    "0.55": 0.7846277972969872,
    "0.60": 0.7859792404760344,
    "0.65": 0.787108904870487,
    "0.70": 0.787930616340799
  },
  "best_threshold": 0.7,
  "best_val_dice": 0.787930616340799
}