{
  "train_loss": [
    1.3258365909610301,
    1.2182440681534699,
    1.0929772340779207,
    0.8693035414944924,
    0.743182372977574,
    0.6632493563781415,
    0.6172938774911733,
    0.5947448326667703,
    0.5689532278700139,
    0.5397328894286313,
    0.5330470927327078,
    0.5030408468275733,
    0.5005470108713873,
    0.4772463136006453,
    0.46224505848541353,
    0.4612219142516339,
    0.4466293085551961,
    0.4315889664727581,
    0.4243641902071854,
    0.42350519146081544,
    0.40660862088928074,
    0.4059334480074647,
    0.39346121088538744,
    0.38544069122291585,
    0.3800989782106274,
    0.37202420682347637,
    0.36981188716666663,
    0.36142679070460776,
    0.35713115228115017,
    0.35066570720011
  ],
  "train_dice": [
    0.6369432875260923,
    0.6884370782611441,
    0.7025000397998356,
    0.7188833367909095,
    0.7334150269169998,
    0.741176194918875,
    0.7467222800564831,
    0.7507614470177769,
    0.7553902691178418,
    0.7593305766431881,
    0.7626359542568125,
    0.7625783274824749,
    0.7664473310780803,
    0.7717098072773282,
    0.7725638087359209,
    0.7784508112034261,
    0.7787639292326171,
    0.7845171340183628,
    0.7864278084559841,
    0.7880868634731311,
    0.7913040981727927,
    0.7933250976507511,
    0.7945907457137861,
    0.7989591149877813,
    0.8013418716975549,
    0.8032638474674165,
    0.8050965422200811,
    0.8081310737001667,
    0.8083275525966557,
    0.8111945999840534
  ],
  "train_fpr": [
    0.4609310058187864,
    0.37281795511221943,
    0.3571626489332225,
    0.3478802992518703,
    0.3196176226101413,
    0.3255749515101136,
    0.3265447492380161,
    0.31472503116775175,
    0.314214463840399,
    0.3064560820171793,
    0.300221668052092,
    0.28470490440565255,
    0.32128013300083125,
    0.32169576059850374,
    0.32405098365198115,
    0.3155561712148497,
    0.313660293710169,
    0.3258520365752286,
    0.3115821557218066,
    0.2927403712939873,
    0.30354668883347186,
    0.30396231643114435,
    0.30174563591022446,
    0.315599889165974,
    0.3183707398171239,
    0.3149071765031865,
    0.2946799667497922,
    0.29578830701025216,
    0.2967581047381546,
    0.29966749792186204
  ],
  "train_fnr": [
    0.01968351987649556,
    0.02431493631802393,
    0.01949054419143188,
    0.02257815515245079,
    0.023736009262832883,
    0.02277113083751447,
    0.021034349671941337,
    0.02219648716464003,
    0.020069471246622925,
    0.01968351987649556,
    0.016981860285604014,
    0.019104592821304514,
    0.014473176379776149,
    0.014280200694712466,
    0.013894249324585103,
    0.012159814707585408,
    0.014280200694712466,
    0.011578541103820918,
    0.013894249324585103,
    0.014473176379776149,
    0.013122346584330374,
    0.015052103434967195,
    0.014087225009648784,
    0.013894249324585103,
    0.010806638363566191,
    0.010613662678502509,
    0.011192589733693555,
    0.010806638363566191,
    0.011385565418757236,
    0.01273639521420301
  ],
  "val_loss": [
    1.7809034144224605,
    1.4350383684166477,
    0.8455805709092026,
    0.6728843884845065,
    0.8246125118684905,
    1.4489230866573135,
    1.2084411464610332,
    1.385689792045501,
    1.5425066748193526,
    1.135447949043706,
    0.7591541216117025,
    1.210271273912103,
    1.604480138722478,
    1.909215426109625,
    1.529922684829714,
    1.574119675161577,
    1.2168139287103446,
    1.0149925242249782,
    1.19928888396023,
    1.5672003061555728,
    1.3937528597302415,
    1.1043488168690958,
    1.8350871832791897,
    1.726410814001095,
    1.4316080622481144,
    1.7972336918051937,
    1.6226195286311995,
    1.0291774578159012,
    1.145153076210168,
    1.6421698435207037
  ],
  "val_dice": [
    0.695926234492252,
    0.7140455633677818,
    0.6985604355215862,
    0.7118856174187427,
    0.7597856920775016,
    0.7553527218228646,
    0.7598734378835924,
    0.7341795851850611,
    0.7465836253638068,
    0.7312893889727671,
    0.7503258793951779,
    0.7738260919880918,
    0.7622676510735285,
    0.7352127275533147,
    0.7446181840081553,
    0.7538428408640339,
    0.7562342912192188,
    0.7375326781849406,
    0.7562024808651967,
    0.7576157424885493,
    0.7457872457706776,
    0.7550066480853533,
    0.7579502331111527,
    0.757876826682396,
    0.7693340084581846,
    0.773523940607916,
    0.771464659011209,
    0.7584854982636784,
    0.7830796133842256,
    0.7681807548257434
  ],
  "val_fpr": [
    0.21462264150943397,
    0.23820754716981132,
    0.33372641509433965,
    0.44575471698113206,
    0.29127358490566035,
    0.24528301886792453,
    0.22169811320754718,
    0.12735849056603774,
    0.1804245283018868,
    0.21816037735849056,
    0.3113207547169811,
    0.30306603773584906,
    0.1875,
    0.16273584905660377,
    0.3125,
    0.23820754716981132,
    0.19811320754716982,
    0.2841981132075472,
    0.2653301886792453,
    0.2240566037735849,
    0.23702830188679244,
    0.22995283018867924,
    0.23702830188679244,
    0.29245283018867924,
    0.3231132075471698,
    0.3231132075471698,
    0.23820754716981132,
    0.35141509433962265,
    0.3384433962264151,
    0.21226415094339623
  ],
  "val_fnr": [
    0.06837606837606838,
    0.05413105413105413,
    0.021367521367521368,
    0.01566951566951567,
    0.02564102564102564,
    0.04843304843304843,
    0.039886039886039885,
    0.07122507122507123,
    0.04843304843304843,
    0.03561253561253561,
    0.022792022792022793,
    0.017094017094017096,
    0.045584045584045586,
    0.045584045584045586,
    0.02564102564102564,
    0.045584045584045586,
    0.03276353276353276,
    0.02564102564102564,
    0.018518518518518517,
    0.017094017094017096,
    0.03561253561253561,
    0.029914529914529916,
    0.018518518518518517,
    0.024216524216524215,
    0.009971509971509971,
    0.019943019943019943,
    0.011396011396011397,
    0.01282051282051282,
    0.011396011396011397,
    0.03276353276353276
  ],
  "train_bce_loss": [
    0.884208540361614,
    0.8720084854733416,
    0.7645067951404024,
    0.562197103427575,
    0.4528712937294296,
    0.38219133988424037,
    0.3429547413378549,
    0.32538484288861297,
    0.30493902247066157,
    0.2797582747356478,
    0.27696105527283754,
    0.2472008316254339,
    0.248194128636205,
    0.23048382548332094,
    0.21718370890241606,
    0.22191906981438914,
    0.20836889878457607,
    0.19962127447931072,
    0.1944635249561432,
    0.1953576455382813,
    0.18224874368659122,
    0.1838586921604835,
    0.17342086942601442,
    0.1693419980205621,
    0.16638252544819782,
    0.1607125301657382,
    0.16016176060233545,
    0.154926963275386,
    0.1518792273522639,
    0.14801796530715317
  ],
  "val_bce_loss": [
    1.4575206726494954,
    1.1312695156751025,
    0.5147305848378757,
    0.36548561447610456,
    0.5644578304343414,
    1.188052919403082,
    0.9423073812479424,
    1.1069602219194195,
    1.2749838811501946,
    0.8539809558070941,
    0.4926516856312317,
    0.9663356665761987,
    1.3536072893199536,
    1.636446241690695,
    1.2623591940595298,
    1.312117480148861,
    0.959863712063903,
    0.7450571991675706,
    0.9442368539426996,
    1.3099729949246928,
    1.1296505606560796,
    0.850555694567841,
    1.578527284255437,
    1.4686374060326703,
    1.1868660914813807,
    1.5559553847252856,
    1.3840042317891095,
    0.7723859074270815,
    0.9121256177565693,
    1.3993703743238586
  ],