{
  "dice": 0.754179074544775,
  "hd95_mean": 15.15245246887207,
  "hd95_median": 5.830951690673828,
  "hd95_count": 739,
  "fpr": 0.2531486146095718,
  "fnr": 0.022486772486772486
}