{
  "dice": 0.7583565715621546,
  "hd95_mean": 14.047362327575684,
  "hd95_median": 5.0,
  "hd95_count": 737,
  "fpr": 0.1561712846347607,
  "fnr": 0.02513227513227513
}