{
  "selected_threshold": 0.65,
  "dice": 0.7645402801710934,
  "hd95_median": 5.266178131103516,
  "fnr": 0.023809523809523808,
  "fpr": 0.16624685138539042
}