{
  "thresholds": [
    0.5,
    0.55,
    0.6,
    0.65,
    0.7
  ],
  "val_dice_by_threshold": {
    "0.50": 0.7805123607020432,
    "0.55": 0.7815196957396731,
    "0.60": 0.7824393519415305,
    "0.65": 0.7831515447313544,
    "0.70": 0.7831027131856676
  },
  "best_threshold": 0.65,
  "best_val_dice": 0.7831515447313544
}