{
  "train_loss": [
    1.098139773259196,
    0.8321114064991152,
    0.6938181806259384,
    0.6338158617855062,
    0.5968896625559907,
    0.5495483429835759,
    0.5269594288289846,
    0.50344941884262,
    0.4861029935652043,
    0.4698852914561985,
    0.44458703902761754,
    0.44122093121565387,
    0.4197279376264292,
    0.40593947510302225,
    0.40542659721477803,
    0.38496196532384025,
    0.3810977595755834,
    0.36780472020415533,
    0.3602492415128022,
    0.3532861754160183,
    0.3455032760436265,
    0.3420968681835544,
    0.3354941577586266,
    0.321808571113106,
    0.3208841953896754,
    0.3162826025906687,
    0.31117244063801447,
    0.30625710886910656,
    0.43232027798336087,
    0.4261517097461079
  ],
  "train_dice": [
    0.5781061266952741,
    0.6471537051758959,
    0.6787124845293282,
    0.7006081050644755,
    0.711338163541605,
    0.7189980290754832,
    0.7246729040624709,
    0.7312431553421744,
    0.7355114640371941,
    0.7399379812932326,
    0.7435476924328688,
    0.7504938935867461,
    0.7539287745393309,
    0.7566235198215008,
    0.7602501443198324,
    0.7659356227556703,
    0.7673259172229142,
    0.7727859517520229,
    0.7759657967386359,
    0.7796153227999211,
    0.7832528140977462,
    0.7847942651543495,
    0.7891945560732896,
    0.793368115734948,
    0.7927384599818643,
    0.7944036439547854,
    0.7977749725795825,
    0.7999381916424053,
    0.7832910504924663,
    0.7879365691113591
  ],
  "train_fpr": [
    0.512330285397617,
    0.45303408146300916,
    0.4279578830701025,
    0.37572734829592686,
    0.3694929343308396,
    0.35730119146578,
    0.34995843724023273,
    0.3448323635356054,
    0.328761429758936,
    0.3318093654752009,
    0.3294541424217235,
    0.3255749515101136,
    0.3265447492380161,
    0.3254364089775561,
    0.31629260182876145,
    0.31255195344970904,
    0.31532280410085894,
    0.3111665281241341,
    0.28512053200332504,
    0.3183707398171239,
    0.3056248268218343,
    0.29329454142421724,
    0.29620393460792466,
    0.29093931837073983,
    0.28387364921030755,
    0.2809642560266002,
    0.30146855084510943,
    0.2750069271266279,
    0.15807702964810197,
    0.08090883901357716
  ],
  "train_fnr": [
    0.01659590891547665,
    0.01466615206483983,
    0.015052103434967195,
    0.017946738710922425,
    0.013894249324585103,
    0.012350443844075647,
    0.013122346584330374,
    0.011385565418757236,
    0.009262832883056734,
    0.009262832883056734,
    0.00984175993824778,
    0.006754148977228869,
    0.007719027402547279,
    0.00984175993824778,
    0.008297954457738324,
    0.0075260517174835975,
    0.00887688151292937,
    0.007333076032419915,
    0.009262832883056734,
    0.007719027402547279,
    0.010034735623311463,
    0.009069857197993053,
    0.008104978772674644,
    0.006561173292165187,
    0.008104978772674644,
    0.009262832883056734,
    0.008490930142802007,
    0.007912003087610961,
    0.02720957159397916,
    0.03049015824006175
  ],
  "val_loss": [
    1.1587638864532495,
    0.8909823410531394,
    0.8048393937554794,
    1.1779191932956716,
    1.3069586391292747,
    1.8120655071446699,
    0.9559349209027752,
    1.3414111253288057,
    1.7819968135311053,
    0.9319543597365376,
    1.2212916648710554,
    0.979481640736177,
    1.2092021825561496,
    1.2339895893196096,
    1.060897220424947,
    1.3703849948518128,
    1.2089035766798886,
    1.348362552177193,
    1.0954875169571308,
    1.0963887357261786,
    1.1805456257571183,
    1.7369834530217696,
    1.3710019100786444,
    0.9883741834691787,
    1.380724096251519,
    1.1155972254284767,
    1.0923004014433448,
    1.5295232043965081,
    2.9447235399246896,
    2.6724205631921945
  ],
  "val_dice": [
    0.6329989989428778,
    0.6949006258244719,
    0.739952083873069,
    0.7155709490909684,
    0.6914331151246812,
    0.6822248025932628,
    0.7285412049552484,
    0.7164417631351031,
    0.6643941055683478,
    0.7283303534009751,
    0.7380676986609832,
    0.7278923872868899,
    0.7237809126071653,
    0.735992327190543,
    0.7115931067286734,
    0.7511756219012276,
    0.7509410331169,
    0.7245893444059326,
    0.7530460504236555,
    0.7619270356133198,
    0.7672963322928319,
    0.7548042967108919,
    0.7375548513967045,
    0.7652493902930507,
    0.7608396198038022,
    0.7805123607020432,
    0.7672190945754703,
    0.7554258499719054,
    0.7374877534870409,
    0.7372347810902656
  ],
  "val_fpr": [
    0.20636792452830188,
    0.3643867924528302,
    0.22877358490566038,
    0.14268867924528303,
    0.16981132075471697,
    0.20400943396226415,
    0.2983490566037736,
    0.2099056603773585,
    0.11084905660377359,
    0.21933962264150944,
    0.23820754716981132,
    0.35141509433962265,
    0.2665094339622642,
    0.15330188679245282,
    0.25707547169811323,
    0.18160377358490565,
    0.23820754716981132,
    0.18396226415094338,
    0.23938679245283018,
    0.17570754716981132,
    0.27712264150943394,
    0.2134433962264151,
    0.24056603773584906,
    0.22877358490566038,
    0.18396226415094338,
    0.20047169811320756,
    0.17806603773584906,
    0.25825471698113206,
    0.09905660377358491,
    0.03773584905660377
  ],
  "val_fnr": [
    0.09259259259259259,
    0.03276353276353276,
    0.03418803418803419,
    0.04843304843304843,
    0.03561253561253561,
    0.04131054131054131,
    0.01282051282051282,
    0.022792022792022793,
    0.06125356125356125,
    0.039886039886039885,
    0.01282051282051282,
    0.017094017094017096,
    0.009971509971509971,
    0.03418803418803419,
    0.005698005698005698,
    0.02849002849002849,
    0.017094017094017096,
    0.03133903133903134,
    0.017094017094017096,
    0.022792022792022793,
    0.014245014245014245,
    0.022792022792022793,
    0.008547008547008548,
    0.014245014245014245,
    0.011396011396011397,
    0.009971509971509971,
    0.01282051282051282,
    0.01566951566951567,
    0.0584045584045584,
    0.0698005698005698
  ],
  "train_bce_loss": [
    0.5986476434938918,
    0.44461045869949967,
    0.3434706350953999,
    0.308205456576139,
    0.2823180242215414,
    0.24379782139449277,
    0.22775153367873066,
    0.2122253204725265,
    0.19940746303455723,
    0.1885273700588493,
    0.16760674434352688,
    0.17207931443793317,
    0.15438326668160146,
    0.14380188662668336,
    0.14785046079586484,
    0.13329142279867606,
    0.13106850461665195,
    0.12399915378155789,
    0.12037447789536206,
    0.11694191795168948,
    0.11365195178499679,
    0.11127540806571862,
    0.10996795339633045,
    0.10068351358954555,
    0.09961344013836639,
    0.09721543962062315,
    0.09555681371262145,
    0.09346672760892231,
    0.20672883292188704,
    0.20457780018152466
  ],
  "val_bce_loss": [
    0.7798412266443417,
    0.5605955348917923,
    0.5232830304729399,
    0.8795927925827379,
    0.9827807065188364,
    1.4733762420044596,
    0.6621099114789497,
    1.0470639687460022,
    1.4449351948654103,
    0.6486581247989778,
    0.9434193807144642,
    0.6920453167299573,
    0.9189421064525503,
    0.9623247842023155,
    0.7580780230503678,
    1.108712619068393,
    0.9460837156080676,
    1.0626679529327145,
    0.8386786899508171,
    0.8476850746877417,
    0.9354755868040757,
    1.4836907712225285,
    1.096504273142651,
    0.7432645927382331,
    1.1317971098884154,
    0.8839846037691751,
    0.8514983068343698,
    1.2770919498438253,
    2.6743038372425865,
    2.403898442226417
  ],