{
  "dice": 0.7583565715621546,
  "hd95_mean": 14.885787963867188,
  "hd95_median": 5.830951690673828,
  "hd95_count": 741,
  "fpr": 0.18639798488664988,
  "fnr": 0.01984126984126984,
  "selected_threshold": 0.5
}