{
  "dice": 0.771331354926424,
  "hd95_mean": 15.046427726745605,
  "hd95_median": 5.0,
  "hd95_count": 742,
  "fpr": 0.31863979848866497,
  "fnr": 0.018518518518518517
}