{
  "thresholds": [
    0.5,
    0.55,
    0.6,
    0.65,
    0.7
  ],
  "val_dice_by_threshold": {
    "0.50": 0.8113961476179906,
    "0.55": 0.8110134406545945,
    "0.60": 0.8104873117579524,
    "0.65": 0.8101384732659981,
    "0.70": 0.8096496634585969
  },
  "best_threshold": 0.5,
  "best_val_dice": 0.8113961476179906
}