{
  "train_loss": [
    0.43176760221822513,
    0.3148160119304115,
    0.2896508520568995,
    0.27867957608704574,
    0.26726335558223646,
    0.25761768370845206,
    0.2550736252820196,
    0.24799153878450947,
    0.24640047655734534,
    0.23912359024813187,
    0.2342167843711199,
    0.23030762330297164,
    0.22651021628231183,
    0.22211162398692574,
    0.21866468737453268,
    0.21528911656067093,
    0.21276034046876033,
    0.20919889723432772,
    0.20509995321161967,
    0.2033335955886135,
    0.204053430478705,
    0.20087643951736175,
    0.19774160150112172,
    0.19567209636718494,
    0.19418715529660693,
    0.19360038845514824,
    0.19109352001063426,
    0.1898839025789119,
    0.1882992915011905,
    0.18765170802497055
  ],
  "train_dice": [
    0.6774036299202365,
    0.7296740094032454,
    0.7502762981777092,
    0.7588919699546999,
    0.7680279433661485,
    0.775692792735679,
    0.7778016494541504,
    0.7834576902302167,
    0.78439973410683,
    0.7903962650137327,
    0.7937910561721206,
    0.7973555688685527,
    0.8000896020338805,
    0.8036552860601243,
    0.8062255104694771,
    0.8094096208478381,
    0.8114185832914962,
    0.8141213809526879,
    0.8176110096668321,
    0.8190069350143316,
    0.8180253259482316,
    0.821237177539161,
    0.8244484567327123,
    0.8254488948435174,
    0.826548175396709,
    0.8268451472709839,
    0.8293974606788619,
    0.8304933526440708,
    0.8316913795686571,
    0.8323280216367986
  ],
  "train_fpr": [
    0.35563868107509006,
    0.30465502909393183,
    0.3315322804100859,
    0.3232197284566362,
    0.314491548905514,
    0.35092823496813524,
    0.31892490994735384,
    0.3288999722914935,
    0.300221668052092,
    0.3228041008589637,
    0.3114436131892491,
    0.32959268495428096,
    0.3068717096148518,
    0.3083956774729842,
    0.2955112219451372,
    0.30701025214740923,
    0.2881684677195899,
    0.3064560820171793,
    0.2955112219451372,
    0.28941535051260736,
    0.2824882238847326,
    0.2707121086173455,
    0.285674702133555,
    0.2589359933499584,
    0.26697146023829316,
    0.2600443336104184,
    0.27209753394292047,
    0.2691881407592131,
    0.24674425048489887,
    0.2698808534220006
  ],
  "train_fnr": [
    0.04303357776920108,
    0.038788112697800074,
    0.03184098803550753,
    0.031069085295252798,
    0.026823620223851794,
    0.023543033577769202,
    0.025665766113469702,
    0.02238517946738711,
    0.024121960632960248,
    0.020841373986877652,
    0.021999228097259745,
    0.017946738710922425,
    0.021806252412196064,
    0.018525665766113468,
    0.020069471246622925,
    0.015824006175221922,
    0.019104592821304514,
    0.01563103049015824,
    0.017174835970667695,
    0.018139714395986106,
    0.016788884600540333,
    0.016788884600540333,
    0.015438054805094558,
    0.01775376302585874,
    0.01775376302585874,
    0.0192975685063682,
    0.018911617136240833,
    0.015824006175221922,
    0.01756078734079506,
    0.013508297954457738
  ],
  "val_loss": [
    0.3629984476489474,
    0.40480376803913176,
    0.3479191070990345,
    0.2669091440652341,
    0.37892940056714575,
    0.31787762311725026,
    0.24757978158267985,
    0.30793073395017717,
    0.29678939086546924,
    0.264119993900599,
    0.3828324162828447,
    0.22490867577822204,
    0.2786978242595141,
    0.2720690551678255,
    0.2699458611030609,
    0.27778123328701043,
    0.3100987430025115,
    0.2361214843995211,
    0.37519484965868316,
    0.24116208484964152,
    0.23765260180155945,
    0.30654060967436375,
    0.2654850702053546,
    0.26981274281599243,
    0.23986051357921712,
    0.2576162578840541,
    0.30068574256218566,
    0.254413333379178,
    0.26949161659406123,
    0.27919716534451544
  ],
  "val_dice": [
    0.6897496521748878,
    0.6545635356244093,
    0.6971905031360877,
    0.7735666122288839,
    0.6913166127679737,
    0.7307897087059214,
    0.790595777295636,
    0.7353461601922655,
    0.7483731819173465,
    0.781438914424822,
    0.6773298686234933,
    0.8113961476179906,
    0.7598204956498751,
    0.7685159775733608,
    0.7752756793317293,
    0.7639603253554796,
    0.7410410945635406,
    0.8040165737101496,
    0.694326751543729,
    0.7981225905722362,
    0.8023537681079828,
    0.7381103771534401,
    0.777564148431872,
    0.7793133240989131,
    0.8028991020939968,
    0.7828073402829574,
    0.7502591211131198,
    0.7926149370382272,
    0.777446812735154,
    0.7674549921764661
  ],
  "val_fpr": [
    0.2429245283018868,
    0.10849056603773585,
    0.18396226415094338,
    0.35495283018867924,
    0.19221698113207547,
    0.19929245283018868,
    0.2641509433962264,
    0.25943396226415094,
    0.25,
    0.3856132075471698,
    0.10849056603773585,
    0.3466981132075472,
    0.1721698113207547,
    0.15330188679245282,
    0.21108490566037735,
    0.2099056603773585,
    0.17099056603773585,
    0.27712264150943394,
    0.16745283018867924,
    0.27004716981132076,
    0.28773584905660377,
    0.12735849056603774,
    0.20636792452830188,
    0.23938679245283018,
    0.19103773584905662,
    0.2806603773584906,
    0.15212264150943397,
    0.27240566037735847,
    0.1792452830188679,
    0.1945754716981132
  ],
  "val_fnr": [
    0.07264957264957266,
    0.1467236467236467,
    0.09259259259259259,
    0.014245014245014245,
    0.08547008547008547,
    0.06552706552706553,
    0.024216524216524215,
    0.0698005698005698,
    0.022792022792022793,
    0.017094017094017096,
    0.07692307692307693,
    0.008547008547008548,
    0.039886039886039885,
    0.039886039886039885,
    0.022792022792022793,
    0.024216524216524215,
    0.04843304843304843,
    0.009971509971509971,
    0.05555555555555555,
    0.009971509971509971,
    0.011396011396011397,
    0.05698005698005698,
    0.014245014245014245,
    0.014245014245014245,
    0.019943019943019943,
    0.017094017094017096,
    0.022792022792022793,
    0.008547008547008548,
    0.018518518518518517,
    0.01566951566951567
  ],
  "train_bce_loss": [
    0.0596483158485558,
    0.039524124334911585,
    0.035904172027059617,
    0.034174167608802444,
    0.03192370763313935,
    0.030181555906016608,
    0.029883202406123313,
    0.028580386879958165,
    0.027970977266536582,
    0.026774586775861427,
    0.025527920441438087,
    0.02521091893682668,
    0.023974929339646588,
    0.02339398902505168,
    0.022643480371106566,
    0.02256491425906829,
    0.021937795374224703,
    0.02128494572291448,
    0.020848756128671528,
    0.02037455056311455,
    0.0202810930637288,
    0.020234094375104213,
    0.020172123439087215,
    0.019414239379539868,
    0.01922984152728246,
    0.019024224105614097,
    0.018900880426280905,
    0.01874362542326428,
    0.018611518003269413,
    0.018426508906349663
  ],
  "val_bce_loss": [
    0.050129028663959255,
    0.05921057818444715,
    0.04672113240383396,
    0.03818199036874164,
    0.06889273968429545,
    0.0477748903548675,
    0.03564439666621815,
    0.04292183051262571,
    0.045868738184194145,
    0.0437419172654995,
    0.059659040319578104,
    0.03278738973393855,
    0.03874198908868187,
    0.041443019749244234,
    0.04470947820307608,
    0.04178912488264735,
    0.05040761617888256,
    0.03858304549757099,
    0.06965967930837073,
    0.0383339782429201,
    0.038183454863757856,
    0.0459422784878347,
    0.0419893708909782,
    0.04789298145116477,
    0.04063962752071345,
    0.03977617961808109,
    0.051286848827279796,
    0.04500559342802374,
    0.04485039799397067,
    0.045848881834987754
  ],