{
  "selected_threshold": 0.5,
  "dice": 0.771331354926424,
  "hd95_median": 5.059412002563477,
  "fnr": 0.018518518518518517,
  "fpr": 0.3425692695214106
}