{
  "dice": 0.771331354926424,
  "hd95_mean": 15.195060729980469,
  "hd95_median": 5.059412002563477,
  "hd95_count": 742,
  "fpr": 0.3425692695214106,
  "fnr": 0.018518518518518517,
  "selected_threshold": 0.5
}