{
  "dice": 0.8152354965733494,
  "hd95_mean": 13.704998016357422,
  "hd95_median": 5.061886787414551,
  "hd95_count": 730,
  "fpr": 0.20698254364089774,
  "fnr": 0.02406417112299465
}