{
  "thresholds": [
    0.5,
    0.55,
    0.6,
    0.65,
    0.7
  ],
  "val_dice_by_threshold": {
    "0.50": 0.7306200118865513,
    "0.55": 0.7295858826416297,
    "0.60": 0.7284923839876857,
    "0.65": 0.7272526127705559,
    "0.70": 0.726021391246883
  },
  "best_threshold": 0.5,
  "best_val_dice": 0.7306200118865513
}