{
  "selected_threshold": 0.5,
  "dice": 0.8152354965733494,
  "hd95_median": 5.847856521606445,
  "fnr": 0.017379679144385027,
  "fpr": 0.23566084788029926
}