{
  "dice": 0.8152354965733494,
  "hd95_mean": 15.286605834960938,
  "hd95_median": 5.847856521606445,
  "hd95_count": 735,
  "fpr": 0.23566084788029926,
  "fnr": 0.017379679144385027,
  "selected_threshold": 0.5
}