{
  "train_loss": [
    0.44788817843635925,
    0.3239216723540767,
    0.30337022930471647,
    0.2833756571087562,
    0.2696669962169181,
    0.2575400285457709,
    0.25343794790599244,
    0.2489724660161715,
    0.24060048804303555,
    0.23660062940028878,
    0.23218919757863218,
    0.22870844621574324,
    0.22711123755296644,
    0.2245948767942981,
    0.21807819381729746,
    0.2170158675742633,
    0.21450025970158146,
    0.21233501500412374,
    0.20985200518872757,
    0.20863999221250526,
    0.20879141252028519,
    0.20557090549798182,
    0.20544239351137736,
    0.20093411890960214,
    0.19957662107980764,
    0.19902529848569855,
    0.19734858605166622,
    0.19711091981661774,
    0.19484741013756124,
    0.19243085038124946
  ],
  "train_dice": [
    0.6691007882696356,
    0.723865254078325,
    0.738182401141238,
    0.7540710223324243,
    0.7644300421646124,
    0.7743756612844841,
    0.776976711183622,
    0.7808446595799583,
    0.7879913798553452,
    0.7906462488815711,
    0.7938273416382137,
    0.7976563817553007,
    0.7987165564783385,
    0.8000706728759698,
    0.8064018535293183,
    0.8071943323419051,
    0.8089892327880789,
    0.8109489105798662,
    0.8134702396736343,
    0.8143097896497512,
    0.8135229057788247,
    0.8164825010838789,
    0.8166810010187747,
    0.8210200260884116,
    0.8219795990337351,
    0.8228159788839772,
    0.8241150510852396,
    0.824018368327144,
    0.8262244077920188,
    0.8282260103475839
  ],
  "train_fpr": [
    0.38037938844847113,
    0.2996885617214043,
    0.2955832389580974,
    0.2642978482446206,
    0.26684597961494905,
    0.2597678369195923,
    0.28553227633069084,
    0.2793035107587769,
    0.27052661381653453,
    0.2931766704416761,
    0.28723103057757643,
    0.3036523216308041,
    0.3139864099660249,
    0.27958663646659115,
    0.31412797281993204,
    0.29105322763306907,
    0.30266138165345413,
    0.29303510758776896,
    0.29657417893544735,
    0.30605889014722537,
    0.297281993204983,
    0.31200453001132505,
    0.3168176670441676,
    0.3043601359003397,
    0.29813137032842585,
    0.2894960362400906,
    0.29784824462061155,
    0.30025481313703284,
    0.29572480181200456,
    0.29855605889014725
  ],
  "train_fnr": [
    0.03954272863568216,
    0.034857571214392806,
    0.03654422788605697,
    0.03860569715142429,
    0.037481259370314844,
    0.03654422788605697,
    0.0363568215892054,
    0.03373313343328336,
    0.03298350824587706,
    0.030922038980509745,
    0.02942278860569715,
    0.02848575712143928,
    0.027548725637181408,
    0.031859070464767617,
    0.026611694152923537,
    0.024737631184407798,
    0.02586206896551724,
    0.025112443778110945,
    0.02623688155922039,
    0.022863568215892055,
    0.026799100449775112,
    0.02567466266866567,
    0.022488755622188907,
    0.019490254872563718,
    0.022488755622188907,
    0.021551724137931036,
    0.02230134932533733,
    0.024175412293853074,
    0.019302848575712146,
    0.020989505247376312
  ],
  "val_loss": [
    0.5282220241639979,
    0.39382542613589305,
    0.36568556555490084,
    0.35895085913498637,
    0.36903740898228593,
    0.36115019026739636,
    0.33299869351797523,
    0.3181198276468673,
    0.3768014457812989,
    0.3495634456053044,
    0.3290439428426713,
    0.41954203005354257,
    0.3496835325854273,
    0.33074199087380873,
    0.35452585281004345,
    0.324850641018026,
    0.3203395651916338,
    0.31554570915883223,
    0.32624502631975405,
    0.349705795693816,
    0.3658020392331512,
    0.32913852601767385,
    0.3247125015066823,
    0.34087818913870277,
    0.33527493600721125,
    0.34914646708416197,
    0.3395729439712253,
    0.3631434002157749,
    0.3177137417472445,
    0.33594292075128296
  ],
  "val_dice": [
    0.5537949589788249,
    0.6743041605330218,
    0.6989712124762373,
    0.698576005726477,
    0.6890550730182592,
    0.6916674639514881,
    0.7150249072138835,
    0.7306200118865513,
    0.680352137201254,
    0.7003701075933664,
    0.7215551461935885,
    0.6469457839874421,
    0.7064758814887917,
    0.7177762397264655,
    0.6955819370233375,
    0.7178681498465376,
    0.7241872823776409,
    0.7279155792483027,
    0.7209054926219348,
    0.6974171669185051,
    0.6878819173758222,
    0.7204640107760399,
    0.724704580472154,
    0.7079233820819992,
    0.7127904935959964,
    0.7014199684237035,
    0.7054588424614776,
    0.6877541805259098,
    0.7289762027799684,
    0.7116163010704836
  ],
  "val_fpr": [
    0.10148232611174458,
    0.3774230330672748,
    0.18814139110604333,
    0.35119726339794755,
    0.11972633979475485,
    0.12770809578107184,
    0.12200684150513112,
    0.22805017103762829,
    0.08209806157354618,
    0.1265678449258837,
    0.24401368301026224,
    0.08095781071835804,
    0.11288483466362599,
    0.17787913340935005,
    0.05701254275940707,
    0.13568985176738882,
    0.21322690992018245,
    0.26225769669327254,
    0.1619156214367161,
    0.1265678449258837,
    0.16647662485746864,
    0.17673888255416192,
    0.22120866590649943,
    0.1402508551881414,
    0.07981755986316989,
    0.14823261117445838,
    0.15849486887115166,
    0.13911060433295325,
    0.2120866590649943,
    0.23603192702394526
  ],
  "val_fnr": [
    0.19465081723625557,
    0.029717682020802376,
    0.05943536404160475,
    0.0237741456166419,
    0.07726597325408618,
    0.11589895988112928,
    0.08766716196136701,
    0.06686478454680535,
    0.11589895988112928,
    0.11144130757800892,
    0.05200594353640416,
    0.11144130757800892,
    0.0861812778603269,
    0.07726597325408618,
    0.10846953937592868,
    0.06835066864784546,
    0.0713224368499257,
    0.04903417533432392,
    0.0787518573551263,
    0.11738484398216939,
    0.11738484398216939,
    0.08469539375928678,
    0.05646359583952452,
    0.0787518573551263,
    0.12035661218424963,
    0.12184249628528974,
    0.12035661218424963,
    0.1263001485884101,
    0.0638930163447251,
    0.07578008915304606
  ],
  "train_bce_loss": [
    0.061024491629447904,
    0.04085061613191517,
    0.036741115877416776,
    0.03327409015592907,
    0.030731342673594196,
    0.029256066168587794,
    0.028044211383525183,
    0.027550735269546454,
    0.02658165828286675,
    0.025533633748596022,
    0.02468984498338104,
    0.024724760343120017,
    0.024411305996991865,
    0.0236376645489022,
    0.023296962921569443,
    0.02317556108517175,
    0.02262247261098727,
    0.02226273382291021,
    0.02233128609349365,
    0.02205549718233653,
    0.021706444637294053,
    0.02140730103125808,
    0.021493632203185124,
    0.02128779189748686,
    0.020935918177580597,
    0.021104971585632355,
    0.020824092254775675,
    0.02060079122732176,
    0.020557699265561127,
    0.020164254733655483
  ],
  "val_bce_loss": [
    0.07864006219602489,
    0.06422764188598773,
    0.06008956489134352,
    0.054059102452349024,
    0.057288804582040276,
    0.053455695997064595,
    0.04757640724161444,
    0.04691512114954348,
    0.059116752760754315,
    0.050908657848450285,
    0.04954737474664286,
    0.06782477378884048,
    0.05677723463459174,
    0.049280607990344005,
    0.051050548465773886,
    0.043682276682715786,
    0.044413499564077204,
    0.04369230242675263,
    0.04734284153715313,
    0.04867445995330078,
    0.054808454348543624,
    0.05014489589331334,
    0.05010794607956512,
    0.050488479268475245,
    0.04965116929822336,
    0.051676931749384286,
    0.046642284077807725,
    0.052528675403266924,
    0.04721081825411729,
    0.04804582702871289
  ],