{
  "dice": 0.8151029134667842,
  "hd95_mean": 12.120054244995117,
  "hd95_median": 4.841640949249268,
  "hd95_count": 6530,
  "fpr": 0.45173267326732675,
  "fnr": 0.012401693889897156,
  "selected_threshold": 0.5
}