{
  "dice": 0.8142185687731599,
  "hd95_mean": 11.893206596374512,
  "hd95_median": 4.60410213470459,
  "hd95_count": 6524,
  "fpr": 0.4366561656165617,
  "fnr": 0.013309134906231096
}