{
  "selected_threshold": 0.5,
  "dice": 0.8151029134667842,
  "hd95_median": 4.841640949249268,
  "fnr": 0.012401693889897156,
  "fpr": 0.45173267326732675
}