{
  "train_loss": [
    0.3412740066838545,
    0.27053655944416716,
    0.2496035369424896,
    0.23676528718169407,
    0.2283693368323249,
    0.22202305159386343,
    0.21693301448617625,
    0.2114433612948538,
    0.20813982346680227,
    0.20523694063778916,
    0.20160452671304901,
    0.20029222204568756,
    0.1978853221371518,
    0.19631019144839754,
    0.19480713079215317,
    0.19295728906492546,
    0.19104184639614635,
    0.18969458097077618,
    0.18797865550581727,
    0.18630364946632103,
    0.1849052460368865,
    0.1838589629967731,
    0.18191997916240754,
    0.1814779084633917,
    0.17981193007442728,
    0.17918595817801644,
    0.17718962375091035,
    0.17736557478428902,
    0.1757945331287537,
    0.17431114791761182
  ],
  "train_dice": [
    0.7199951254502227,
    0.7676321843479816,
    0.7840819196296099,
    0.7943562908871599,
    0.8007785092876758,
    0.8059403631514904,
    0.8098338522224241,
    0.8143045739471063,
    0.8171333483590233,
    0.8194440649434406,
    0.8222647295351498,
    0.8233870130524166,
    0.8253292742163633,
    0.8265724072265498,
    0.827736207325167,
    0.8292915774747351,
    0.8310651593693332,
    0.8321334327295443,
    0.8336767226939319,
    0.8350465692947915,
    0.8361386884439017,
    0.8370163856790686,
    0.8387006141764772,
    0.8390121817969359,
    0.8406076623906925,
    0.8409906811100566,
    0.8428735034072788,
    0.8424561557674811,
    0.8439032022937603,
    0.8451754382115867
  ],
  "train_fpr": [
    0.3626969283925571,
    0.3692268678479729,
    0.39340053252187146,
    0.3893238659777475,
    0.39424966715272936,
    0.4047928487653343,
    0.38511521759802214,
    0.3998668695321415,
    0.41567869143473024,
    0.4087234919326719,
    0.39614567815144697,
    0.3952006593545933,
    0.4212444923447554,
    0.4054713751347239,
    0.3881458003169572,
    0.3874659227794332,
    0.3900019019844037,
    0.38498113925254385,
    0.42295622404666056,
    0.3958980536359602,
    0.3889875103024155,
    0.40491964370621614,
    0.3929884620261189,
    0.39512473452309255,
    0.4003233270992487,
    0.3938443007480664,
    0.3899454799036389,
    0.3770325525373229,
    0.38117729102608805,
    0.3784075060225688
  ],
  "train_fnr": [
    0.03167261354125369,
    0.023699396502356723,
    0.020616740088105726,
    0.017928725606801463,
    0.016958858250374416,
    0.015417823003391921,
    0.01660866117450108,
    0.014273127753303964,
    0.012950400845740463,
    0.01224615655697987,
    0.013040222036213049,
    0.014271870319795613,
    0.01105678163957535,
    0.01202537221390186,
    0.013657590977178606,
    0.012377764073649898,
    0.013038498810677474,
    0.012818818554248712,
    0.010572221488040174,
    0.012377764073649898,
    0.01246586203858691,
    0.01061627241090701,
    0.010440528634361233,
    0.012202105634113034,
    0.010263865027972337,
    0.01145374449339207,
    0.01118942731277533,
    0.013260496057095027,
    0.01224615655697987,
    0.01145374449339207
  ],
  "val_loss": [
    0.45868512317620547,
    0.26890460478418743,
    0.25056567479015507,
    0.24697353724306806,
    0.2565165309534629,
    0.24748220752410968,
    0.23233665299415823,
    0.24489516149982973,
    0.24576022336773784,
    0.21825747243335905,
    0.2196884523044464,
    0.21609309884790376,
    0.2162714722061118,
    0.21889726606480667,
    0.2221313471814489,
    0.21623405656207478,
    0.23353738641191796,
    0.2160973475106312,
    0.21897890829678382,
    0.2213802627267527,
    0.22236890976754234,
    0.21526053883064786,
    0.21816653075973885,
    0.2055596754442149,
    0.21701721528867707,
    0.22052896243857167,
    0.21383968362353717,
    0.21312908315604964,
    0.2073097579456271,
    0.21501414587297446
  ],
  "val_dice": [
    0.6112369734606696,
    0.7693199527151025,
    0.7836503454202797,
    0.7863572648881869,
    0.7799815533680646,
    0.7875239252044919,
    0.7988764656310605,
    0.7854788304588991,
    0.7894007568598809,
    0.8096452969752085,
    0.8086557393051912,
    0.8114342634800061,
    0.8101332362840565,
    0.8089258100828065,
    0.8058556145208139,
    0.8123103863036254,
    0.7979736375521355,
    0.8109223375080533,
    0.8096474294341177,
    0.8064039861354313,
    0.8069426980775947,
    0.8097380263687977,
    0.8091259073567747,
    0.8196537502885274,
    0.810961122299539,
    0.8071938758611952,
    0.8137956315474617,
    0.8134370733460405,
    0.8178141243291772,
    0.8107185820179309
  ],
  "val_fpr": [
    0.10172451429818817,
    0.40078585461689586,
    0.3012442698100851,
    0.42348832132722114,
    0.45601397074874483,
    0.29404060248853964,
    0.31106745252128354,
    0.19951975551189696,
    0.2953503601833661,
    0.39511023793931455,
    0.29840646147129446,
    0.41475660336171144,
    0.46081641562977516,
    0.4448810303427199,
    0.2455795677799607,
    0.39139925780397294,
    0.28399912682820344,
    0.3935821872953504,
    0.3785199738048461,
    0.27133813577821436,
    0.35428945645055665,
    0.26522593320235754,
    0.4477188386815106,
    0.43636760532634794,
    0.4394237066142764,
    0.41344684566688494,
    0.2953503601833661,
    0.327657716655752,
    0.4110456232263698,
    0.4365858982754857
  ],
  "val_fnr": [
    0.09561375828337015,
    0.021773430104133795,
    0.023035657936257496,
    0.017355632691700852,
    0.01704007573366993,
    0.02619122751656674,
    0.022404544020195646,
    0.042600189334174816,
    0.02682234143262859,
    0.009466708740927737,
    0.020195645313979174,
    0.011360050489113285,
    0.00757336699274219,
    0.008520037866834964,
    0.02272010097822657,
    0.014200063111391607,
    0.021773430104133795,
    0.014831177027453455,
    0.016093404859577155,
    0.024297885768381194,
    0.01861786052382455,
    0.023035657936257496,
    0.007257810034711265,
    0.010097822656989587,
    0.009466708740927737,
    0.01451562006942253,
    0.019564531397917324,
    0.019880088355948247,
    0.00757336699274219,
    0.013884506153360681
  ],
  "train_bce_loss": [
    0.04443726108214575,
    0.0333434173683992,
    0.029631460361709924,
    0.027487069228121958,
    0.025721593228901374,
    0.024763164599356798,
    0.023732198181995776,
    0.02285663485818862,
    0.02241558927594647,
    0.02196439043379822,
    0.021241055089266714,
    0.021057242277457887,
    0.020764804877365862,
    0.020400125344830895,
    0.020123480541957426,
    0.019886030932566655,
    0.019717880722456935,
    0.019540830957713935,
    0.019371129256402737,
    0.019104098044595293,
    0.018891911436275163,
    0.018774895543787494,
    0.018556235217300064,
    0.018436727921834165,
    0.018416788008755396,
    0.018231436542767647,
    0.018137406025366884,
    0.01793258011825876,
    0.017809080559371603,
    0.017660082604372355
  ],
  "val_bce_loss": [
    0.06743153642981177,
    0.03456012466660294,
    0.03011100706926578,
    0.029758459911211496,
    0.0328654271212637,
    0.030753132082859534,
    0.02716238968003633,
    0.027132201797413144,
    0.03110804082229514,
    0.02496984685331919,
    0.024934162017881605,
    0.0250722027517086,
    0.024024034693236024,
    0.025411137048423682,
    0.025233079771526026,
    0.027084494409197,
    0.028643198043232006,
    0.024964452886006867,
    0.02575993531556746,
    0.025741568077961026,
    0.028003276608447803,
    0.022165779201612147,
    0.02602200056528352,
    0.023442375520986762,
    0.02613260493706886,
    0.02612193391806447,
    0.025689534941860395,
    0.025260433531186743,
    0.023497292001985776,
    0.023463739440151166
  ],