{
  "dice": 0.8041013231541856,
  "hd95_mean": 9.781534194946289,
  "hd95_median": 5.7550554275512695,
  "hd95_count": 612,
  "fpr": 0.32456140350877194,
  "fnr": 0.04075235109717868
}