{
  "selected_threshold": 0.5,
  "dice": 0.8041013231541856,
  "hd95_median": 6.4031243324279785,
  "fnr": 0.034482758620689655,
  "fpr": 0.3574561403508772
}