{
  "dice": 0.8041013231541856,
  "hd95_mean": 10.668560981750488,
  "hd95_median": 6.4031243324279785,
  "hd95_count": 616,
  "fpr": 0.3574561403508772,
  "fnr": 0.034482758620689655,
  "selected_threshold": 0.5
}