{
  "thresholds": [
    0.5,
    0.55,
    0.6,
    0.65,
    0.7
  ],
  "val_dice_by_threshold": {
    "0.50": 0.8374508194482098,
    "0.55": 0.8365182119790884,
    "0.60": 0.8363810364134918,
    "0.65": 0.8361080974097964,
    "0.70": 0.8354258880283706
  },
  "best_threshold": 0.5,
  "best_val_dice": 0.8374508194482098
}