{
  "train_loss": [
    1.320708046406391,
    1.1216618656071489,
    0.9548944263428986,
    0.9234014031408211,
    0.8708074805610966,
    0.7692183150089286,
    0.7093321232559489,
    0.6924487598042159,
    0.6306475671809837,
    0.5820458641666365,
    0.5522104308092224,
    0.5293420430597833,
    0.4913399769656407,
    0.4954891866867333,
    0.46688613824762043,
    0.45283365514674495,
    0.4475291329056077,
    0.4339146374714603,
    0.4260483008141867,
    0.4132050948409897,
    0.40830268052513,
    0.4008877641748759,
    0.4023282162448703,
    0.3921195928978957,
    0.3757154504575216,
    0.37228385703813094,
    0.37961522402702386,
    0.36348203681657126,
    0.3578939022939413,
    0.35125157596610473
  ],
  "train_dice": [
    0.6259679310438708,
    0.6760744812314394,
    0.7021723553196364,
    0.7133413972994074,
    0.7222441360630887,
    0.7327993624852401,
    0.7410995454053942,
    0.749885181353117,
    0.7563455455503076,
    0.761931718547365,
    0.7659160581205866,
    0.7719852434103603,
    0.7763406924877159,
    0.7797258935286846,
    0.7828008127161951,
    0.7867219598404736,
    0.7886170262920559,
    0.7912116086588522,
    0.7948906412023864,
    0.798308567256475,
    0.799636381979797,
    0.8022189180429367,
    0.8024118685561447,
    0.8027006922864357,
    0.8074274359402492,
    0.808373478479561,
    0.810749355847153,
    0.8130784416877328,
    0.8137298066949498,
    0.8172203549781467
  ],
  "train_fpr": [
    0.4998627881448957,
    0.4329034028540066,
    0.38268386388583975,
    0.3396899437508575,
    0.3239571899012075,
    0.3025521405049396,
    0.29473106476399563,
    0.2969264544456641,
    0.2918496158068057,
    0.29541712403951703,
    0.29541712403951703,
    0.2984357848518112,
    0.31160812294182216,
    0.30749176728869376,
    0.3203896816684962,
    0.29322173435784854,
    0.30127589518452463,
    0.3187431394072448,
    0.31613611416026344,
    0.2849890230515917,
    0.282244785949506,
    0.2906147091108672,
    0.29363336992316136,
    0.3056660721635341,
    0.2912608039511593,
    0.28073545554335894,
    0.2860867178924259,
    0.282244785949506,
    0.29459385290889134,
    0.286635565312843
  ],
  "train_fnr": [
    0.02543035993740219,
    0.02640845070422535,
    0.027777777777777776,
    0.032087654079436506,
    0.030320813771517997,
    0.03129890453834116,
    0.034624413145539906,
    0.028364632237871674,
    0.02679968701095462,
    0.024843505477308295,
    0.02601721439749609,
    0.01936619718309859,
    0.02269170579029734,
    0.02034428794992175,
    0.019561815336463225,
    0.01936619718309859,
    0.01702210917628644,
    0.016236306729264474,
    0.01584507042253521,
    0.01643192488262911,
    0.017605633802816902,
    0.01662754303599374,
    0.01643192488262911,
    0.014087262766581883,
    0.01428291919389552,
    0.015062597809076683,
    0.01486697965571205,
    0.015062597809076683,
    0.013497652582159625,
    0.013888888888888888
  ],
  "val_loss": [
    0.8289839180748491,
    0.9149321633110032,
    0.7700917373615257,
    1.1198522035892193,
    0.7248098487530411,
    0.819217839371964,
    0.46717310356273806,
    0.7532070849597807,
    1.3689735478131906,
    0.6383670362142416,
    0.9930087817865892,
    1.2302038041026107,
    0.8236921965172128,
    1.725398011241086,
    0.7901699925006846,
    1.2399607296790598,
    1.4490969131904594,
    0.9946950095975716,
    0.9455042529421357,
    1.0163197350969329,
    0.8807401745056612,
    1.369756786626648,
    2.1873431617735757,
    1.15434072810892,
    1.5112827590021949,
    0.8083907599566427,
    0.8489371025659276,
    0.94727457485564,
    0.7943989335278259,
    1.333240708286637
  ],
  "val_dice": [
    0.7545144382847705,
    0.7493663002521946,
    0.7981930232590296,
    0.778969049015628,
    0.7807369297756069,
    0.7901298283508389,
    0.7990586693073518,
    0.8022089410275661,
    0.7473862067735672,
    0.8177436783871223,
    0.8044302587248605,
    0.7424923373749975,
    0.8172946841946456,
    0.7665420117548297,
    0.8221700274090685,
    0.7890477330374295,
    0.7671049937740873,
    0.7891396016058837,
    0.8220447856690404,
    0.8072722989117959,
    0.8265899812703478,
    0.8009185063702291,
    0.7811651536333788,
    0.8079473248644341,
    0.7928812904104304,
    0.8235025627196894,
    0.8175371341936334,
    0.8168318252239002,
    0.8374508194482098,
    0.8088591729164035
  ],
  "val_fpr": [
    0.30778032036613273,
    0.2151029748283753,
    0.21052631578947367,
    0.13958810068649885,
    0.1956521739130435,
    0.11212814645308924,
    0.2517162471395881,
    0.11899313501144165,
    0.06178489702517163,
    0.12356979405034325,
    0.11784897025171624,
    0.05034324942791762,
    0.17162471395881007,
    0.10183066361556065,
    0.09382151029748284,
    0.10068649885583524,
    0.04691075514874142,
    0.14187643020594964,
    0.17276887871853547,
    0.12814645308924486,
    0.11670480549199085,
    0.11670480549199085,
    0.13844393592677345,
    0.11327231121281464,
    0.09496567505720824,
    0.14530892448512586,
    0.10869565217391304,
    0.13729977116704806,
    0.20594965675057209,
    0.08123569794050343
  ],
  "val_fnr": [
    0.05621301775147929,
    0.047337278106508875,
    0.042899408284023666,
    0.05917159763313609,
    0.05325443786982249,
    0.0650887573964497,
    0.022189349112426034,
    0.04881656804733728,
    0.09023668639053255,
    0.03994082840236687,
    0.05029585798816568,
    0.09615384615384616,
    0.02514792899408284,
    0.05621301775147929,
    0.03254437869822485,
    0.06360946745562131,
    0.07692307692307693,
    0.03698224852071006,
    0.038461538461538464,
    0.03550295857988166,
    0.028106508875739646,
    0.04437869822485207,
    0.05621301775147929,
    0.05325443786982249,
    0.057692307692307696,
    0.04142011834319527,
    0.03994082840236687,
    0.03106508875739645,
    0.014792899408284023,
    0.04881656804733728
  ],
  "train_bce_loss": [
    0.862512135518757,
    0.767032884554462,
    0.6324169973455022,
    0.6161329136532535,
    0.573148603480357,
    0.4824499903436778,
    0.43233359791069725,
    0.42400944208163704,
    0.3691537022037915,
    0.32698178929647737,
    0.3011202605383187,
    0.28498545027636885,
    0.2517046108509411,
    0.25868690292982804,
    0.23345038329614293,
    0.22395009352865752,
    0.2211805197247746,
    0.21062183450402,
    0.20558118388903773,
    0.19657896593435709,
    0.19320934056994415,
    0.18910032056769574,
    0.19083397686134415,
    0.181531447292359,
    0.1703333696615926,
    0.16764608412734266,
    0.17714000050096823,
    0.1633562508542527,
    0.159775936796556,
    0.1563380420780398
  ],
  "val_bce_loss": [
    0.5596732167697914,
    0.6378938697220636,
    0.5501204844627573,
    0.8935576529040955,
    0.4992453771314071,
    0.6020617737646969,
    0.2504087994257457,
    0.54752627047903,
    1.1152685427240554,
    0.44701522181414,
    0.7912004746733641,
    0.9716594958851478,
    0.6317060986911249,
    1.4889681259846623,
    0.6074041689700618,
    1.0244385336157893,
    1.2157507365873943,
    0.778491970354873,
    0.7640059016722106,
    0.8165211313854994,
    0.6974439463559565,
    1.1616109010009867,
    1.964360399715211,
    0.9572534960127689,
    1.3014220986534226,
    0.6282237002559932,
    0.6599901967114333,
    0.7590354852636342,
    0.6244466294897527,
    1.1413882256722485
  ],