{
  "train_loss": [
    0.4556785550846745,
    0.3537204606504622,
    0.32833924967965955,
    0.3034051555967045,
    0.2873036202243662,
    0.2814167323703787,
    0.2735330153797817,
    0.26582626551543287,
    0.25893393769578216,
    0.25328492168811845,
    0.24772686334194216,
    0.24037961309707293,
    0.23655108378703024,
    0.23400618416338187,
    0.22975327009740082,
    0.22219605645254908,
    0.22156610019188067,
    0.21767531350276656,
    0.2162431977400235,
    0.21074327415782496,
    0.2119012201762363,
    0.20711543645732094,
    0.205009184987005,
    0.20401084208490977,
    0.20089994461992242,
    0.19956693104314693,
    0.19824131726038766,
    0.195571950540984,
    0.19486023670022629,
    0.19193902604471796
  ],
  "train_dice": [
    0.6550311636948254,
    0.6991570319667441,
    0.7190441059398415,
    0.7394855427442292,
    0.7519750670977412,
    0.7563966345881507,
    0.7624283785142281,
    0.7686803245393704,
    0.7742281196907028,
    0.7792892051290656,
    0.7836515394168958,
    0.789987649502773,
    0.7926812639363188,
    0.7951941625120864,
    0.7989519572709625,
    0.805140623701506,
    0.8056449934209605,
    0.8090615474416161,
    0.8102386371222795,
    0.8148551807811099,
    0.8137714532221426,
    0.8178500660315171,
    0.8194577073990095,
    0.820431076180444,
    0.8234178871199167,
    0.8242248265569083,
    0.8252735956587879,
    0.827561994444951,
    0.8280151873191932,
    0.8310193382228014
  ],
  "train_fpr": [
    0.36990373725934317,
    0.309881087202718,
    0.27095130237825593,
    0.27477349943374857,
    0.23683465458663647,
    0.23202151755379388,
    0.2229299363057325,
    0.2287655719139298,
    0.24830124575311438,
    0.2491506228765572,
    0.24646092865232164,
    0.2357021517553794,
    0.24575311438278596,
    0.2577859569648924,
    0.2669875424688562,
    0.2808607021517554,
    0.2524065685164213,
    0.25509626274065683,
    0.2760475651189128,
    0.28241789354473384,
    0.2718006795016987,
    0.2996885617214043,
    0.2691109852774632,
    0.28312570781426954,
    0.25746638358103324,
    0.24900906002265005,
    0.26925254813137034,
    0.2715175537938845,
    0.2793035107587769,
    0.2590600226500566
  ],
  "train_fnr": [
    0.047976011994003,
    0.041604197901049474,
    0.04085457271364318,
    0.03785607196401799,
    0.038980509745127435,
    0.03935532233883059,
    0.03992502343017807,
    0.03335832083958021,
    0.031859070464767617,
    0.03335832083958021,
    0.03223388305847077,
    0.028673163418290855,
    0.030922038980509745,
    0.02886056971514243,
    0.029985007496251874,
    0.0239880059970015,
    0.025487256371814093,
    0.02492503748125937,
    0.022488755622188907,
    0.021176911544227885,
    0.025299850074962518,
    0.01911544227886057,
    0.023425787106446775,
    0.020989505247376312,
    0.02286785379568885,
    0.025112443778110945,
    0.021926536731634184,
    0.022863568215892055,
    0.020989505247376312,
    0.021551724137931036
  ],
  "val_loss": [
    0.4775730256256917,
    0.480401474727874,
    0.4339944917686494,
    0.39994017697903944,
    0.3717432953749422,
    0.398717597788435,
    0.3426955328094614,
    0.34085745219954944,
    0.3591710756633868,
    0.3182915965756637,
    0.31986768124417514,
    0.36905257171919403,
    0.3448312577707098,
    0.3552330622247477,
    0.3285593522206104,
    0.3815006048544511,
    0.35530791548738067,
    0.31172293275428653,
    0.3150061240951139,
    0.3155568483303596,
    0.2990510596341577,
    0.33728909838867177,
    0.33804756681397446,
    0.33063377908266317,
    0.3524029160936932,
    0.3357574826031702,
    0.3475771472397721,
    0.3208947038419135,
    0.34019296059736437,
    0.3449222710797284
  ],
  "val_dice": [
    0.5981034243826714,
    0.5946041388593871,
    0.6329648322612601,
    0.6676056116520472,
    0.6900695981720758,
    0.6575356467431868,
    0.7137018619838653,
    0.7113689141788064,
    0.6981092780980006,
    0.7337376327540333,
    0.7300193630488254,
    0.6830971427095769,
    0.7088309158121318,
    0.695087032486895,
    0.7186679701039907,
    0.6748328878811352,
    0.6939525232078815,
    0.7344386328487791,
    0.733394481318506,
    0.7339515497833269,
    0.7473589798676357,
    0.7128630709262872,
    0.7145135483841507,
    0.7157821138500116,
    0.6953905041789342,
    0.711656122204099,
    0.7083064407190823,
    0.7267601589740076,
    0.7100080946124093,
    0.7073222376644213
  ],
  "val_fpr": [
    0.17559863169897377,
    0.10376282782212087,
    0.20410490307867732,
    0.20866590649942987,
    0.28848346636259975,
    0.043329532497149374,
    0.1847206385404789,
    0.14937286202964653,
    0.11516533637400228,
    0.31584948688711517,
    0.1516533637400228,
    0.05815279361459521,
    0.12086659064994298,
    0.1619156214367161,
    0.10262257696693272,
    0.052451539338654506,
    0.06271379703534778,
    0.18814139110604333,
    0.10490307867730901,
    0.10262257696693272,
    0.16419612314709237,
    0.07069555302166476,
    0.09578107183580388,
    0.0661345496009122,
    0.10604332953249715,
    0.17787913340935005,
    0.08893956670467502,
    0.19156214367160776,
    0.18358038768529075,
    0.07411630558722919
  ],
  "val_fnr": [
    0.09955423476968796,
    0.15304606240713226,
    0.09361069836552749,
    0.08469539375928678,
    0.0237741456166419,
    0.13670133729569092,
    0.03714710252600297,
    0.0638930163447251,
    0.07280832095096583,
    0.031203566121842496,
    0.05794947994056464,
    0.11144130757800892,
    0.08172362555720654,
    0.1025260029717682,
    0.08766716196136701,
    0.14561664190193166,
    0.09658246656760773,
    0.0475482912332838,
    0.08915304606240713,
    0.0638930163447251,
    0.0475482912332838,
    0.08320950965824665,
    0.09658246656760773,
    0.10401188707280833,
    0.10698365527488855,
    0.10401188707280833,
    0.08915304606240713,
    0.06686478454680535,
    0.09658246656760773,
    0.11441307578008915
  ],
  "train_bce_loss": [
    0.06312961868897146,
    0.046134375271260554,
    0.041540891692453424,
    0.03795207831495029,
    0.034753712507991204,
    0.03372560474139257,
    0.0321669348386826,
    0.03083174227707503,
    0.029673706799128532,
    0.028930406130195284,
    0.027833745257960035,
    0.027024498868676833,
    0.026008642598186554,
    0.026030047637250062,
    0.025593987673444594,
    0.024516336160072358,
    0.024230970810866507,
    0.02391015377848664,
    0.023579782365732375,
    0.022875220712899238,
    0.023047965482608238,
    0.02249833808405626,
    0.022094076638481973,
    0.021829966526357707,
    0.02191413276359782,
    0.021413807255444083,
    0.02106701213127379,
    0.020806199108716165,
    0.02063987630610135,
    0.020706426869482725
  ],
  "val_bce_loss": [
    0.07437402499682425,
    0.07249004978878665,
    0.06503372000428563,
    0.0641318885788001,
    0.057174935111728255,
    0.05498473446674017,
    0.051931276787939046,
    0.0502522734320241,
    0.054964155830672275,
    0.04719344098798143,
    0.047243354920599535,
    0.05242576253033737,
    0.0521486121939736,
    0.049787873268038095,
    0.046454195643365725,
    0.055826369337952056,
    0.050314902006926114,
    0.04426619816999772,
    0.04768736214478352,
    0.047468891427080724,
    0.04610935102559097,
    0.04789012190587019,
    0.05178400889982817,
    0.045481927778320504,
    0.047763001890432706,
    0.04668458785305082,
    0.05361516683504786,
    0.04652213037479669,
    0.04989246026533074,
    0.052542535799894
  ],