{
  "thresholds": [
    0.5,
    0.55,
    0.6,
    0.65,
    0.7
  ],
  "val_dice_by_threshold": {
    "0.50": 0.7473589798676357,
    "0.55": 0.746803310919791,
    "0.60": 0.7463802692631224,
    "0.65": 0.7458254873398331,
    "0.70": 0.7451426930847352
  },
  "best_threshold": 0.5,
  "best_val_dice": 0.7473589798676357
}