{
  "dice": 0.822131067178247,
  "hd95_mean": 12.817728042602539,
  "hd95_median": 4.242640495300293,
  "hd95_count": 733,
  "fpr": 0.18079800498753118,
  "fnr": 0.020053475935828877,
  "selected_threshold": 0.5
}