{
  "dice": 0.822131067178247,
  "hd95_mean": 12.422429084777832,
  "hd95_median": 4.123105525970459,
  "hd95_count": 733,
  "fpr": 0.1658354114713217,
  "fnr": 0.020053475935828877
}