{
  "selected_threshold": 0.5,
  "dice": 0.822131067178247,
  "hd95_median": 4.242640495300293,
  "fnr": 0.020053475935828877,
  "fpr": 0.18079800498753118
}