{
  "thresholds": [
    0.5,
    0.55,
    0.6,
    0.65,
    0.7
  ],
  "val_dice_by_threshold": {
    "0.50": 0.7313368977801694,
    "0.55": 0.7309961626984256,
    "0.60": 0.7306216755594067,
    "0.65": 0.7302003560842389,
    "0.70": 0.7295969964695588
  },
  "best_threshold": 0.5,
  "best_val_dice": 0.7313368977801694
}