{
  "selected_threshold": 0.5,
  "dice": 0.8179540051954156,
  "hd95_median": 5.099019527435303,
  "fnr": 0.009358288770053475,
  "fpr": 0.22942643391521197
}