{
  "dice": 0.8179540051954156,
  "hd95_mean": 10.85673999786377,
  "hd95_median": 5.0,
  "hd95_count": 739,
  "fpr": 0.20698254364089774,
  "fnr": 0.012032085561497326
}