{
  "train_loss": [
    1.212827871183584,
    1.0393743116598482,
    0.9548708091851609,
    0.8712300058814517,
    0.803532135876725,
    0.7342269623099171,
    0.6732340923411355,
    0.6386918337929106,
    0.6068452603778505,
    0.5784309151368788,
    0.5455968124370302,
    0.5260150678312012,
    0.5235279851231439,
    0.4899031415384827,
    0.4768094680037467,
    0.4690731741513113,
    0.4582294655979138,
    0.44850539524147265,
    0.4346622456768542,
    0.4360794240372839,
    0.4135123090972116,
    0.4153810929712271,
    0.4036554607152213,
    0.3988470938084633,
    0.3880587324201279,
    0.3862534793634163,
    0.378379843701124,
    0.3726183793736507,
    0.37086395993395926,
    0.3567743531890448
  ],
  "train_dice": [
    0.616619801209287,
    0.6833794989387594,
    0.7031080972322478,
    0.7137347334691999,
    0.7199427194993194,
    0.7327122655605536,
    0.7391194320397322,
    0.7460579450748899,
    0.7516488444428009,
    0.7541294203360979,
    0.7605721970317684,
    0.7639276320723861,
    0.7678783021590112,
    0.7721929610424118,
    0.7768777348468536,
    0.777816763020737,
    0.7811455225157992,
    0.784445866721618,
    0.7872128210076225,
    0.789212913238625,
    0.7921721944827175,
    0.793452065664754,
    0.7959153155429356,
    0.7988670798560683,
    0.8019016163728746,
    0.8028862394877351,
    0.8050636691696672,
    0.8048588355283729,
    0.8093004004751937,
    0.8121419831847904
  ],
  "train_fpr": [
    0.48187995469988676,
    0.36452434881087203,
    0.3210645526613817,
    0.29572480181200456,
    0.2916194790486976,
    0.2719422423556059,
    0.31087202718006796,
    0.3364949037372593,
    0.3326727066817667,
    0.3574462061155153,
    0.33408833522083803,
    0.3383352208380521,
    0.3567383918459796,
    0.3639580973952435,
    0.35730464326160816,
    0.3587202718006795,
    0.33791053227633067,
    0.3526330690826727,
    0.3611268403171008,
    0.3468289920724802,
    0.3431483578708947,
    0.3439977349943375,
    0.35971121177802945,
    0.34031710079275196,
    0.31412797281993204,
    0.33748584371460927,
    0.3221970554926387,
    0.31724235560588904,
    0.31129671574178935,
    0.33861834654586637
  ],
  "train_fnr": [
    0.02717391304347826,
    0.03110944527736132,
    0.03691904047976012,
    0.03654422788605697,
    0.0363568215892054,
    0.03504497751124438,
    0.02923538230884558,
    0.024362818590704646,
    0.025487256371814093,
    0.019490254872563718,
    0.021739130434782608,
    0.02005247376311844,
    0.018365817091454274,
    0.019302848575712146,
    0.01780359820089955,
    0.016304347826086956,
    0.01461769115442279,
    0.016679160419790104,
    0.012556221889055473,
    0.013118440779610194,
    0.014430284857571215,
    0.013118440779610194,
    0.011806596701649175,
    0.011431784107946028,
    0.011806596701649175,
    0.010494752623688156,
    0.012743628185907047,
    0.012368815592203899,
    0.009932533733133433,
    0.009557721139430285
  ],
  "val_loss": [
    3.2214968850030763,
    1.8028750980790444,
    3.090353937872186,
    2.3370854402677796,
    2.2810796501632518,
    2.5374642901045075,
    2.493443813208175,
    2.1365892698636824,
    2.5542942901622134,
    2.425083015667604,
    2.4881069760044476,
    2.57198467936483,
    2.685878743017632,
    2.6973127904687115,
    2.7295856398335183,
    2.239606135628597,
    2.400138268510176,
    2.576256925591654,
    2.112784076166543,
    2.681213460580334,
    2.75303608924704,
    2.4594998627923217,
    2.900836262160035,
    2.8506319223893435,
    2.9137377683377728,
    2.4471979250613862,
    2.4136213058326255,
    2.610395710062883,
    2.596402277408879,
    2.2790550658919395
  ],
  "val_dice": [
    0.6224658359257286,
    0.6288649214405351,
    0.6669185423800088,
    0.6824448114346829,
    0.6722499080677621,
    0.6490252248494489,
    0.6883094373835807,
    0.6921725989863232,
    0.7239347722745995,
    0.6987721031755874,
    0.6828582727074911,
    0.7088598172397617,
    0.7087058871597007,
    0.7033968435760926,
    0.704656370332877,
    0.7119705611812214,
    0.7104530283159965,
    0.6978295848083531,
    0.7089641508244997,
    0.7043997734109767,
    0.7069654826290718,
    0.7163065971881373,
    0.7118743853394446,
    0.6951144851888094,
    0.7234562359027907,
    0.7192341683804885,
    0.7132952604747279,
    0.7313368977801694,
    0.7192835060583447,
    0.7269536322605468
  ],
  "val_fpr": [
    0.29874572405929306,
    0.3523375142531357,
    0.10376282782212087,
    0.19384264538198404,
    0.27936145952109465,
    0.2805017103762828,
    0.1619156214367161,
    0.2976054732041049,
    0.28506271379703535,
    0.23261117445838084,
    0.29646522234891676,
    0.34777651083238315,
    0.30786773090079816,
    0.19726339794754846,
    0.24059293044469784,
    0.4412770809578107,
    0.3660205245153934,
    0.2782212086659065,
    0.31014823261117447,
    0.24287343215507412,
    0.34321550741163054,
    0.25997719498289623,
    0.36259977194982895,
    0.2451539338654504,
    0.2998859749144812,
    0.45952109464082097,
    0.30786773090079816,
    0.21436716077537057,
    0.2896237172177879,
    0.35689851767388825
  ],
  "val_fnr": [
    0.09955423476968796,
    0.02823179791976226,
    0.09658246656760773,
    0.04903417533432392,
    0.04606240713224369,
    0.07726597325408618,
    0.0950965824665676,
    0.06983655274888559,
    0.04309063893016345,
    0.06686478454680535,
    0.05794947994056464,
    0.0549777117384844,
    0.07726597325408618,
    0.08766716196136701,
    0.07429420505200594,
    0.02823179791976226,
    0.0638930163447251,
    0.09658246656760773,
    0.06835066864784546,
    0.07429420505200594,
    0.08023774145616643,
    0.07280832095096583,
    0.0713224368499257,
    0.10549777117384844,
    0.06092124814264487,
    0.01337295690936107,
    0.08766716196136701,
    0.02674591381872214,
    0.0713224368499257,
    0.03714710252600297
  ],
  "train_bce_loss": [
    0.756237030065164,
    0.6950361024565831,
    0.6324637226827234,
    0.5609476551685114,
    0.5004290031462099,
    0.4444443812637277,
    0.391320817360655,
    0.36403102877100313,
    0.3376783185272704,
    0.3131867233329605,
    0.28662094989820924,
    0.27120862356055025,
    0.2732985751176109,
    0.24455076797289452,
    0.23601426012835688,
    0.2296315108986742,
    0.2223189154735311,
    0.21581492406987016,
    0.20512816056134328,
    0.20900439572518548,
    0.18974565537225782,
    0.19310432599760669,
    0.18491941836823686,
    0.18272997277062836,
    0.17551156806855006,
    0.17460511156843558,
    0.16925185412201707,
    0.16396996503093872,
    0.16655363485217445,
    0.15560471684916027
  ],
  "val_bce_loss": [
    2.811772705933818,
    1.4055701236536016,
    2.739596306244991,
    1.9979411198835084,
    1.9296807446205686,
    2.1536969516134334,
    2.163453247739946,
    1.8120369876397255,
    2.2658095391082163,
    2.1155141747108956,
    2.1550654730909016,
    2.271827194431138,
    2.380235984841539,
    2.3962843696705107,
    2.4227151897120778,
    1.936723931196435,
    2.0972555620307975,
    2.264883660739717,
    1.8104459967328939,
    2.375953471557933,
    2.4520387690762377,
    2.1696340487360053,
    2.603409807875657,
    2.542828532058886,
    2.6322837186396746,
    2.160110234195383,
    2.1191257766026235,
    2.337314586655028,
    2.3107351864313426,
    1.9978696307936132
  ],