{
  "dice": 0.8179540051954156,
  "hd95_mean": 12.032639503479004,
  "hd95_median": 5.099019527435303,
  "hd95_count": 741,
  "fpr": 0.22942643391521197,
  "fnr": 0.009358288770053475,
  "selected_threshold": 0.5
}