{
  "dice": 0.7767467587181027,
  "hd95_mean": 11.95317554473877,
  "hd95_median": 3.901387929916382,
  "hd95_count": 737,
  "fpr": 0.181360201511335,
  "fnr": 0.02513227513227513
}