{
  "selected_threshold": 0.5,
  "dice": 0.7767467587181027,
  "hd95_median": 4.0,
  "fnr": 0.023809523809523808,
  "fpr": 0.18765743073047858
}