{
  "dice": 0.7767467587181027,
  "hd95_mean": 11.882468223571777,
  "hd95_median": 4.0,
  "hd95_count": 738,
  "fpr": 0.18765743073047858,
  "fnr": 0.023809523809523808,
  "selected_threshold": 0.5
}