{
  "train_loss": [
    0.43475393231365783,
    0.33905477676143786,
    0.31876364691755926,
    0.28571394798987476,
    0.26667901422305085,
    0.2566353757637479,
    0.25039795560878025,
    0.24002717629047013,
    0.23331550970373066,
    0.22358726800589407,
    0.21955505085642482,
    0.22253554636743372,
    0.21360027578068788,
    0.2096231094461232,
    0.20891010203114443,
    0.2056860524096351,
    0.20387825530614748,
    0.20028511746648148,
    0.19960522133639907,
    0.19586340558691082,
    0.1941995669069327,
    0.1926060959223021,
    0.19025194551184665,
    0.18872041439235682,
    0.18586693280522068,
    0.1841860502557157,
    0.18617413868295157,
    0.18349014900445748,
    0.17912623442462147,
    0.1767828767955309
  ],
  "train_dice": [
    0.6730269505214783,
    0.712347978711382,
    0.7283625044731983,
    0.7561843959767938,
    0.770493997640098,
    0.7788139380377493,
    0.7830129865575737,
    0.7910718208815815,
    0.7959686984332865,
    0.8041944162068592,
    0.8072493944068366,
    0.8038151615289579,
    0.8126069559567057,
    0.8153397425838801,
    0.8159705431478056,
    0.8190221282954906,
    0.8201322699482282,
    0.823077931297265,
    0.8233969238058699,
    0.8265688920060021,
    0.8279804526519107,
    0.8291141900948726,
    0.8310086448676974,
    0.8323952815624742,
    0.8349401915572808,
    0.8363286300505889,
    0.8341899832120415,
    0.8364851243771679,
    0.840187173034361,
    0.8424489091756847
  ],
  "train_fpr": [
    0.4116098642283181,
    0.385009697977279,
    0.37849819894707676,
    0.39179828207259626,
    0.37558880576336934,
    0.3597949570518149,
    0.3226655583264062,
    0.31587697423108896,
    0.3022998060404544,
    0.30437794402881685,
    0.28899972291493486,
    0.2773621501801053,
    0.28775284012191743,
    0.2793017456359102,
    0.2837351066777501,
    0.2970351898032696,
    0.28234968135217514,
    0.2769465225824328,
    0.24258797450817401,
    0.2607370462732059,
    0.2545026323081186,
    0.25824328068717095,
    0.27209753394292047,
    0.2510390689941812,
    0.2690495982266556,
    0.24244943197561653,
    0.24729842061512886,
    0.2320587420338044,
    0.2510390689941812,
    0.2313660293710169
  ],
  "train_fnr": [
    0.03512157468159012,
    0.029911231184870705,
    0.026244693168660748,
    0.02257815515245079,
    0.019876495561559245,
    0.02045542261675029,
    0.026630644538788113,
    0.023350057892705518,
    0.021613276727132383,
    0.02045542261675029,
    0.023350057892705518,
    0.026437668853724432,
    0.01775376302585874,
    0.018911617136240833,
    0.0192975685063682,
    0.01659590891547665,
    0.018911617136240833,
    0.018332690081049787,
    0.021806252412196064,
    0.01775376302585874,
    0.018911617136240833,
    0.01949054419143188,
    0.01775376302585874,
    0.020069471246622925,
    0.016016981860285603,
    0.016981860285604014,
    0.019104592821304514,
    0.01949054419143188,
    0.01659590891547665,
    0.018718641451177152
  ],
  "val_loss": [
    0.3715891052048091,
    0.3767700705974445,
    0.33005924957493943,
    0.24909736132222704,
    0.38871615216602967,
    0.3211325101098019,
    0.24970985750304242,
    0.2959709727547617,
    0.2778031938573998,
    0.25984457573532377,
    0.29623296775687963,
    0.3043626943852572,
    0.2726545794959846,
    0.25660492848084865,
    0.2604563003220195,
    0.2443810480240828,
    0.2490661058553688,
    0.28067424417369896,
    0.2521012112859138,
    0.25119971520561946,
    0.25235825321209904,
    0.3165319706512313,
    0.2902191969382967,
    0.24319404134383568,
    0.25531357568701957,
    0.2585110871858916,
    0.28874043222421253,
    0.2627198269107827,
    0.29493311849924236,
    0.2826726196381526
  ],
  "val_dice": [
    0.6889890334549018,
    0.6720257482598894,
    0.7155072861550074,
    0.7905032836786999,
    0.6778686712761317,
    0.7242516251944239,
    0.7905606530060159,
    0.7544310775471379,
    0.7665138561650049,
    0.7837241809878849,
    0.7618569789316367,
    0.7495670206526406,
    0.7740790530750024,
    0.7847008579981081,
    0.7863464270462348,
    0.7957332759214687,
    0.7926496616166689,
    0.767478367082902,
    0.7952353809097851,
    0.7959334241316529,
    0.788870225949717,
    0.7365227908684084,
    0.7635551242322324,
    0.7967020955621305,
    0.7915490521728313,
    0.7882059664303633,
    0.7630320990728772,
    0.7801769918037785,
    0.7634765240217843,
    0.7615112442406494
  ],
  "val_fpr": [
    0.4009433962264151,
    0.24056603773584906,
    0.29127358490566035,
    0.3018867924528302,
    0.17688679245283018,
    0.1875,
    0.21580188679245282,
    0.1332547169811321,
    0.20047169811320756,
    0.19929245283018868,
    0.22287735849056603,
    0.1804245283018868,
    0.13797169811320756,
    0.18160377358490565,
    0.22995283018867924,
    0.22523584905660377,
    0.22169811320754718,
    0.16863207547169812,
    0.1875,
    0.18396226415094338,
    0.22641509433962265,
    0.1615566037735849,
    0.18514150943396226,
    0.17806603773584906,
    0.15212264150943397,
    0.17688679245283018,
    0.12382075471698113,
    0.1721698113207547,
    0.09905660377358491,
    0.11556603773584906
  ],
  "val_fnr": [
    0.04131054131054131,
    0.09686609686609686,
    0.06695156695156695,
    0.027065527065527065,
    0.0698005698005698,
    0.05413105413105413,
    0.021367521367521368,
    0.04415954415954416,
    0.03133903133903134,
    0.029914529914529916,
    0.024216524216524215,
    0.02564102564102564,
    0.02849002849002849,
    0.038461538461538464,
    0.022792022792022793,
    0.014245014245014245,
    0.018518518518518517,
    0.037037037037037035,
    0.019943019943019943,
    0.021367521367521368,
    0.017094017094017096,
    0.038461538461538464,
    0.024216524216524215,
    0.024216524216524215,
    0.024216524216524215,
    0.021367521367521368,
    0.042735042735042736,
    0.029914529914529916,
    0.037037037037037035,
    0.04131054131054131
  ],
  "train_bce_loss": [
    0.058933729352624954,
    0.04283975793757139,
    0.039638034599931454,
    0.03551338432120863,
    0.03168996247849534,
    0.03012944480822405,
    0.028365397711943546,
    0.02662901182647165,
    0.02492937755560835,
    0.023634783167676133,
    0.023011241253956597,
    0.0228371115342236,
    0.022394607641980358,
    0.021320449444636076,
    0.021405621069508933,
    0.02121459481405491,
    0.020660829446646774,
    0.02014534911429142,
    0.019825831436874955,
    0.019424434127747064,
    0.019216145222687442,
    0.018916784070015635,
    0.018656686593896195,
    0.018539399119842537,
    0.018244378018707718,
    0.018190453658030046,
    0.017986306566945096,
    0.017799459496238686,
    0.017142194691793816,
    0.017046990388799376
  ],
  "val_bce_loss": [
    0.05460710990140838,
    0.047924166338725885,
    0.04255322379987432,
    0.030578516994709443,
    0.06626270258730954,
    0.04541275333609426,
    0.035974209293961244,
    0.04755212895798051,
    0.039157760524482166,
    0.040768858946915724,
    0.05512647595193301,
    0.05139017657662806,
    0.04368213719294998,
    0.03772313223467749,
    0.04409790740628575,
    0.03685273171822571,
    0.0396049591033813,
    0.04489905424687204,
    0.045146595768875857,
    0.045313190062761015,
    0.03871557323203722,
    0.053072688148633584,
    0.04935998306273877,
    0.03806155126947234,
    0.04435645637723556,
    0.04471810418438164,
    0.050662187907569996,
    0.041179257605357185,
    0.056184281878813636,
    0.04317728964836344
  ],