{
  "thresholds": [
    0.5,
    0.55,
    0.6,
    0.65,
    0.7
  ],
  "val_dice_by_threshold": {
    "0.50": 0.7967020955621305,
    "0.55": 0.7957480940835131,
    "0.60": 0.7947758741761715,
    "0.65": 0.7938345048226353,
    "0.70": 0.792646667102824
  },
  "best_threshold": 0.5,
  "best_val_dice": 0.7967020955621305
}