{
  "thresholds": [
    0.5,
    0.55,
    0.6,
    0.65,
    0.7
  ],
  "val_dice_by_threshold": {
    "0.50": 0.7296791243516352,
    "0.55": 0.7295840485142557,
    "0.60": 0.7295083313413037,
    "0.65": 0.7294746944608158,
    "0.70": 0.7293643943497006
  },
  "best_threshold": 0.5,
  "best_val_dice": 0.7296791243516352
}