{
  "selected_threshold": 0.5,
  "dice": 0.7849729911668256,
  "hd95_median": 7.0,
  "fnr": 0.0481283422459893,
  "fpr": 0.1172069825436409
}