{
  "train_loss": [
    0.424896331551461,
    0.3076663661016517,
    0.2947035885375479,
    0.27656806612211365,
    0.26836933396656115,
    0.2624530990844009,
    0.25990798564507683,
    0.25503305645137353,
    0.25079396574840374,
    0.2491066379324607,
    0.24177563654027065,
    0.24021252178806235,
    0.23490574390723787,
    0.23290157050028376,
    0.23096668787267075,
    0.22648719977447834,
    0.2271271561910545,
    0.2229949135271863,
    0.22496851118116723,
    0.22155565655660414,
    0.22599552620922786,
    0.2186683668033115,
    0.21836804505856497,
    0.21592967256881307,
    0.21538875787065126,
    0.21554911683971198,
    0.2156099752708711,
    0.21259519237762448,
    0.21222338797538534,
    0.21250606873358924
  ],
  "train_dice": [
    0.6145366449320492,
    0.6940713462725158,
    0.7058370290083451,
    0.7237140558135289,
    0.7318613457396093,
    0.7377331772945438,
    0.7402335208729139,
    0.7451313485479928,
    0.7493283637349719,
    0.7510051949430889,
    0.7583279839578619,
    0.7598812849128393,
    0.7651799528219358,
    0.7671813386830332,
    0.7691421560189831,
    0.7735774935956605,
    0.7729460856768575,
    0.7770890086544384,
    0.7751224029770315,
    0.7784970483831318,
    0.7740737349693796,
    0.7814197033812847,
    0.7816718808851171,
    0.7841285265503225,
    0.7846415708413295,
    0.7844962516188345,
    0.7844300304213861,
    0.7874519101318218,
    0.7878382041025139,
    0.7875567729729912
  ],
  "train_fpr": [
    0.5120328425821065,
    0.44224235560588904,
    0.3057757644394111,
    0.3059173272933182,
    0.2753397508493771,
    0.2385334088335221,
    0.2055492638731597,
    0.22083805209513024,
    0.20979614949037373,
    0.20427519818799547,
    0.17497168742921856,
    0.19889580973952434,
    0.18417327293318234,
    0.1916761041902605,
    0.18742921857304642,
    0.20753114382785956,
    0.20215175537938845,
    0.18502265005662513,
    0.19082672706681766,
    0.20059456398640996,
    0.16676104190260477,
    0.20569082672706682,
    0.19804643261608154,
    0.19889580973952434,
    0.1734144960362401,
    0.14920724801812005,
    0.16336353340883353,
    0.17044167610419025,
    0.16789354473386184,
    0.15444507361268403
  ],
  "train_fnr": [
    0.031859070464767617,
    0.02886056971514243,
    0.05003748125937031,
    0.0472263868065967,
    0.05022488755622189,
    0.051911544227886054,
    0.06859070464767617,
    0.055097451274362816,
    0.06128185907046477,
    0.05772113943028486,
    0.061094452773613195,
    0.05547226386806597,
    0.05266116941529236,
    0.054910044977511244,
    0.05565967016491754,
    0.04760119940029985,
    0.04966266866566717,
    0.05284857571214393,
    0.0537856071964018,
    0.05022488755622189,
    0.06446776611694154,
    0.04985007496251874,
    0.05322338830584707,
    0.04572713643178411,
    0.05266116941529236,
    0.05565967016491754,
    0.05622188905547226,
    0.053598200899550225,
    0.0545352323838081,
    0.0545352323838081
  ],
  "val_loss": [
    0.4033194992021501,
    0.34788476251741046,
    0.38189011661648575,
    0.35086884682812625,
    0.30555275228721424,
    0.3427517835665245,
    0.3719174885820669,
    0.3225367985012627,
    0.3232910179631317,
    0.33784781442885947,
    0.3440641110754651,
    0.3235795014326144,
    0.29490486836893953,
    0.35356744012365016,
    0.3424130755228947,
    0.3209965701974696,
    0.28601411582810743,
    0.29238042151237137,
    0.31723552995415355,
    0.28301708774439116,
    0.28472919565076105,
    0.3095971748874942,
    0.29775978232917955,
    0.29142819497773054,
    0.27504925139768693,
    0.2931316004288321,
    0.27045261310787116,
    0.31561007621915343,
    0.3001945648469684,
    0.29469178220669545
  ],
  "val_dice": [
    0.5970515634381609,
    0.6524347278592557,
    0.618366546397489,
    0.6494194103119809,
    0.6946704928053302,
    0.6573431617725657,
    0.6282282676478574,
    0.6776063356985841,
    0.6768566978123886,
    0.662260161599291,
    0.6560668771945349,
    0.6764430442069385,
    0.7052337974268407,
    0.6465184980004273,
    0.6575935884402375,
    0.6791669404546538,
    0.7140870380504569,
    0.707582345628145,
    0.6828127814786173,
    0.7171756912487799,
    0.7152678728502183,
    0.6904585283100162,
    0.702312463991355,
    0.7085877619074854,
    0.7250962888539657,
    0.7069015658140891,
    0.7296791243516352,
    0.6844694327125754,
    0.699882305117897,
    0.7053819522206266
  ],
  "val_fpr": [
    0.5062713797035348,
    0.3671607753705815,
    0.053591790193842644,
    0.06841505131128849,
    0.12770809578107184,
    0.06385404789053592,
    0.002280501710376283,
    0.059293044469783354,
    0.07639680729760548,
    0.08095781071835804,
    0.011402508551881414,
    0.11516533637400228,
    0.14139110604332952,
    0.028506271379703536,
    0.03876852907639681,
    0.06271379703534778,
    0.1265678449258837,
    0.09007981755986318,
    0.06727480045610035,
    0.09464082098061574,
    0.04903078677309008,
    0.026225769669327253,
    0.04903078677309008,
    0.043329532497149374,
    0.1847206385404789,
    0.07411630558722919,
    0.08665906499429875,
    0.0330672748004561,
    0.04446978335233751,
    0.09464082098061574
  ],
  "val_fnr": [
    0.010401188707280832,
    0.02674591381872214,
    0.21545319465081725,
    0.17979197622585438,
    0.09806835066864784,
    0.1589895988112927,
    0.2362555720653789,
    0.15453194650817237,
    0.150074294205052,
    0.13075780089153047,
    0.18722139673105498,
    0.12184249628528974,
    0.07280832095096583,
    0.2065378900445765,
    0.14710252600297177,
    0.13818722139673106,
    0.07578008915304606,
    0.09658246656760773,
    0.13670133729569092,
    0.09806835066864784,
    0.10846953937592868,
    0.13967310549777118,
    0.1263001485884101,
    0.11144130757800892,
    0.03268945022288262,
    0.11441307578008915,
    0.08320950965824665,
    0.14413075780089152,
    0.1337295690936107,
    0.11589895988112928
  ],
  "train_dice_loss": [
    0.424896331551461,
    0.3076663661016517,
    0.2947035885375479,
    0.27656806612211365,
    0.26836933396656115,
    0.2624530990844009,
    0.25990798564507683,
    0.25503305645137353,
    0.25079396574840374,
    0.2491066379324607,
    0.24177563654027065,
    0.24021252178806235,
    0.23490574390723787,
    0.23290157050028376,
    0.23096668787267075,
    0.22648719977447834,
    0.2271271561910545,
    0.2229949135271863,
    0.22496851118116723,
    0.22155565655660414,
    0.22599552620922786,
    0.2186683668033115,
    0.21836804505856497,
    0.21592967256881307,
    0.21538875787065126,
    0.21554911683971198,
    0.2156099752708711,
    0.21259519237762448,
    0.21222338797538534,
    0.21250606873358924
  ],
  "val_dice_loss": [
    0.4033194992021501,
    0.34788476251741046,
    0.38189011661648575,
    0.35086884682812625,
    0.30555275228721424,
    0.3427517835665245,
    0.3719174885820669,
    0.3225367985012627,
    0.3232910179631317,
    0.33784781442885947,
    0.3440641110754651,
    0.3235795014326144,
    0.29490486836893953,
    0.35356744012365016,
    0.3424130755228947,
    0.3209965701974696,
    0.28601411582810743,
    0.29238042151237137,
    0.31723552995415355,
    0.28301708774439116,
    0.28472919565076105,
    0.3095971748874942,
    0.29775978232917955,
    0.29142819497773054,
    0.27504925139768693,
    0.2931316004288321,
    0.27045261310787116,
    0.31561007621915343,
    0.3001945648469684,
    0.29469178220669545
  ]
}