{
  "dice": 0.7849729911668256,
  "hd95_mean": 14.779738426208496,
  "hd95_median": 7.0,
  "hd95_count": 712,
  "fpr": 0.1172069825436409,
  "fnr": 0.0481283422459893
}